2026-05-13 18:21:20,153 [INFO] root consoleworker.py:434	Log file created
2026-05-13 18:21:20,153 [INFO] root consoleworker.py:438	Logging handler <logging.FileHandler object at 0x7185725d5c50> added
2026-05-13 18:21:20,153 [INFO] root consoleworker.py:438	Logging handler <logging.StreamHandler object at 0x71857261c890> added
2026-05-13 18:21:20,153 [INFO] root consoleworker.py:438	Logging handler <logging.StreamHandler object at 0x7185725c1a90> added
2026-05-13 18:21:20,154 [INFO] root consoleworker.py:373	Created a folder for the test. /var/loadtest/logs/2026-05-13_18-21-20.124560
2026-05-13 18:21:20,154 [INFO] yandextank.core.tankcore tankcore.py:237	Configuring plugins...
2026-05-13 18:21:20,154 [INFO] yandextank.core.tankcore tankcore.py:190	Loading plugins...
2026-05-13 18:21:20,154 [DEBUG] yandextank.core.tankcore tankcore.py:192	Loading plugin phantom from yandextank.plugins.Phantom
2026-05-13 18:21:20,154 [DEBUG] yandextank.core.tankcore tankcore.py:192	Loading plugin rcheck from yandextank.plugins.ResourceCheck
2026-05-13 18:21:20,154 [DEBUG] yandextank.core.tankcore tankcore.py:192	Loading plugin json_report from yandextank.plugins.JsonReport
2026-05-13 18:21:20,154 [DEBUG] yandextank.core.tankcore tankcore.py:192	Loading plugin rcassert from yandextank.plugins.RCAssert
2026-05-13 18:21:20,154 [DEBUG] yandextank.core.tankcore tankcore.py:192	Loading plugin console from yandextank.plugins.Console
2026-05-13 18:21:20,155 [DEBUG] yandextank.core.tankcore tankcore.py:192	Loading plugin shellexec from yandextank.plugins.ShellExec
2026-05-13 18:21:20,155 [DEBUG] yandextank.core.tankcore tankcore.py:192	Loading plugin autostop from yandextank.plugins.Autostop
2026-05-13 18:21:20,155 [DEBUG] yandextank.core.tankcore tankcore.py:212	Plugin instances: {'plugin_phantom': <yandextank.plugins.Phantom.plugin.Plugin object at 0x718572318290>, 'plugin_autostop': <yandextank.plugins.Autostop.plugin.Plugin object at 0x718572318990>, 'plugin_shellexec': <yandextank.plugins.ShellExec.plugin.Plugin object at 0x718572318110>, 'plugin_console': <yandextank.plugins.Console.plugin.Plugin object at 0x7185723185d0>, 'plugin_rcassert': <yandextank.plugins.RCAssert.plugin.Plugin object at 0x7185723189d0>, 'plugin_rcheck': <yandextank.plugins.ResourceCheck.plugin.Plugin object at 0x718572318890>, 'plugin_json_report': <yandextank.plugins.JsonReport.plugin.Plugin object at 0x71857263ba50>}
2026-05-13 18:21:20,155 [DEBUG] yandextank.core.tankcore tankcore.py:244	Configuring <yandextank.plugins.Phantom.plugin.Plugin object at 0x718572318290>
2026-05-13 18:21:20,155 [DEBUG] yandextank.core.tankcore tankcore.py:391	Searching for plugin: <class 'yandextank.plugins.Autostop.plugin.Plugin'>
2026-05-13 18:21:20,156 [DEBUG] yandextank.core.tankcore tankcore.py:446	Adding artifact file to collect (keep=False): /var/loadtest/logs/2026-05-13_18-21-20.124560/answ_XIuTDY.log
2026-05-13 18:21:20,156 [DEBUG] yandextank.core.tankcore tankcore.py:446	Adding artifact file to collect (keep=False): /var/loadtest/logs/2026-05-13_18-21-20.124560/phout_3GH00Z.log
2026-05-13 18:21:20,156 [DEBUG] yandextank.core.tankcore tankcore.py:446	Adding artifact file to collect (keep=False): /var/loadtest/logs/2026-05-13_18-21-20.124560/phantom_stat_tNj_To.log
2026-05-13 18:21:20,156 [DEBUG] yandextank.core.tankcore tankcore.py:446	Adding artifact file to collect (keep=False): /var/loadtest/logs/2026-05-13_18-21-20.124560/phantom_ei4vWv.log
2026-05-13 18:21:20,156 [DEBUG] yandextank.common.util util.py:479	Trying to resolve address string: 127.0.0.1:8080
2026-05-13 18:21:20,157 [DEBUG] yandextank.common.util util.py:516	Parsing port
2026-05-13 18:21:20,157 [DEBUG] yandextank.common.util util.py:527	Lookup result: [(2, 1, 6, '', ('127.0.0.1', 8080)), (2, 2, 17, '', ('127.0.0.1', 8080)), (2, 3, 0, '', ('127.0.0.1', 8080))]
2026-05-13 18:21:20,157 [INFO] yandextank.common.util util.py:546	Testing connection to resolved address 127.0.0.1 and port 8080
2026-05-13 18:21:20,158 [INFO] yandextank.plugins.Phantom.utils utils.py:278	Resolved 127.0.0.1 into 127.0.0.1:8080
2026-05-13 18:21:20,158 [INFO] yandextank.stepper.main main.py:161	Configuring StepperWrapper...
2026-05-13 18:21:20,158 [DEBUG] yandextank.stepper.main main.py:140	Option ammofile = /var/loadtest/ammo.txt
2026-05-13 18:21:20,158 [DEBUG] yandextank.stepper.main main.py:140	Option ammo_type = uri
2026-05-13 18:21:20,158 [DEBUG] yandextank.stepper.main main.py:140	Option loop = -1
2026-05-13 18:21:20,158 [DEBUG] yandextank.stepper.main main.py:140	Option ammo_limit = -1
2026-05-13 18:21:20,158 [DEBUG] yandextank.stepper.main main.py:140	Option load_profile = {'load_type': 'rps', 'schedule': 'line(5, 30, 1m)'}
2026-05-13 18:21:20,158 [DEBUG] yandextank.stepper.main main.py:140	Option instances = 1000
2026-05-13 18:21:20,158 [DEBUG] yandextank.stepper.main main.py:140	Option uris = []
2026-05-13 18:21:20,158 [DEBUG] yandextank.stepper.main main.py:140	Option headers = []
2026-05-13 18:21:20,158 [DEBUG] yandextank.stepper.main main.py:140	Option header_http = 1.0
2026-05-13 18:21:20,158 [DEBUG] yandextank.stepper.main main.py:140	Option autocases = 0
2026-05-13 18:21:20,158 [DEBUG] yandextank.stepper.main main.py:140	Option enum_ammo = False
2026-05-13 18:21:20,159 [DEBUG] yandextank.stepper.main main.py:140	Option use_caching = True
2026-05-13 18:21:20,159 [DEBUG] yandextank.stepper.main main.py:140	Option file_cache = 8192
2026-05-13 18:21:20,159 [DEBUG] yandextank.stepper.main main.py:140	Option cache_dir = None
2026-05-13 18:21:20,159 [DEBUG] yandextank.stepper.main main.py:140	Option force_stepping = 0
2026-05-13 18:21:20,159 [DEBUG] yandextank.stepper.main main.py:140	Option load_profile = {'load_type': 'rps', 'schedule': 'line(5, 30, 1m)'}
2026-05-13 18:21:20,159 [DEBUG] yandextank.stepper.main main.py:140	Option chosen_cases = 
2026-05-13 18:21:20,159 [DEBUG] yandextank.stepper.main main.py:269	stpd-hash source: cache version 6|line(5, 30, 1m)|-1|-1|line(5, 30, 1m)|0|||1.0||False|uri|/var/loadtest/ammo.txt;33204;1310723;64769;1;1000;1000;124;1778695680.29
2026-05-13 18:21:20,159 [DEBUG] yandextank.stepper.main main.py:278	Generated cache file name: /var/loadtest/logs/ammo.txt_16b84c19c228cac0a7ca30c39a9cf7b7.stpd
2026-05-13 18:21:20,159 [INFO] yandextank.stepper.main main.py:300	Making stpd-file: /var/loadtest/logs/ammo.txt_16b84c19c228cac0a7ca30c39a9cf7b7.stpd
2026-05-13 18:21:20,159 [DEBUG] yandextank.stepper.info info.py:43	Published 1000 to instances
2026-05-13 18:21:20,159 [DEBUG] yandextank.stepper.info info.py:43	Published ['line(5, 30, 1m)'] to loadscheme
2026-05-13 18:21:20,160 [DEBUG] yandextank.stepper.info info.py:43	Published 60 to duration
2026-05-13 18:21:20,160 [DEBUG] yandextank.stepper.info info.py:43	Published [(5.0, 2), (6.0, 2), (7.0, 2), (8.0, 3), (9.0, 2), (10.0, 3), (11.0, 2), (12.0, 2), (13.0, 3), (14.0, 2), (15.0, 3), (16.0, 2), (17.0, 2), (18.0, 3), (19.0, 2), (20.0, 3), (21.0, 2), (22.0, 2), (23.0, 3), (24.0, 2), (25.0, 3), (26.0, 2), (27.0, 2), (28.0, 3), (29.0, 2), (30.0, 2)] to steps
2026-05-13 18:21:20,160 [INFO] yandextank.stepper.missile missile.py:266	Loading ammo from '/var/loadtest/ammo.txt' using URI format.
2026-05-13 18:21:20,160 [INFO] yandextank.stepper.config config.py:123	Using UriReader ammo reader
2026-05-13 18:21:20,161 [DEBUG] netort.resource resource.py:134	Resource /var/loadtest/ammo.txt format detected: None.
2026-05-13 18:21:20,188 [DEBUG] yandextank.stepper.main main.py:294	Saving stepper info: /var/loadtest/logs/ammo.txt_16b84c19c228cac0a7ca30c39a9cf7b7.stpd_si.json
2026-05-13 18:21:20,188 [DEBUG] yandextank.core.tankcore tankcore.py:446	Adding artifact file to collect (keep=False): /var/loadtest/logs/2026-05-13_18-21-20.124560/phantom_76OP0K.conf
2026-05-13 18:21:20,188 [DEBUG] yandextank.plugins.Phantom.utils utils.py:128	Generating phantom config: /var/loadtest/logs/2026-05-13_18-21-20.124560/phantom_76OP0K.conf
2026-05-13 18:21:20,189 [DEBUG] yandextank.core.tankcore tankcore.py:244	Configuring <yandextank.plugins.Autostop.plugin.Plugin object at 0x718572318990>
2026-05-13 18:21:20,189 [DEBUG] yandextank.core.tankcore tankcore.py:391	Searching for plugin: <class 'yandextank.common.interfaces.GeneratorPlugin'>
2026-05-13 18:21:20,194 [DEBUG] yandextank.core.tankcore tankcore.py:244	Configuring <yandextank.plugins.ShellExec.plugin.Plugin object at 0x718572318110>
2026-05-13 18:21:20,194 [DEBUG] yandextank.core.tankcore tankcore.py:244	Configuring <yandextank.plugins.Console.plugin.Plugin object at 0x7185723185d0>
2026-05-13 18:21:20,195 [DEBUG] yandextank.core.tankcore tankcore.py:244	Configuring <yandextank.plugins.RCAssert.plugin.Plugin object at 0x7185723189d0>
2026-05-13 18:21:20,195 [DEBUG] yandextank.core.tankcore tankcore.py:244	Configuring <yandextank.plugins.ResourceCheck.plugin.Plugin object at 0x718572318890>
2026-05-13 18:21:20,195 [DEBUG] yandextank.core.tankcore tankcore.py:244	Configuring <yandextank.plugins.JsonReport.plugin.Plugin object at 0x71857263ba50>
2026-05-13 18:21:20,195 [INFO] yandextank.core.tankcore tankcore.py:249	Preparing test...
2026-05-13 18:21:20,195 [DEBUG] yandextank.core.tankcore tankcore.py:253	Preparing <yandextank.plugins.Phantom.plugin.Plugin object at 0x718572318290>
2026-05-13 18:21:20,195 [DEBUG] netort.process process.py:23	Starting: ['phantom', 'check', '/var/loadtest/logs/2026-05-13_18-21-20.124560/phantom_76OP0K.conf']
2026-05-13 18:21:20,202 [DEBUG] netort.process process.py:46	Process output:
setup_t module_setup = setup_module_t {
  dir = "/usr/lib/phantom"
  list = {
    io_monitor
    io_benchmark
    io_benchmark_method_stream
    io_benchmark_method_stream_ipv4
    io_benchmark_method_stream_ipv6
    io_benchmark_method_stream_source_log
    io_benchmark_method_stream_proto_none
    io_benchmark_method_stream_proto_http
  }
}
setup_t stat_setup = setup_stat_t {
  list = {
    default
  }
}
scheduler_t main_scheduler = scheduler_simple_t {
  threads = 2
  limit = unlimited
  event_buf_size = 20
  timeout_prec = 001
  tname = ""
  policy = other
  priority = 0
}
logger_t phantom_logger = logger_file_t {
  level = info
  filename = "/var/loadtest/logs/2026-05-13_18-21-20.124560/phantom_ei4vWv.log"
  check_interval = 1s
  scheduler = main_scheduler
}
logger = phantom_logger
io_t benchmark_io = io_benchmark_t {
  instances = 1000
  method_t stream_method = method_stream_ipv4_t {
    address = 127.0.0.1
    port = 8080
    bind = {
    }
    cork = true
    timeout = 11s
    ibuf_size = 4K
    obuf_size = 1K
    source_t source_log = source_log_t {
      filename = "/var/loadtest/logs/ammo.txt_16b84c19c228cac0a7ca30c39a9cf7b7.stpd"
      ibuf_size = 1M
    }
    source = source_log
    transport = NULL
    proto_t http_proto0 = proto_http_t {
      reply_limits = {
        line = 1K
        field_num = 128
        field = 8K
        entity = 8M
      }
    }
    proto_t none_proto = proto_none_t {
    }
    proto = http_proto0
    logger_t benchmark_logger = logger_default_t {
      filename = "/var/loadtest/logs/2026-05-13_18-21-20.124560/answ_XIuTDY.log"
      check_interval = 1s
      scheduler = main_scheduler
      level = all
    }
    logger_t brief_logger = logger_brief_t {
      time_format = unix
      filename = "/var/loadtest/logs/2026-05-13_18-21-20.124560/phout_3GH00Z.log"
      check_interval = 1s
      scheduler = main_scheduler
      level = all
    }
    loggers = {
      brief_logger
    }
  }
  method = stream_method
  times_t simple_times = times_simple_t {
    max = 11s
    min = 001
    steps = 20
  }
  times = simple_times
  scheduler = main_scheduler
}
io_t monitor_io = io_monitor_t {
  clear = true
  period = 1s
  list = {
    main_scheduler
    benchmark_io
  }
  stat_id = default
  filename = "/var/loadtest/logs/2026-05-13_18-21-20.124560/phantom_stat_tNj_To.log"
  check_interval = 1s
  scheduler = main_scheduler
}

2026-05-13 18:21:20,202 [DEBUG] netort.process process.py:48	Process exit code: 0
2026-05-13 18:21:20,202 [DEBUG] yandextank.plugins.Phantom.plugin plugin.py:116	Linking sample reader to aggregator. Reading samples from /var/loadtest/logs/2026-05-13_18-21-20.124560/phout_3GH00Z.log
2026-05-13 18:21:20,202 [DEBUG] yandextank.plugins.Phantom.plugin plugin.py:120	Linking stats reader to aggregator. Reading stats from /var/loadtest/logs/2026-05-13_18-21-20.124560/phantom_stat_tNj_To.log
2026-05-13 18:21:20,202 [DEBUG] yandextank.plugins.Phantom.utils utils.py:158	Steps: [(5.0, 2), (6.0, 2), (7.0, 2), (8.0, 3), (9.0, 2), (10.0, 3), (11.0, 2), (12.0, 2), (13.0, 3), (14.0, 2), (15.0, 3), (16.0, 2), (17.0, 2), (18.0, 3), (19.0, 2), (20.0, 3), (21.0, 2), (22.0, 2), (23.0, 3), (24.0, 2), (25.0, 3), (26.0, 2), (27.0, 2), (28.0, 3), (29.0, 2), (30.0, 2)]
2026-05-13 18:21:20,202 [DEBUG] yandextank.core.tankcore tankcore.py:391	Searching for plugin: <class 'yandextank.plugins.Console.plugin.Plugin'>
2026-05-13 18:21:20,203 [DEBUG] yandextank.plugins.Phantom.utils utils.py:158	Steps: [(5.0, 2), (6.0, 2), (7.0, 2), (8.0, 3), (9.0, 2), (10.0, 3), (11.0, 2), (12.0, 2), (13.0, 3), (14.0, 2), (15.0, 3), (16.0, 2), (17.0, 2), (18.0, 3), (19.0, 2), (20.0, 3), (21.0, 2), (22.0, 2), (23.0, 3), (24.0, 2), (25.0, 3), (26.0, 2), (27.0, 2), (28.0, 3), (29.0, 2), (30.0, 2)]
2026-05-13 18:21:20,203 [DEBUG] yandextank.core.tankcore tankcore.py:253	Preparing <yandextank.plugins.Autostop.plugin.Plugin object at 0x718572318990>
2026-05-13 18:21:20,203 [DEBUG] yandextank.common.interfaces plugin.py:74	Criterion string: http(5xx,10%,5s)
2026-05-13 18:21:20,203 [DEBUG] yandextank.common.interfaces plugin.py:78	Criterion objects: {'http(5xx,10%,5s)': <yandextank.plugins.Autostop.criterions.HTTPCodesCriterion object at 0x7185722b9310>}
2026-05-13 18:21:20,203 [DEBUG] yandextank.core.tankcore tankcore.py:391	Searching for plugin: <class 'yandextank.plugins.Console.plugin.Plugin'>
2026-05-13 18:21:20,203 [DEBUG] yandextank.core.tankcore tankcore.py:253	Preparing <yandextank.plugins.ShellExec.plugin.Plugin object at 0x718572318110>
2026-05-13 18:21:20,203 [DEBUG] yandextank.core.tankcore tankcore.py:253	Preparing <yandextank.plugins.Console.plugin.Plugin object at 0x7185723185d0>
2026-05-13 18:21:20,203 [DEBUG] yandextank.core.tankcore tankcore.py:253	Preparing <yandextank.plugins.RCAssert.plugin.Plugin object at 0x7185723189d0>
2026-05-13 18:21:20,203 [DEBUG] yandextank.core.tankcore tankcore.py:253	Preparing <yandextank.plugins.ResourceCheck.plugin.Plugin object at 0x718572318890>
2026-05-13 18:21:20,203 [INFO] yandextank.common.interfaces plugin.py:39	Checking tank resources...
2026-05-13 18:21:20,203 [DEBUG] netort.process process.py:23	Starting: sh -c "df --no-sync -m -P -l -x fuse -x tmpfs -x devtmpfs -x davfs -x nfs /var/loadtest/logs | tail -n 1 | awk '{print \$4}' "
2026-05-13 18:21:20,213 [DEBUG] netort.process process.py:46	Process output:
3023

2026-05-13 18:21:20,213 [DEBUG] netort.process process.py:48	Process exit code: 0
2026-05-13 18:21:20,213 [DEBUG] root plugin.py:58	Result: (0, '3023\n', '')
2026-05-13 18:21:20,213 [DEBUG] yandextank.common.interfaces plugin.py:64	Disk free space: 3023/2048
2026-05-13 18:21:20,213 [DEBUG] yandextank.common.interfaces plugin.py:75	Memory free: 1483/512
2026-05-13 18:21:20,213 [DEBUG] yandextank.core.tankcore tankcore.py:253	Preparing <yandextank.plugins.JsonReport.plugin.Plugin object at 0x71857263ba50>
2026-05-13 18:21:20,213 [INFO] yandextank.core.tankcore tankcore.py:259	Starting test...
2026-05-13 18:21:20,214 [DEBUG] yandextank.plugins.Phantom.utils utils.py:158	Steps: [(5.0, 2), (6.0, 2), (7.0, 2), (8.0, 3), (9.0, 2), (10.0, 3), (11.0, 2), (12.0, 2), (13.0, 3), (14.0, 2), (15.0, 3), (16.0, 2), (17.0, 2), (18.0, 3), (19.0, 2), (20.0, 3), (21.0, 2), (22.0, 2), (23.0, 3), (24.0, 2), (25.0, 3), (26.0, 2), (27.0, 2), (28.0, 3), (29.0, 2), (30.0, 2)]
2026-05-13 18:21:20,214 [INFO] yandextank.aggregator.tank_aggregator tank_aggregator.py:63	using verbose histogram
2026-05-13 18:21:20,215 [DEBUG] yandextank.core.tankcore tankcore.py:263	Starting <yandextank.plugins.Phantom.plugin.Plugin object at 0x718572318290>
2026-05-13 18:21:20,215 [DEBUG] yandextank.plugins.Phantom.plugin plugin.py:144	Starting phantom with arguments: ['phantom', 'run', '/var/loadtest/logs/2026-05-13_18-21-20.124560/phantom_76OP0K.conf']
2026-05-13 18:21:20,216 [DEBUG] yandextank.core.tankcore tankcore.py:446	Adding artifact file to collect (keep=False): /var/loadtest/logs/2026-05-13_18-21-20.124560/phantom_stdout_stderr_lC30QI.log
2026-05-13 18:21:20,219 [INFO] yandextank.core.tankcore tankcore.py:267	Plugin <yandextank.plugins.Phantom.plugin.Plugin object at 0x718572318290> required 0.003346 seconds to start
2026-05-13 18:21:20,220 [DEBUG] yandextank.core.tankcore tankcore.py:263	Starting <yandextank.plugins.Autostop.plugin.Plugin object at 0x718572318990>
2026-05-13 18:21:20,220 [INFO] yandextank.core.tankcore tankcore.py:267	Plugin <yandextank.plugins.Autostop.plugin.Plugin object at 0x718572318990> required 0.000011 seconds to start
2026-05-13 18:21:20,220 [DEBUG] yandextank.core.tankcore tankcore.py:263	Starting <yandextank.plugins.ShellExec.plugin.Plugin object at 0x718572318110>
2026-05-13 18:21:20,220 [INFO] yandextank.core.tankcore tankcore.py:267	Plugin <yandextank.plugins.ShellExec.plugin.Plugin object at 0x718572318110> required 0.000006 seconds to start
2026-05-13 18:21:20,221 [DEBUG] yandextank.core.tankcore tankcore.py:263	Starting <yandextank.plugins.Console.plugin.Plugin object at 0x7185723185d0>
2026-05-13 18:21:20,221 [INFO] yandextank.core.tankcore tankcore.py:267	Plugin <yandextank.plugins.Console.plugin.Plugin object at 0x7185723185d0> required 0.000002 seconds to start
2026-05-13 18:21:20,221 [DEBUG] yandextank.core.tankcore tankcore.py:263	Starting <yandextank.plugins.RCAssert.plugin.Plugin object at 0x7185723189d0>
2026-05-13 18:21:20,221 [INFO] yandextank.core.tankcore tankcore.py:267	Plugin <yandextank.plugins.RCAssert.plugin.Plugin object at 0x7185723189d0> required 0.000003 seconds to start
2026-05-13 18:21:20,222 [DEBUG] yandextank.core.tankcore tankcore.py:263	Starting <yandextank.plugins.ResourceCheck.plugin.Plugin object at 0x718572318890>
2026-05-13 18:21:20,222 [INFO] yandextank.core.tankcore tankcore.py:267	Plugin <yandextank.plugins.ResourceCheck.plugin.Plugin object at 0x718572318890> required 0.000003 seconds to start
2026-05-13 18:21:20,222 [DEBUG] yandextank.core.tankcore tankcore.py:263	Starting <yandextank.plugins.JsonReport.plugin.Plugin object at 0x71857263ba50>
2026-05-13 18:21:20,222 [INFO] yandextank.core.tankcore tankcore.py:267	Plugin <yandextank.plugins.JsonReport.plugin.Plugin object at 0x71857263ba50> required 0.000001 seconds to start
2026-05-13 18:21:20,223 [INFO] yandextank.core.tankcore tankcore.py:274	Waiting for test to finish...
2026-05-13 18:21:20,223 [INFO] yandextank.core.tankcore tankcore.py:275	Artifacts dir: /var/loadtest/logs/2026-05-13_18-21-20.124560
2026-05-13 18:21:20,224 [DEBUG] yandextank.aggregator.tank_aggregator tank_aggregator.py:87	Data timestamps: []
2026-05-13 18:21:20,224 [DEBUG] yandextank.aggregator.tank_aggregator tank_aggregator.py:88	Stats timestamps: []
2026-05-13 18:21:20,224 [DEBUG] yandextank.core.tankcore tankcore.py:286	Polling <yandextank.plugins.Phantom.plugin.Plugin object at 0x718572318290>
2026-05-13 18:21:20,224 [DEBUG] yandextank.common.interfaces interfaces.py:101	Publishing status: Plugin/eta: 60
2026-05-13 18:21:20,224 [DEBUG] yandextank.core.tankcore tankcore.py:286	Polling <yandextank.plugins.Autostop.plugin.Plugin object at 0x718572318990>
2026-05-13 18:21:20,224 [DEBUG] yandextank.core.tankcore tankcore.py:286	Polling <yandextank.plugins.ShellExec.plugin.Plugin object at 0x718572318110>
2026-05-13 18:21:20,224 [DEBUG] yandextank.core.tankcore tankcore.py:286	Polling <yandextank.plugins.Console.plugin.Plugin object at 0x7185723185d0>
2026-05-13 18:21:20,228 [DEBUG] yandextank.plugins.Console.screen screen.py:389	Terminal size: 120x30
2026-05-13 18:21:20,228 [DEBUG] yandextank.plugins.Console.screen screen.py:401	Left/right panels width: 78/37
2026-05-13 18:21:20,228 [DEBUG] yandextank.plugins.Console.screen screen.py:406	There are 3 info widgets
2026-05-13 18:21:20,228 [DEBUG] yandextank.plugins.Console.screen screen.py:410	Rendering info widget #0: <yandextank.plugins.Phantom.widget.PhantomProgressBarWidget object at 0x7185722b9150>
2026-05-13 18:21:20,228 [DEBUG] yandextank.plugins.Console.screen screen.py:410	Rendering info widget #2: <yandextank.plugins.Phantom.widget.PhantomInfoWidget object at 0x7185722b9190>
2026-05-13 18:21:20,228 [DEBUG] yandextank.plugins.Console.screen screen.py:410	Rendering info widget #25: <yandextank.plugins.Autostop.plugin.AutostopWidget object at 0x7185722b9290>
2026-05-13 18:21:20,228 [DEBUG] yandextank.plugins.Console.screen screen.py:367	Rendering left blocks
2026-05-13 18:21:20,229 [DEBUG] yandextank.plugins.Console.screen screen.py:418	Composing final screen output
2026-05-13 18:21:20,229 [DEBUG] yandextank.core.tankcore tankcore.py:286	Polling <yandextank.plugins.RCAssert.plugin.Plugin object at 0x7185723189d0>
2026-05-13 18:21:20,229 [DEBUG] yandextank.core.tankcore tankcore.py:286	Polling <yandextank.plugins.ResourceCheck.plugin.Plugin object at 0x718572318890>
2026-05-13 18:21:20,229 [DEBUG] yandextank.common.interfaces plugin.py:44	Checking tank resources...
2026-05-13 18:21:20,229 [DEBUG] netort.process process.py:23	Starting: sh -c "df --no-sync -m -P -l -x fuse -x tmpfs -x devtmpfs -x davfs -x nfs /var/loadtest/logs | tail -n 1 | awk '{print \$4}' "
2026-05-13 18:21:20,231 [DEBUG] yandextank.plugins.Console.plugin plugin.py:73	Writing console view to STDOUT
2026-05-13 18:21:20,239 [DEBUG] netort.process process.py:46	Process output:
3023

2026-05-13 18:21:20,239 [DEBUG] netort.process process.py:48	Process exit code: 0
2026-05-13 18:21:20,239 [DEBUG] root plugin.py:58	Result: (0, '3023\n', '')
2026-05-13 18:21:20,239 [DEBUG] yandextank.common.interfaces plugin.py:64	Disk free space: 3023/2048
2026-05-13 18:21:20,239 [DEBUG] yandextank.common.interfaces plugin.py:75	Memory free: 1481/512
2026-05-13 18:21:20,239 [DEBUG] yandextank.core.tankcore tankcore.py:286	Polling <yandextank.plugins.JsonReport.plugin.Plugin object at 0x71857263ba50>
2026-05-13 18:21:20,239 [DEBUG] yandextank.core.tankcore tankcore.py:292	Polling took 0.0159780979156
2026-05-13 18:21:20,240 [DEBUG] yandextank.core.tankcore tankcore.py:293	Tank status: {"core": {"stage": "shoot"}, "stepper": {"progress": 100, "loop_count": 349, "speed": "40 Krps"}, "Plugin": {"eta": 60}}
2026-05-13 18:21:20,724 [DEBUG] yandextank.aggregator.tank_aggregator tank_aggregator.py:87	Data timestamps: []
2026-05-13 18:21:20,725 [DEBUG] yandextank.aggregator.tank_aggregator tank_aggregator.py:88	Stats timestamps: []
2026-05-13 18:21:20,725 [DEBUG] yandextank.core.tankcore tankcore.py:286	Polling <yandextank.plugins.Phantom.plugin.Plugin object at 0x718572318290>
2026-05-13 18:21:20,725 [DEBUG] yandextank.common.interfaces interfaces.py:101	Publishing status: Plugin/eta: 60
2026-05-13 18:21:20,725 [DEBUG] yandextank.core.tankcore tankcore.py:286	Polling <yandextank.plugins.Autostop.plugin.Plugin object at 0x718572318990>
2026-05-13 18:21:20,725 [DEBUG] yandextank.core.tankcore tankcore.py:286	Polling <yandextank.plugins.ShellExec.plugin.Plugin object at 0x718572318110>
2026-05-13 18:21:20,725 [DEBUG] yandextank.core.tankcore tankcore.py:286	Polling <yandextank.plugins.Console.plugin.Plugin object at 0x7185723185d0>
2026-05-13 18:21:20,725 [DEBUG] yandextank.plugins.Console.screen screen.py:389	Terminal size: 120x30
2026-05-13 18:21:20,725 [DEBUG] yandextank.plugins.Console.screen screen.py:401	Left/right panels width: 78/37
2026-05-13 18:21:20,725 [DEBUG] yandextank.plugins.Console.screen screen.py:406	There are 3 info widgets
2026-05-13 18:21:20,725 [DEBUG] yandextank.plugins.Console.screen screen.py:410	Rendering info widget #0: <yandextank.plugins.Phantom.widget.PhantomProgressBarWidget object at 0x7185722b9150>
2026-05-13 18:21:20,725 [DEBUG] yandextank.plugins.Console.screen screen.py:410	Rendering info widget #2: <yandextank.plugins.Phantom.widget.PhantomInfoWidget object at 0x7185722b9190>
2026-05-13 18:21:20,725 [DEBUG] yandextank.plugins.Console.screen screen.py:410	Rendering info widget #25: <yandextank.plugins.Autostop.plugin.AutostopWidget object at 0x7185722b9290>
2026-05-13 18:21:20,725 [DEBUG] yandextank.plugins.Console.screen screen.py:367	Rendering left blocks
2026-05-13 18:21:20,726 [DEBUG] yandextank.plugins.Console.screen screen.py:418	Composing final screen output
2026-05-13 18:21:20,726 [DEBUG] yandextank.core.tankcore tankcore.py:286	Polling <yandextank.plugins.RCAssert.plugin.Plugin object at 0x7185723189d0>
2026-05-13 18:21:20,726 [DEBUG] yandextank.core.tankcore tankcore.py:286	Polling <yandextank.plugins.ResourceCheck.plugin.Plugin object at 0x718572318890>
2026-05-13 18:21:20,726 [DEBUG] yandextank.plugins.Console.plugin plugin.py:73	Writing console view to STDOUT
2026-05-13 18:21:20,726 [DEBUG] yandextank.common.interfaces plugin.py:44	Checking tank resources...
2026-05-13 18:21:20,726 [DEBUG] yandextank.core.tankcore tankcore.py:286	Polling <yandextank.plugins.JsonReport.plugin.Plugin object at 0x71857263ba50>
2026-05-13 18:21:20,726 [DEBUG] yandextank.core.tankcore tankcore.py:292	Polling took 0.00203704833984
2026-05-13 18:21:20,727 [DEBUG] yandextank.core.tankcore tankcore.py:293	Tank status: {"core": {"stage": "shoot"}, "stepper": {"progress": 100, "loop_count": 349, "speed": "40 Krps"}, "Plugin": {"eta": 60}}
2026-05-13 18:21:21,226 [DEBUG] yandextank.aggregator.tank_aggregator tank_aggregator.py:87	Data timestamps: []
2026-05-13 18:21:21,229 [DEBUG] yandextank.aggregator.tank_aggregator tank_aggregator.py:88	Stats timestamps: []
2026-05-13 18:21:21,229 [DEBUG] yandextank.plugins.Phantom.reader reader.py:62	Chunk decode time: 12.61ms
2026-05-13 18:21:21,229 [DEBUG] yandextank.core.tankcore tankcore.py:286	Polling <yandextank.plugins.Phantom.plugin.Plugin object at 0x718572318290>
2026-05-13 18:21:21,232 [DEBUG] yandextank.common.interfaces interfaces.py:101	Publishing status: Plugin/eta: 59
2026-05-13 18:21:21,234 [DEBUG] yandextank.core.tankcore tankcore.py:286	Polling <yandextank.plugins.Autostop.plugin.Plugin object at 0x718572318990>
2026-05-13 18:21:21,234 [DEBUG] yandextank.core.tankcore tankcore.py:286	Polling <yandextank.plugins.ShellExec.plugin.Plugin object at 0x718572318110>
2026-05-13 18:21:21,234 [DEBUG] yandextank.core.tankcore tankcore.py:286	Polling <yandextank.plugins.Console.plugin.Plugin object at 0x7185723185d0>
2026-05-13 18:21:21,234 [DEBUG] yandextank.plugins.Console.screen screen.py:389	Terminal size: 120x30
2026-05-13 18:21:21,234 [DEBUG] yandextank.plugins.Console.screen screen.py:401	Left/right panels width: 78/37
2026-05-13 18:21:21,235 [DEBUG] yandextank.plugins.Console.screen screen.py:406	There are 3 info widgets
2026-05-13 18:21:21,235 [DEBUG] yandextank.plugins.Console.screen screen.py:410	Rendering info widget #0: <yandextank.plugins.Phantom.widget.PhantomProgressBarWidget object at 0x7185722b9150>
2026-05-13 18:21:21,235 [DEBUG] yandextank.plugins.Console.screen screen.py:410	Rendering info widget #2: <yandextank.plugins.Phantom.widget.PhantomInfoWidget object at 0x7185722b9190>
2026-05-13 18:21:21,235 [DEBUG] yandextank.plugins.Console.screen screen.py:410	Rendering info widget #25: <yandextank.plugins.Autostop.plugin.AutostopWidget object at 0x7185722b9290>
2026-05-13 18:21:21,235 [DEBUG] yandextank.plugins.Console.screen screen.py:367	Rendering left blocks
2026-05-13 18:21:21,235 [DEBUG] yandextank.plugins.Console.screen screen.py:418	Composing final screen output
2026-05-13 18:21:21,235 [DEBUG] yandextank.plugins.Console.plugin plugin.py:73	Writing console view to STDOUT
2026-05-13 18:21:21,235 [DEBUG] yandextank.core.tankcore tankcore.py:286	Polling <yandextank.plugins.RCAssert.plugin.Plugin object at 0x7185723189d0>
2026-05-13 18:21:21,236 [DEBUG] yandextank.core.tankcore tankcore.py:286	Polling <yandextank.plugins.ResourceCheck.plugin.Plugin object at 0x718572318890>
2026-05-13 18:21:21,236 [DEBUG] yandextank.common.interfaces plugin.py:44	Checking tank resources...
2026-05-13 18:21:21,236 [DEBUG] yandextank.core.tankcore tankcore.py:286	Polling <yandextank.plugins.JsonReport.plugin.Plugin object at 0x71857263ba50>
2026-05-13 18:21:21,236 [DEBUG] yandextank.core.tankcore tankcore.py:292	Polling took 0.0103888511658
2026-05-13 18:21:21,236 [DEBUG] yandextank.core.tankcore tankcore.py:293	Tank status: {"core": {"stage": "shoot"}, "stepper": {"progress": 100, "loop_count": 349, "speed": "40 Krps"}, "Plugin": {"eta": 59}}
2026-05-13 18:21:21,726 [DEBUG] yandextank.aggregator.tank_aggregator tank_aggregator.py:87	Data timestamps: []
2026-05-13 18:21:21,726 [DEBUG] yandextank.aggregator.tank_aggregator tank_aggregator.py:88	Stats timestamps: []
2026-05-13 18:21:21,726 [DEBUG] yandextank.core.tankcore tankcore.py:286	Polling <yandextank.plugins.Phantom.plugin.Plugin object at 0x718572318290>
2026-05-13 18:21:21,727 [DEBUG] yandextank.common.interfaces interfaces.py:101	Publishing status: Plugin/eta: 59
2026-05-13 18:21:21,727 [DEBUG] yandextank.core.tankcore tankcore.py:286	Polling <yandextank.plugins.Autostop.plugin.Plugin object at 0x718572318990>
2026-05-13 18:21:21,727 [DEBUG] yandextank.core.tankcore tankcore.py:286	Polling <yandextank.plugins.ShellExec.plugin.Plugin object at 0x718572318110>
2026-05-13 18:21:21,727 [DEBUG] yandextank.core.tankcore tankcore.py:286	Polling <yandextank.plugins.Console.plugin.Plugin object at 0x7185723185d0>
2026-05-13 18:21:21,727 [DEBUG] yandextank.plugins.Console.screen screen.py:389	Terminal size: 120x30
2026-05-13 18:21:21,727 [DEBUG] yandextank.plugins.Console.screen screen.py:401	Left/right panels width: 78/37
2026-05-13 18:21:21,727 [DEBUG] yandextank.plugins.Console.screen screen.py:406	There are 3 info widgets
2026-05-13 18:21:21,727 [DEBUG] yandextank.plugins.Console.screen screen.py:410	Rendering info widget #0: <yandextank.plugins.Phantom.widget.PhantomProgressBarWidget object at 0x7185722b9150>
2026-05-13 18:21:21,727 [DEBUG] yandextank.plugins.Console.screen screen.py:410	Rendering info widget #2: <yandextank.plugins.Phantom.widget.PhantomInfoWidget object at 0x7185722b9190>
2026-05-13 18:21:21,727 [DEBUG] yandextank.plugins.Console.screen screen.py:410	Rendering info widget #25: <yandextank.plugins.Autostop.plugin.AutostopWidget object at 0x7185722b9290>
2026-05-13 18:21:21,727 [DEBUG] yandextank.plugins.Console.screen screen.py:367	Rendering left blocks
2026-05-13 18:21:21,727 [DEBUG] yandextank.plugins.Console.screen screen.py:418	Composing final screen output
2026-05-13 18:21:21,728 [DEBUG] yandextank.core.tankcore tankcore.py:286	Polling <yandextank.plugins.RCAssert.plugin.Plugin object at 0x7185723189d0>
2026-05-13 18:21:21,728 [DEBUG] yandextank.core.tankcore tankcore.py:286	Polling <yandextank.plugins.ResourceCheck.plugin.Plugin object at 0x718572318890>
2026-05-13 18:21:21,728 [DEBUG] yandextank.common.interfaces plugin.py:44	Checking tank resources...
2026-05-13 18:21:21,728 [DEBUG] yandextank.core.tankcore tankcore.py:286	Polling <yandextank.plugins.JsonReport.plugin.Plugin object at 0x71857263ba50>
2026-05-13 18:21:21,728 [DEBUG] yandextank.core.tankcore tankcore.py:292	Polling took 0.00164604187012
2026-05-13 18:21:21,728 [DEBUG] yandextank.core.tankcore tankcore.py:293	Tank status: {"core": {"stage": "shoot"}, "stepper": {"progress": 100, "loop_count": 349, "speed": "40 Krps"}, "Plugin": {"eta": 59}}
2026-05-13 18:21:21,728 [DEBUG] yandextank.plugins.Console.plugin plugin.py:73	Writing console view to STDOUT
2026-05-13 18:21:22,227 [DEBUG] yandextank.aggregator.tank_aggregator tank_aggregator.py:87	Data timestamps: []
2026-05-13 18:21:22,227 [DEBUG] yandextank.aggregator.tank_aggregator tank_aggregator.py:88	Stats timestamps: []
2026-05-13 18:21:22,227 [DEBUG] yandextank.core.tankcore tankcore.py:286	Polling <yandextank.plugins.Phantom.plugin.Plugin object at 0x718572318290>
2026-05-13 18:21:22,227 [DEBUG] yandextank.common.interfaces interfaces.py:101	Publishing status: Plugin/eta: 58
2026-05-13 18:21:22,227 [DEBUG] yandextank.core.tankcore tankcore.py:286	Polling <yandextank.plugins.Autostop.plugin.Plugin object at 0x718572318990>
2026-05-13 18:21:22,227 [DEBUG] yandextank.core.tankcore tankcore.py:286	Polling <yandextank.plugins.ShellExec.plugin.Plugin object at 0x718572318110>
2026-05-13 18:21:22,227 [DEBUG] yandextank.core.tankcore tankcore.py:286	Polling <yandextank.plugins.Console.plugin.Plugin object at 0x7185723185d0>
2026-05-13 18:21:22,227 [DEBUG] yandextank.plugins.Console.screen screen.py:389	Terminal size: 120x30
2026-05-13 18:21:22,227 [DEBUG] yandextank.plugins.Console.screen screen.py:401	Left/right panels width: 78/37
2026-05-13 18:21:22,227 [DEBUG] yandextank.plugins.Console.screen screen.py:406	There are 3 info widgets
2026-05-13 18:21:22,227 [DEBUG] yandextank.plugins.Console.screen screen.py:410	Rendering info widget #0: <yandextank.plugins.Phantom.widget.PhantomProgressBarWidget object at 0x7185722b9150>
2026-05-13 18:21:22,228 [DEBUG] yandextank.plugins.Console.screen screen.py:410	Rendering info widget #2: <yandextank.plugins.Phantom.widget.PhantomInfoWidget object at 0x7185722b9190>
2026-05-13 18:21:22,228 [DEBUG] yandextank.plugins.Console.screen screen.py:410	Rendering info widget #25: <yandextank.plugins.Autostop.plugin.AutostopWidget object at 0x7185722b9290>
2026-05-13 18:21:22,228 [DEBUG] yandextank.plugins.Console.screen screen.py:367	Rendering left blocks
2026-05-13 18:21:22,228 [DEBUG] yandextank.plugins.Console.screen screen.py:418	Composing final screen output
2026-05-13 18:21:22,228 [DEBUG] yandextank.core.tankcore tankcore.py:286	Polling <yandextank.plugins.RCAssert.plugin.Plugin object at 0x7185723189d0>
2026-05-13 18:21:22,228 [DEBUG] yandextank.plugins.Console.plugin plugin.py:73	Writing console view to STDOUT
2026-05-13 18:21:22,228 [DEBUG] yandextank.core.tankcore tankcore.py:286	Polling <yandextank.plugins.ResourceCheck.plugin.Plugin object at 0x718572318890>
2026-05-13 18:21:22,229 [DEBUG] yandextank.common.interfaces plugin.py:44	Checking tank resources...
2026-05-13 18:21:22,229 [DEBUG] yandextank.core.tankcore tankcore.py:286	Polling <yandextank.plugins.JsonReport.plugin.Plugin object at 0x71857263ba50>
2026-05-13 18:21:22,229 [DEBUG] yandextank.core.tankcore tankcore.py:292	Polling took 0.00193619728088
2026-05-13 18:21:22,229 [DEBUG] yandextank.core.tankcore tankcore.py:293	Tank status: {"core": {"stage": "shoot"}, "stepper": {"progress": 100, "loop_count": 349, "speed": "40 Krps"}, "Plugin": {"eta": 58}}
2026-05-13 18:21:22,241 [DEBUG] yandextank.plugins.Phantom.reader reader.py:62	Chunk decode time: 5.28ms
2026-05-13 18:21:22,728 [DEBUG] yandextank.aggregator.tank_aggregator tank_aggregator.py:87	Data timestamps: []
2026-05-13 18:21:22,728 [DEBUG] yandextank.aggregator.tank_aggregator tank_aggregator.py:88	Stats timestamps: []
2026-05-13 18:21:22,728 [DEBUG] yandextank.core.tankcore tankcore.py:286	Polling <yandextank.plugins.Phantom.plugin.Plugin object at 0x718572318290>
2026-05-13 18:21:22,728 [DEBUG] yandextank.common.interfaces interfaces.py:101	Publishing status: Plugin/eta: 58
2026-05-13 18:21:22,728 [DEBUG] yandextank.core.tankcore tankcore.py:286	Polling <yandextank.plugins.Autostop.plugin.Plugin object at 0x718572318990>
2026-05-13 18:21:22,728 [DEBUG] yandextank.core.tankcore tankcore.py:286	Polling <yandextank.plugins.ShellExec.plugin.Plugin object at 0x718572318110>
2026-05-13 18:21:22,728 [DEBUG] yandextank.core.tankcore tankcore.py:286	Polling <yandextank.plugins.Console.plugin.Plugin object at 0x7185723185d0>
2026-05-13 18:21:22,728 [DEBUG] yandextank.plugins.Console.screen screen.py:389	Terminal size: 120x30
2026-05-13 18:21:22,728 [DEBUG] yandextank.plugins.Console.screen screen.py:401	Left/right panels width: 78/37
2026-05-13 18:21:22,728 [DEBUG] yandextank.plugins.Console.screen screen.py:406	There are 3 info widgets
2026-05-13 18:21:22,728 [DEBUG] yandextank.plugins.Console.screen screen.py:410	Rendering info widget #0: <yandextank.plugins.Phantom.widget.PhantomProgressBarWidget object at 0x7185722b9150>
2026-05-13 18:21:22,728 [DEBUG] yandextank.plugins.Console.screen screen.py:410	Rendering info widget #2: <yandextank.plugins.Phantom.widget.PhantomInfoWidget object at 0x7185722b9190>
2026-05-13 18:21:22,728 [DEBUG] yandextank.plugins.Console.screen screen.py:410	Rendering info widget #25: <yandextank.plugins.Autostop.plugin.AutostopWidget object at 0x7185722b9290>
2026-05-13 18:21:22,728 [DEBUG] yandextank.plugins.Console.screen screen.py:367	Rendering left blocks
2026-05-13 18:21:22,729 [DEBUG] yandextank.plugins.Console.screen screen.py:418	Composing final screen output
2026-05-13 18:21:22,729 [DEBUG] yandextank.core.tankcore tankcore.py:286	Polling <yandextank.plugins.RCAssert.plugin.Plugin object at 0x7185723189d0>
2026-05-13 18:21:22,729 [DEBUG] yandextank.plugins.Console.plugin plugin.py:73	Writing console view to STDOUT
2026-05-13 18:21:22,729 [DEBUG] yandextank.core.tankcore tankcore.py:286	Polling <yandextank.plugins.ResourceCheck.plugin.Plugin object at 0x718572318890>
2026-05-13 18:21:22,729 [DEBUG] yandextank.common.interfaces plugin.py:44	Checking tank resources...
2026-05-13 18:21:22,729 [DEBUG] yandextank.core.tankcore tankcore.py:286	Polling <yandextank.plugins.JsonReport.plugin.Plugin object at 0x71857263ba50>
2026-05-13 18:21:22,729 [DEBUG] yandextank.core.tankcore tankcore.py:292	Polling took 0.00188899040222
2026-05-13 18:21:22,730 [DEBUG] yandextank.core.tankcore tankcore.py:293	Tank status: {"core": {"stage": "shoot"}, "stepper": {"progress": 100, "loop_count": 349, "speed": "40 Krps"}, "Plugin": {"eta": 58}}
2026-05-13 18:21:23,228 [DEBUG] yandextank.aggregator.tank_aggregator tank_aggregator.py:87	Data timestamps: []
2026-05-13 18:21:23,228 [DEBUG] yandextank.aggregator.tank_aggregator tank_aggregator.py:88	Stats timestamps: [1778696480]
2026-05-13 18:21:23,229 [DEBUG] yandextank.core.tankcore tankcore.py:286	Polling <yandextank.plugins.Phantom.plugin.Plugin object at 0x718572318290>
2026-05-13 18:21:23,229 [DEBUG] yandextank.common.interfaces interfaces.py:101	Publishing status: Plugin/eta: 57
2026-05-13 18:21:23,229 [DEBUG] yandextank.core.tankcore tankcore.py:286	Polling <yandextank.plugins.Autostop.plugin.Plugin object at 0x718572318990>
2026-05-13 18:21:23,229 [DEBUG] yandextank.core.tankcore tankcore.py:286	Polling <yandextank.plugins.ShellExec.plugin.Plugin object at 0x718572318110>
2026-05-13 18:21:23,229 [DEBUG] yandextank.core.tankcore tankcore.py:286	Polling <yandextank.plugins.Console.plugin.Plugin object at 0x7185723185d0>
2026-05-13 18:21:23,229 [DEBUG] yandextank.plugins.Console.screen screen.py:389	Terminal size: 120x30
2026-05-13 18:21:23,229 [DEBUG] yandextank.plugins.Console.screen screen.py:401	Left/right panels width: 78/37
2026-05-13 18:21:23,229 [DEBUG] yandextank.plugins.Console.screen screen.py:406	There are 3 info widgets
2026-05-13 18:21:23,229 [DEBUG] yandextank.plugins.Console.screen screen.py:410	Rendering info widget #0: <yandextank.plugins.Phantom.widget.PhantomProgressBarWidget object at 0x7185722b9150>
2026-05-13 18:21:23,229 [DEBUG] yandextank.plugins.Console.screen screen.py:410	Rendering info widget #2: <yandextank.plugins.Phantom.widget.PhantomInfoWidget object at 0x7185722b9190>
2026-05-13 18:21:23,229 [DEBUG] yandextank.plugins.Console.screen screen.py:410	Rendering info widget #25: <yandextank.plugins.Autostop.plugin.AutostopWidget object at 0x7185722b9290>
2026-05-13 18:21:23,229 [DEBUG] yandextank.plugins.Console.screen screen.py:367	Rendering left blocks
2026-05-13 18:21:23,229 [DEBUG] yandextank.plugins.Console.screen screen.py:418	Composing final screen output
2026-05-13 18:21:23,230 [DEBUG] yandextank.core.tankcore tankcore.py:286	Polling <yandextank.plugins.RCAssert.plugin.Plugin object at 0x7185723189d0>
2026-05-13 18:21:23,230 [DEBUG] yandextank.plugins.Console.plugin plugin.py:73	Writing console view to STDOUT
2026-05-13 18:21:23,230 [DEBUG] yandextank.core.tankcore tankcore.py:286	Polling <yandextank.plugins.ResourceCheck.plugin.Plugin object at 0x718572318890>
2026-05-13 18:21:23,230 [DEBUG] yandextank.common.interfaces plugin.py:44	Checking tank resources...
2026-05-13 18:21:23,230 [DEBUG] yandextank.core.tankcore tankcore.py:286	Polling <yandextank.plugins.JsonReport.plugin.Plugin object at 0x71857263ba50>
2026-05-13 18:21:23,230 [DEBUG] yandextank.core.tankcore tankcore.py:292	Polling took 0.00178384780884
2026-05-13 18:21:23,230 [DEBUG] yandextank.core.tankcore tankcore.py:293	Tank status: {"core": {"stage": "shoot"}, "stepper": {"progress": 100, "loop_count": 349, "speed": "40 Krps"}, "Plugin": {"eta": 57}}
2026-05-13 18:21:23,250 [DEBUG] yandextank.plugins.Phantom.reader reader.py:62	Chunk decode time: 5.39ms
2026-05-13 18:21:23,261 [DEBUG] yandextank.aggregator.aggregator aggregator.py:157	Aggregation time: 5.89ms
2026-05-13 18:21:23,729 [DEBUG] yandextank.aggregator.tank_aggregator tank_aggregator.py:87	Data timestamps: [1778696480]
2026-05-13 18:21:23,729 [DEBUG] yandextank.aggregator.tank_aggregator tank_aggregator.py:88	Stats timestamps: []
2026-05-13 18:21:23,729 [DEBUG] yandextank.plugins.Autostop.criterions criterions.py:95	HTTP codes matching mask 5xx: 0.0/0.1
2026-05-13 18:21:23,730 [DEBUG] yandextank.plugins.Phantom.plugin plugin.py:193	Processed ammo count: 5/
2026-05-13 18:21:23,730 [DEBUG] yandextank.core.tankcore tankcore.py:286	Polling <yandextank.plugins.Phantom.plugin.Plugin object at 0x718572318290>
2026-05-13 18:21:23,730 [DEBUG] yandextank.common.interfaces interfaces.py:101	Publishing status: Plugin/eta: 57
2026-05-13 18:21:23,730 [DEBUG] yandextank.core.tankcore tankcore.py:286	Polling <yandextank.plugins.Autostop.plugin.Plugin object at 0x718572318990>
2026-05-13 18:21:23,730 [DEBUG] yandextank.core.tankcore tankcore.py:286	Polling <yandextank.plugins.ShellExec.plugin.Plugin object at 0x718572318110>
2026-05-13 18:21:23,730 [DEBUG] yandextank.core.tankcore tankcore.py:286	Polling <yandextank.plugins.Console.plugin.Plugin object at 0x7185723185d0>
2026-05-13 18:21:23,730 [DEBUG] yandextank.plugins.Console.screen screen.py:389	Terminal size: 120x30
2026-05-13 18:21:23,730 [DEBUG] yandextank.plugins.Console.screen screen.py:401	Left/right panels width: 78/37
2026-05-13 18:21:23,730 [DEBUG] yandextank.plugins.Console.screen screen.py:406	There are 3 info widgets
2026-05-13 18:21:23,730 [DEBUG] yandextank.plugins.Console.screen screen.py:410	Rendering info widget #0: <yandextank.plugins.Phantom.widget.PhantomProgressBarWidget object at 0x7185722b9150>
2026-05-13 18:21:23,731 [DEBUG] yandextank.plugins.Console.screen screen.py:410	Rendering info widget #2: <yandextank.plugins.Phantom.widget.PhantomInfoWidget object at 0x7185722b9190>
2026-05-13 18:21:23,731 [DEBUG] yandextank.plugins.Console.screen screen.py:410	Rendering info widget #25: <yandextank.plugins.Autostop.plugin.AutostopWidget object at 0x7185722b9290>
2026-05-13 18:21:23,731 [DEBUG] yandextank.plugins.Console.screen screen.py:367	Rendering left blocks
2026-05-13 18:21:23,733 [DEBUG] yandextank.plugins.Console.screen screen.py:418	Composing final screen output
2026-05-13 18:21:23,734 [DEBUG] yandextank.plugins.Console.plugin plugin.py:73	Writing console view to STDOUT
2026-05-13 18:21:23,734 [DEBUG] yandextank.core.tankcore tankcore.py:286	Polling <yandextank.plugins.RCAssert.plugin.Plugin object at 0x7185723189d0>
2026-05-13 18:21:23,734 [DEBUG] yandextank.core.tankcore tankcore.py:286	Polling <yandextank.plugins.ResourceCheck.plugin.Plugin object at 0x718572318890>
2026-05-13 18:21:23,734 [DEBUG] yandextank.common.interfaces plugin.py:44	Checking tank resources...
2026-05-13 18:21:23,734 [DEBUG] yandextank.core.tankcore tankcore.py:286	Polling <yandextank.plugins.JsonReport.plugin.Plugin object at 0x71857263ba50>
2026-05-13 18:21:23,734 [DEBUG] yandextank.core.tankcore tankcore.py:292	Polling took 0.00504183769226
2026-05-13 18:21:23,734 [DEBUG] yandextank.core.tankcore tankcore.py:293	Tank status: {"core": {"stage": "shoot"}, "stepper": {"progress": 100, "loop_count": 349, "speed": "40 Krps"}, "Plugin": {"eta": 57}}
2026-05-13 18:21:24,230 [DEBUG] yandextank.aggregator.tank_aggregator tank_aggregator.py:87	Data timestamps: []
2026-05-13 18:21:24,230 [DEBUG] yandextank.aggregator.tank_aggregator tank_aggregator.py:88	Stats timestamps: [1778696481]
2026-05-13 18:21:24,230 [DEBUG] yandextank.core.tankcore tankcore.py:286	Polling <yandextank.plugins.Phantom.plugin.Plugin object at 0x718572318290>
2026-05-13 18:21:24,230 [DEBUG] yandextank.common.interfaces interfaces.py:101	Publishing status: Plugin/eta: 56
2026-05-13 18:21:24,230 [DEBUG] yandextank.core.tankcore tankcore.py:286	Polling <yandextank.plugins.Autostop.plugin.Plugin object at 0x718572318990>
2026-05-13 18:21:24,230 [DEBUG] yandextank.core.tankcore tankcore.py:286	Polling <yandextank.plugins.ShellExec.plugin.Plugin object at 0x718572318110>
2026-05-13 18:21:24,230 [DEBUG] yandextank.core.tankcore tankcore.py:286	Polling <yandextank.plugins.Console.plugin.Plugin object at 0x7185723185d0>
2026-05-13 18:21:24,230 [DEBUG] yandextank.plugins.Console.screen screen.py:389	Terminal size: 120x30
2026-05-13 18:21:24,230 [DEBUG] yandextank.plugins.Console.screen screen.py:401	Left/right panels width: 78/37
2026-05-13 18:21:24,230 [DEBUG] yandextank.plugins.Console.screen screen.py:406	There are 3 info widgets
2026-05-13 18:21:24,230 [DEBUG] yandextank.plugins.Console.screen screen.py:410	Rendering info widget #0: <yandextank.plugins.Phantom.widget.PhantomProgressBarWidget object at 0x7185722b9150>
2026-05-13 18:21:24,230 [DEBUG] yandextank.plugins.Console.screen screen.py:410	Rendering info widget #2: <yandextank.plugins.Phantom.widget.PhantomInfoWidget object at 0x7185722b9190>
2026-05-13 18:21:24,230 [DEBUG] yandextank.plugins.Console.screen screen.py:410	Rendering info widget #25: <yandextank.plugins.Autostop.plugin.AutostopWidget object at 0x7185722b9290>
2026-05-13 18:21:24,230 [DEBUG] yandextank.plugins.Console.screen screen.py:367	Rendering left blocks
2026-05-13 18:21:24,233 [DEBUG] yandextank.plugins.Console.screen screen.py:418	Composing final screen output
2026-05-13 18:21:24,233 [DEBUG] yandextank.core.tankcore tankcore.py:286	Polling <yandextank.plugins.RCAssert.plugin.Plugin object at 0x7185723189d0>
2026-05-13 18:21:24,234 [DEBUG] yandextank.core.tankcore tankcore.py:286	Polling <yandextank.plugins.ResourceCheck.plugin.Plugin object at 0x718572318890>
2026-05-13 18:21:24,234 [DEBUG] yandextank.common.interfaces plugin.py:44	Checking tank resources...
2026-05-13 18:21:24,234 [DEBUG] yandextank.core.tankcore tankcore.py:286	Polling <yandextank.plugins.JsonReport.plugin.Plugin object at 0x71857263ba50>
2026-05-13 18:21:24,234 [DEBUG] yandextank.plugins.Console.plugin plugin.py:73	Writing console view to STDOUT
2026-05-13 18:21:24,234 [DEBUG] yandextank.core.tankcore tankcore.py:292	Polling took 0.00413084030151
2026-05-13 18:21:24,234 [DEBUG] yandextank.core.tankcore tankcore.py:293	Tank status: {"core": {"stage": "shoot"}, "stepper": {"progress": 100, "loop_count": 349, "speed": "40 Krps"}, "Plugin": {"eta": 56}}
2026-05-13 18:21:24,268 [DEBUG] yandextank.plugins.Phantom.reader reader.py:62	Chunk decode time: 5.31ms
2026-05-13 18:21:24,278 [DEBUG] yandextank.aggregator.aggregator aggregator.py:157	Aggregation time: 5.15ms
2026-05-13 18:21:24,730 [DEBUG] yandextank.aggregator.tank_aggregator tank_aggregator.py:87	Data timestamps: [1778696481]
2026-05-13 18:21:24,731 [DEBUG] yandextank.aggregator.tank_aggregator tank_aggregator.py:88	Stats timestamps: []
2026-05-13 18:21:24,731 [DEBUG] yandextank.plugins.Autostop.criterions criterions.py:95	HTTP codes matching mask 5xx: 0.0/0.1
2026-05-13 18:21:24,732 [DEBUG] yandextank.plugins.Phantom.plugin plugin.py:193	Processed ammo count: 10/
2026-05-13 18:21:24,732 [DEBUG] yandextank.core.tankcore tankcore.py:286	Polling <yandextank.plugins.Phantom.plugin.Plugin object at 0x718572318290>
2026-05-13 18:21:24,732 [DEBUG] yandextank.common.interfaces interfaces.py:101	Publishing status: Plugin/eta: 56
2026-05-13 18:21:24,733 [DEBUG] yandextank.core.tankcore tankcore.py:286	Polling <yandextank.plugins.Autostop.plugin.Plugin object at 0x718572318990>
2026-05-13 18:21:24,733 [DEBUG] yandextank.core.tankcore tankcore.py:286	Polling <yandextank.plugins.ShellExec.plugin.Plugin object at 0x718572318110>
2026-05-13 18:21:24,733 [DEBUG] yandextank.core.tankcore tankcore.py:286	Polling <yandextank.plugins.Console.plugin.Plugin object at 0x7185723185d0>
2026-05-13 18:21:24,733 [DEBUG] yandextank.plugins.Console.screen screen.py:389	Terminal size: 120x30
2026-05-13 18:21:24,733 [DEBUG] yandextank.plugins.Console.screen screen.py:401	Left/right panels width: 78/37
2026-05-13 18:21:24,733 [DEBUG] yandextank.plugins.Console.screen screen.py:406	There are 3 info widgets
2026-05-13 18:21:24,733 [DEBUG] yandextank.plugins.Console.screen screen.py:410	Rendering info widget #0: <yandextank.plugins.Phantom.widget.PhantomProgressBarWidget object at 0x7185722b9150>
2026-05-13 18:21:24,733 [DEBUG] yandextank.plugins.Console.screen screen.py:410	Rendering info widget #2: <yandextank.plugins.Phantom.widget.PhantomInfoWidget object at 0x7185722b9190>
2026-05-13 18:21:24,733 [DEBUG] yandextank.plugins.Console.screen screen.py:410	Rendering info widget #25: <yandextank.plugins.Autostop.plugin.AutostopWidget object at 0x7185722b9290>
2026-05-13 18:21:24,733 [DEBUG] yandextank.plugins.Console.screen screen.py:367	Rendering left blocks
2026-05-13 18:21:24,736 [DEBUG] yandextank.plugins.Console.screen screen.py:418	Composing final screen output
2026-05-13 18:21:24,737 [DEBUG] yandextank.core.tankcore tankcore.py:286	Polling <yandextank.plugins.RCAssert.plugin.Plugin object at 0x7185723189d0>
2026-05-13 18:21:24,737 [DEBUG] yandextank.plugins.Console.plugin plugin.py:73	Writing console view to STDOUT
2026-05-13 18:21:24,737 [DEBUG] yandextank.core.tankcore tankcore.py:286	Polling <yandextank.plugins.ResourceCheck.plugin.Plugin object at 0x718572318890>
2026-05-13 18:21:24,737 [DEBUG] yandextank.common.interfaces plugin.py:44	Checking tank resources...
2026-05-13 18:21:24,737 [DEBUG] yandextank.core.tankcore tankcore.py:286	Polling <yandextank.plugins.JsonReport.plugin.Plugin object at 0x71857263ba50>
2026-05-13 18:21:24,737 [DEBUG] yandextank.core.tankcore tankcore.py:292	Polling took 0.00667285919189
2026-05-13 18:21:24,737 [DEBUG] yandextank.core.tankcore tankcore.py:293	Tank status: {"core": {"stage": "shoot"}, "stepper": {"progress": 100, "loop_count": 349, "speed": "40 Krps"}, "Plugin": {"eta": 56}}
2026-05-13 18:21:25,231 [DEBUG] yandextank.aggregator.tank_aggregator tank_aggregator.py:87	Data timestamps: []
2026-05-13 18:21:25,231 [DEBUG] yandextank.aggregator.tank_aggregator tank_aggregator.py:88	Stats timestamps: [1778696482]
2026-05-13 18:21:25,231 [DEBUG] yandextank.core.tankcore tankcore.py:286	Polling <yandextank.plugins.Phantom.plugin.Plugin object at 0x718572318290>
2026-05-13 18:21:25,231 [DEBUG] yandextank.common.interfaces interfaces.py:101	Publishing status: Plugin/eta: 55
2026-05-13 18:21:25,231 [DEBUG] yandextank.core.tankcore tankcore.py:286	Polling <yandextank.plugins.Autostop.plugin.Plugin object at 0x718572318990>
2026-05-13 18:21:25,231 [DEBUG] yandextank.core.tankcore tankcore.py:286	Polling <yandextank.plugins.ShellExec.plugin.Plugin object at 0x718572318110>
2026-05-13 18:21:25,231 [DEBUG] yandextank.core.tankcore tankcore.py:286	Polling <yandextank.plugins.Console.plugin.Plugin object at 0x7185723185d0>
2026-05-13 18:21:25,231 [DEBUG] yandextank.plugins.Console.screen screen.py:389	Terminal size: 120x30
2026-05-13 18:21:25,232 [DEBUG] yandextank.plugins.Console.screen screen.py:401	Left/right panels width: 78/37
2026-05-13 18:21:25,232 [DEBUG] yandextank.plugins.Console.screen screen.py:406	There are 3 info widgets
2026-05-13 18:21:25,232 [DEBUG] yandextank.plugins.Console.screen screen.py:410	Rendering info widget #0: <yandextank.plugins.Phantom.widget.PhantomProgressBarWidget object at 0x7185722b9150>
2026-05-13 18:21:25,232 [DEBUG] yandextank.plugins.Console.screen screen.py:410	Rendering info widget #2: <yandextank.plugins.Phantom.widget.PhantomInfoWidget object at 0x7185722b9190>
2026-05-13 18:21:25,232 [DEBUG] yandextank.plugins.Console.screen screen.py:410	Rendering info widget #25: <yandextank.plugins.Autostop.plugin.AutostopWidget object at 0x7185722b9290>
2026-05-13 18:21:25,232 [DEBUG] yandextank.plugins.Console.screen screen.py:367	Rendering left blocks
2026-05-13 18:21:25,235 [DEBUG] yandextank.plugins.Console.screen screen.py:418	Composing final screen output
2026-05-13 18:21:25,236 [DEBUG] yandextank.core.tankcore tankcore.py:286	Polling <yandextank.plugins.RCAssert.plugin.Plugin object at 0x7185723189d0>
2026-05-13 18:21:25,236 [DEBUG] yandextank.plugins.Console.plugin plugin.py:73	Writing console view to STDOUT
2026-05-13 18:21:25,236 [DEBUG] yandextank.core.tankcore tankcore.py:286	Polling <yandextank.plugins.ResourceCheck.plugin.Plugin object at 0x718572318890>
2026-05-13 18:21:25,236 [DEBUG] yandextank.common.interfaces plugin.py:44	Checking tank resources...
2026-05-13 18:21:25,236 [DEBUG] yandextank.core.tankcore tankcore.py:286	Polling <yandextank.plugins.JsonReport.plugin.Plugin object at 0x71857263ba50>
2026-05-13 18:21:25,236 [DEBUG] yandextank.core.tankcore tankcore.py:292	Polling took 0.00510120391846
2026-05-13 18:21:25,236 [DEBUG] yandextank.core.tankcore tankcore.py:293	Tank status: {"core": {"stage": "shoot"}, "stepper": {"progress": 100, "loop_count": 349, "speed": "40 Krps"}, "Plugin": {"eta": 55}}
2026-05-13 18:21:25,287 [DEBUG] yandextank.plugins.Phantom.reader reader.py:62	Chunk decode time: 8.28ms
2026-05-13 18:21:25,298 [DEBUG] yandextank.aggregator.aggregator aggregator.py:157	Aggregation time: 5.18ms
2026-05-13 18:21:25,732 [DEBUG] yandextank.aggregator.tank_aggregator tank_aggregator.py:87	Data timestamps: [1778696482]
2026-05-13 18:21:25,732 [DEBUG] yandextank.aggregator.tank_aggregator tank_aggregator.py:88	Stats timestamps: []
2026-05-13 18:21:25,732 [DEBUG] yandextank.plugins.Autostop.criterions criterions.py:95	HTTP codes matching mask 5xx: 0.0/0.1
2026-05-13 18:21:25,733 [DEBUG] yandextank.plugins.Phantom.plugin plugin.py:193	Processed ammo count: 16/
2026-05-13 18:21:25,734 [DEBUG] yandextank.core.tankcore tankcore.py:286	Polling <yandextank.plugins.Phantom.plugin.Plugin object at 0x718572318290>
2026-05-13 18:21:25,734 [DEBUG] yandextank.common.interfaces interfaces.py:101	Publishing status: Plugin/eta: 55
2026-05-13 18:21:25,734 [DEBUG] yandextank.core.tankcore tankcore.py:286	Polling <yandextank.plugins.Autostop.plugin.Plugin object at 0x718572318990>
2026-05-13 18:21:25,734 [DEBUG] yandextank.core.tankcore tankcore.py:286	Polling <yandextank.plugins.ShellExec.plugin.Plugin object at 0x718572318110>
2026-05-13 18:21:25,734 [DEBUG] yandextank.core.tankcore tankcore.py:286	Polling <yandextank.plugins.Console.plugin.Plugin object at 0x7185723185d0>
2026-05-13 18:21:25,734 [DEBUG] yandextank.plugins.Console.screen screen.py:389	Terminal size: 120x30
2026-05-13 18:21:25,734 [DEBUG] yandextank.plugins.Console.screen screen.py:401	Left/right panels width: 78/37
2026-05-13 18:21:25,734 [DEBUG] yandextank.plugins.Console.screen screen.py:406	There are 3 info widgets
2026-05-13 18:21:25,734 [DEBUG] yandextank.plugins.Console.screen screen.py:410	Rendering info widget #0: <yandextank.plugins.Phantom.widget.PhantomProgressBarWidget object at 0x7185722b9150>
2026-05-13 18:21:25,734 [DEBUG] yandextank.plugins.Console.screen screen.py:410	Rendering info widget #2: <yandextank.plugins.Phantom.widget.PhantomInfoWidget object at 0x7185722b9190>
2026-05-13 18:21:25,734 [DEBUG] yandextank.plugins.Console.screen screen.py:410	Rendering info widget #25: <yandextank.plugins.Autostop.plugin.AutostopWidget object at 0x7185722b9290>
2026-05-13 18:21:25,734 [DEBUG] yandextank.plugins.Console.screen screen.py:367	Rendering left blocks
2026-05-13 18:21:25,738 [DEBUG] yandextank.plugins.Console.screen screen.py:418	Composing final screen output
2026-05-13 18:21:25,738 [DEBUG] yandextank.core.tankcore tankcore.py:286	Polling <yandextank.plugins.RCAssert.plugin.Plugin object at 0x7185723189d0>
2026-05-13 18:21:25,738 [DEBUG] yandextank.plugins.Console.plugin plugin.py:73	Writing console view to STDOUT
2026-05-13 18:21:25,738 [DEBUG] yandextank.core.tankcore tankcore.py:286	Polling <yandextank.plugins.ResourceCheck.plugin.Plugin object at 0x718572318890>
2026-05-13 18:21:25,739 [DEBUG] yandextank.common.interfaces plugin.py:44	Checking tank resources...
2026-05-13 18:21:25,739 [DEBUG] yandextank.core.tankcore tankcore.py:286	Polling <yandextank.plugins.JsonReport.plugin.Plugin object at 0x71857263ba50>
2026-05-13 18:21:25,739 [DEBUG] yandextank.core.tankcore tankcore.py:292	Polling took 0.00706791877747
2026-05-13 18:21:25,739 [DEBUG] yandextank.core.tankcore tankcore.py:293	Tank status: {"core": {"stage": "shoot"}, "stepper": {"progress": 100, "loop_count": 349, "speed": "40 Krps"}, "Plugin": {"eta": 55}}
2026-05-13 18:21:26,233 [DEBUG] yandextank.aggregator.tank_aggregator tank_aggregator.py:87	Data timestamps: []
2026-05-13 18:21:26,233 [DEBUG] yandextank.aggregator.tank_aggregator tank_aggregator.py:88	Stats timestamps: [1778696483]
2026-05-13 18:21:26,233 [DEBUG] yandextank.core.tankcore tankcore.py:286	Polling <yandextank.plugins.Phantom.plugin.Plugin object at 0x718572318290>
2026-05-13 18:21:26,233 [DEBUG] yandextank.common.interfaces interfaces.py:101	Publishing status: Plugin/eta: 54
2026-05-13 18:21:26,233 [DEBUG] yandextank.core.tankcore tankcore.py:286	Polling <yandextank.plugins.Autostop.plugin.Plugin object at 0x718572318990>
2026-05-13 18:21:26,233 [DEBUG] yandextank.core.tankcore tankcore.py:286	Polling <yandextank.plugins.ShellExec.plugin.Plugin object at 0x718572318110>
2026-05-13 18:21:26,233 [DEBUG] yandextank.core.tankcore tankcore.py:286	Polling <yandextank.plugins.Console.plugin.Plugin object at 0x7185723185d0>
2026-05-13 18:21:26,233 [DEBUG] yandextank.plugins.Console.screen screen.py:389	Terminal size: 120x30
2026-05-13 18:21:26,233 [DEBUG] yandextank.plugins.Console.screen screen.py:401	Left/right panels width: 78/37
2026-05-13 18:21:26,233 [DEBUG] yandextank.plugins.Console.screen screen.py:406	There are 3 info widgets
2026-05-13 18:21:26,233 [DEBUG] yandextank.plugins.Console.screen screen.py:410	Rendering info widget #0: <yandextank.plugins.Phantom.widget.PhantomProgressBarWidget object at 0x7185722b9150>
2026-05-13 18:21:26,233 [DEBUG] yandextank.plugins.Console.screen screen.py:410	Rendering info widget #2: <yandextank.plugins.Phantom.widget.PhantomInfoWidget object at 0x7185722b9190>
2026-05-13 18:21:26,233 [DEBUG] yandextank.plugins.Console.screen screen.py:410	Rendering info widget #25: <yandextank.plugins.Autostop.plugin.AutostopWidget object at 0x7185722b9290>
2026-05-13 18:21:26,233 [DEBUG] yandextank.plugins.Console.screen screen.py:367	Rendering left blocks
2026-05-13 18:21:26,238 [DEBUG] yandextank.plugins.Console.screen screen.py:418	Composing final screen output
2026-05-13 18:21:26,238 [DEBUG] yandextank.core.tankcore tankcore.py:286	Polling <yandextank.plugins.RCAssert.plugin.Plugin object at 0x7185723189d0>
2026-05-13 18:21:26,238 [DEBUG] yandextank.plugins.Console.plugin plugin.py:73	Writing console view to STDOUT
2026-05-13 18:21:26,238 [DEBUG] yandextank.core.tankcore tankcore.py:286	Polling <yandextank.plugins.ResourceCheck.plugin.Plugin object at 0x718572318890>
2026-05-13 18:21:26,238 [DEBUG] yandextank.common.interfaces plugin.py:44	Checking tank resources...
2026-05-13 18:21:26,238 [DEBUG] yandextank.core.tankcore tankcore.py:286	Polling <yandextank.plugins.JsonReport.plugin.Plugin object at 0x71857263ba50>
2026-05-13 18:21:26,238 [DEBUG] yandextank.core.tankcore tankcore.py:292	Polling took 0.00577807426453
2026-05-13 18:21:26,238 [DEBUG] yandextank.core.tankcore tankcore.py:293	Tank status: {"core": {"stage": "shoot"}, "stepper": {"progress": 100, "loop_count": 349, "speed": "40 Krps"}, "Plugin": {"eta": 54}}
2026-05-13 18:21:26,304 [DEBUG] yandextank.plugins.Phantom.reader reader.py:62	Chunk decode time: 5.36ms
2026-05-13 18:21:26,315 [DEBUG] yandextank.aggregator.aggregator aggregator.py:157	Aggregation time: 5.05ms
2026-05-13 18:21:26,733 [DEBUG] yandextank.aggregator.tank_aggregator tank_aggregator.py:87	Data timestamps: [1778696483]
2026-05-13 18:21:26,734 [DEBUG] yandextank.aggregator.tank_aggregator tank_aggregator.py:88	Stats timestamps: []
2026-05-13 18:21:26,734 [DEBUG] yandextank.plugins.Autostop.criterions criterions.py:95	HTTP codes matching mask 5xx: 0.0/0.1
2026-05-13 18:21:26,735 [DEBUG] yandextank.plugins.Phantom.plugin plugin.py:193	Processed ammo count: 22/
2026-05-13 18:21:26,735 [DEBUG] yandextank.core.tankcore tankcore.py:286	Polling <yandextank.plugins.Phantom.plugin.Plugin object at 0x718572318290>
2026-05-13 18:21:26,735 [DEBUG] yandextank.common.interfaces interfaces.py:101	Publishing status: Plugin/eta: 54
2026-05-13 18:21:26,735 [DEBUG] yandextank.core.tankcore tankcore.py:286	Polling <yandextank.plugins.Autostop.plugin.Plugin object at 0x718572318990>
2026-05-13 18:21:26,735 [DEBUG] yandextank.core.tankcore tankcore.py:286	Polling <yandextank.plugins.ShellExec.plugin.Plugin object at 0x718572318110>
2026-05-13 18:21:26,735 [DEBUG] yandextank.core.tankcore tankcore.py:286	Polling <yandextank.plugins.Console.plugin.Plugin object at 0x7185723185d0>
2026-05-13 18:21:26,735 [DEBUG] yandextank.plugins.Console.screen screen.py:389	Terminal size: 120x30
2026-05-13 18:21:26,736 [DEBUG] yandextank.plugins.Console.screen screen.py:401	Left/right panels width: 78/37
2026-05-13 18:21:26,736 [DEBUG] yandextank.plugins.Console.screen screen.py:406	There are 3 info widgets
2026-05-13 18:21:26,736 [DEBUG] yandextank.plugins.Console.screen screen.py:410	Rendering info widget #0: <yandextank.plugins.Phantom.widget.PhantomProgressBarWidget object at 0x7185722b9150>
2026-05-13 18:21:26,736 [DEBUG] yandextank.plugins.Console.screen screen.py:410	Rendering info widget #2: <yandextank.plugins.Phantom.widget.PhantomInfoWidget object at 0x7185722b9190>
2026-05-13 18:21:26,736 [DEBUG] yandextank.plugins.Console.screen screen.py:410	Rendering info widget #25: <yandextank.plugins.Autostop.plugin.AutostopWidget object at 0x7185722b9290>
2026-05-13 18:21:26,736 [DEBUG] yandextank.plugins.Console.screen screen.py:367	Rendering left blocks
2026-05-13 18:21:26,740 [DEBUG] yandextank.plugins.Console.screen screen.py:418	Composing final screen output
2026-05-13 18:21:26,741 [DEBUG] yandextank.core.tankcore tankcore.py:286	Polling <yandextank.plugins.RCAssert.plugin.Plugin object at 0x7185723189d0>
2026-05-13 18:21:26,741 [DEBUG] yandextank.core.tankcore tankcore.py:286	Polling <yandextank.plugins.ResourceCheck.plugin.Plugin object at 0x718572318890>
2026-05-13 18:21:26,741 [DEBUG] yandextank.plugins.Console.plugin plugin.py:73	Writing console view to STDOUT
2026-05-13 18:21:26,741 [DEBUG] yandextank.common.interfaces plugin.py:44	Checking tank resources...
2026-05-13 18:21:26,741 [DEBUG] yandextank.core.tankcore tankcore.py:286	Polling <yandextank.plugins.JsonReport.plugin.Plugin object at 0x71857263ba50>
2026-05-13 18:21:26,741 [DEBUG] yandextank.core.tankcore tankcore.py:292	Polling took 0.00755405426025
2026-05-13 18:21:26,741 [DEBUG] yandextank.core.tankcore tankcore.py:293	Tank status: {"core": {"stage": "shoot"}, "stepper": {"progress": 100, "loop_count": 349, "speed": "40 Krps"}, "Plugin": {"eta": 54}}
2026-05-13 18:21:27,234 [DEBUG] yandextank.aggregator.tank_aggregator tank_aggregator.py:87	Data timestamps: []
2026-05-13 18:21:27,234 [DEBUG] yandextank.aggregator.tank_aggregator tank_aggregator.py:88	Stats timestamps: [1778696484]
2026-05-13 18:21:27,234 [DEBUG] yandextank.core.tankcore tankcore.py:286	Polling <yandextank.plugins.Phantom.plugin.Plugin object at 0x718572318290>
2026-05-13 18:21:27,234 [DEBUG] yandextank.common.interfaces interfaces.py:101	Publishing status: Plugin/eta: 53
2026-05-13 18:21:27,234 [DEBUG] yandextank.core.tankcore tankcore.py:286	Polling <yandextank.plugins.Autostop.plugin.Plugin object at 0x718572318990>
2026-05-13 18:21:27,234 [DEBUG] yandextank.core.tankcore tankcore.py:286	Polling <yandextank.plugins.ShellExec.plugin.Plugin object at 0x718572318110>
2026-05-13 18:21:27,235 [DEBUG] yandextank.core.tankcore tankcore.py:286	Polling <yandextank.plugins.Console.plugin.Plugin object at 0x7185723185d0>
2026-05-13 18:21:27,235 [DEBUG] yandextank.plugins.Console.screen screen.py:389	Terminal size: 120x30
2026-05-13 18:21:27,235 [DEBUG] yandextank.plugins.Console.screen screen.py:401	Left/right panels width: 78/37
2026-05-13 18:21:27,235 [DEBUG] yandextank.plugins.Console.screen screen.py:406	There are 3 info widgets
2026-05-13 18:21:27,235 [DEBUG] yandextank.plugins.Console.screen screen.py:410	Rendering info widget #0: <yandextank.plugins.Phantom.widget.PhantomProgressBarWidget object at 0x7185722b9150>
2026-05-13 18:21:27,235 [DEBUG] yandextank.plugins.Console.screen screen.py:410	Rendering info widget #2: <yandextank.plugins.Phantom.widget.PhantomInfoWidget object at 0x7185722b9190>
2026-05-13 18:21:27,235 [DEBUG] yandextank.plugins.Console.screen screen.py:410	Rendering info widget #25: <yandextank.plugins.Autostop.plugin.AutostopWidget object at 0x7185722b9290>
2026-05-13 18:21:27,235 [DEBUG] yandextank.plugins.Console.screen screen.py:367	Rendering left blocks
2026-05-13 18:21:27,240 [DEBUG] yandextank.plugins.Console.screen screen.py:418	Composing final screen output
2026-05-13 18:21:27,240 [DEBUG] yandextank.core.tankcore tankcore.py:286	Polling <yandextank.plugins.RCAssert.plugin.Plugin object at 0x7185723189d0>
2026-05-13 18:21:27,240 [DEBUG] yandextank.core.tankcore tankcore.py:286	Polling <yandextank.plugins.ResourceCheck.plugin.Plugin object at 0x718572318890>
2026-05-13 18:21:27,240 [DEBUG] yandextank.common.interfaces plugin.py:44	Checking tank resources...
2026-05-13 18:21:27,240 [DEBUG] yandextank.plugins.Console.plugin plugin.py:73	Writing console view to STDOUT
2026-05-13 18:21:27,240 [DEBUG] yandextank.core.tankcore tankcore.py:286	Polling <yandextank.plugins.JsonReport.plugin.Plugin object at 0x71857263ba50>
2026-05-13 18:21:27,240 [DEBUG] yandextank.core.tankcore tankcore.py:292	Polling took 0.00617289543152
2026-05-13 18:21:27,240 [DEBUG] yandextank.core.tankcore tankcore.py:293	Tank status: {"core": {"stage": "shoot"}, "stepper": {"progress": 100, "loop_count": 349, "speed": "40 Krps"}, "Plugin": {"eta": 53}}
2026-05-13 18:21:27,321 [DEBUG] yandextank.plugins.Phantom.reader reader.py:62	Chunk decode time: 5.31ms
2026-05-13 18:21:27,332 [DEBUG] yandextank.aggregator.aggregator aggregator.py:157	Aggregation time: 5.07ms
2026-05-13 18:21:27,735 [DEBUG] yandextank.aggregator.tank_aggregator tank_aggregator.py:87	Data timestamps: [1778696484]
2026-05-13 18:21:27,735 [DEBUG] yandextank.aggregator.tank_aggregator tank_aggregator.py:88	Stats timestamps: []
2026-05-13 18:21:27,735 [DEBUG] yandextank.plugins.Autostop.criterions criterions.py:95	HTTP codes matching mask 5xx: 0.0/0.1
2026-05-13 18:21:27,737 [DEBUG] yandextank.plugins.Phantom.plugin plugin.py:193	Processed ammo count: 29/
2026-05-13 18:21:27,737 [DEBUG] yandextank.core.tankcore tankcore.py:286	Polling <yandextank.plugins.Phantom.plugin.Plugin object at 0x718572318290>
2026-05-13 18:21:27,737 [DEBUG] yandextank.common.interfaces interfaces.py:101	Publishing status: Plugin/eta: 53
2026-05-13 18:21:27,737 [DEBUG] yandextank.core.tankcore tankcore.py:286	Polling <yandextank.plugins.Autostop.plugin.Plugin object at 0x718572318990>
2026-05-13 18:21:27,737 [DEBUG] yandextank.core.tankcore tankcore.py:286	Polling <yandextank.plugins.ShellExec.plugin.Plugin object at 0x718572318110>
2026-05-13 18:21:27,737 [DEBUG] yandextank.core.tankcore tankcore.py:286	Polling <yandextank.plugins.Console.plugin.Plugin object at 0x7185723185d0>
2026-05-13 18:21:27,737 [DEBUG] yandextank.plugins.Console.screen screen.py:389	Terminal size: 120x30
2026-05-13 18:21:27,737 [DEBUG] yandextank.plugins.Console.screen screen.py:401	Left/right panels width: 78/37
2026-05-13 18:21:27,737 [DEBUG] yandextank.plugins.Console.screen screen.py:406	There are 3 info widgets
2026-05-13 18:21:27,737 [DEBUG] yandextank.plugins.Console.screen screen.py:410	Rendering info widget #0: <yandextank.plugins.Phantom.widget.PhantomProgressBarWidget object at 0x7185722b9150>
2026-05-13 18:21:27,737 [DEBUG] yandextank.plugins.Console.screen screen.py:410	Rendering info widget #2: <yandextank.plugins.Phantom.widget.PhantomInfoWidget object at 0x7185722b9190>
2026-05-13 18:21:27,737 [DEBUG] yandextank.plugins.Console.screen screen.py:410	Rendering info widget #25: <yandextank.plugins.Autostop.plugin.AutostopWidget object at 0x7185722b9290>
2026-05-13 18:21:27,737 [DEBUG] yandextank.plugins.Console.screen screen.py:367	Rendering left blocks
2026-05-13 18:21:27,742 [DEBUG] yandextank.plugins.Console.screen screen.py:418	Composing final screen output
2026-05-13 18:21:27,742 [DEBUG] yandextank.core.tankcore tankcore.py:286	Polling <yandextank.plugins.RCAssert.plugin.Plugin object at 0x7185723189d0>
2026-05-13 18:21:27,743 [DEBUG] yandextank.plugins.Console.plugin plugin.py:73	Writing console view to STDOUT
2026-05-13 18:21:27,743 [DEBUG] yandextank.core.tankcore tankcore.py:286	Polling <yandextank.plugins.ResourceCheck.plugin.Plugin object at 0x718572318890>
2026-05-13 18:21:27,743 [DEBUG] yandextank.common.interfaces plugin.py:44	Checking tank resources...
2026-05-13 18:21:27,743 [DEBUG] yandextank.core.tankcore tankcore.py:286	Polling <yandextank.plugins.JsonReport.plugin.Plugin object at 0x71857263ba50>
2026-05-13 18:21:27,743 [DEBUG] yandextank.core.tankcore tankcore.py:292	Polling took 0.00808906555176
2026-05-13 18:21:27,743 [DEBUG] yandextank.core.tankcore tankcore.py:293	Tank status: {"core": {"stage": "shoot"}, "stepper": {"progress": 100, "loop_count": 349, "speed": "40 Krps"}, "Plugin": {"eta": 53}}
2026-05-13 18:21:28,236 [DEBUG] yandextank.aggregator.tank_aggregator tank_aggregator.py:87	Data timestamps: []
2026-05-13 18:21:28,236 [DEBUG] yandextank.aggregator.tank_aggregator tank_aggregator.py:88	Stats timestamps: [1778696485]
2026-05-13 18:21:28,236 [DEBUG] yandextank.core.tankcore tankcore.py:286	Polling <yandextank.plugins.Phantom.plugin.Plugin object at 0x718572318290>
2026-05-13 18:21:28,236 [DEBUG] yandextank.common.interfaces interfaces.py:101	Publishing status: Plugin/eta: 52
2026-05-13 18:21:28,236 [DEBUG] yandextank.core.tankcore tankcore.py:286	Polling <yandextank.plugins.Autostop.plugin.Plugin object at 0x718572318990>
2026-05-13 18:21:28,236 [DEBUG] yandextank.core.tankcore tankcore.py:286	Polling <yandextank.plugins.ShellExec.plugin.Plugin object at 0x718572318110>
2026-05-13 18:21:28,236 [DEBUG] yandextank.core.tankcore tankcore.py:286	Polling <yandextank.plugins.Console.plugin.Plugin object at 0x7185723185d0>
2026-05-13 18:21:28,236 [DEBUG] yandextank.plugins.Console.screen screen.py:389	Terminal size: 120x30
2026-05-13 18:21:28,236 [DEBUG] yandextank.plugins.Console.screen screen.py:401	Left/right panels width: 78/37
2026-05-13 18:21:28,236 [DEBUG] yandextank.plugins.Console.screen screen.py:406	There are 3 info widgets
2026-05-13 18:21:28,236 [DEBUG] yandextank.plugins.Console.screen screen.py:410	Rendering info widget #0: <yandextank.plugins.Phantom.widget.PhantomProgressBarWidget object at 0x7185722b9150>
2026-05-13 18:21:28,236 [DEBUG] yandextank.plugins.Console.screen screen.py:410	Rendering info widget #2: <yandextank.plugins.Phantom.widget.PhantomInfoWidget object at 0x7185722b9190>
2026-05-13 18:21:28,236 [DEBUG] yandextank.plugins.Console.screen screen.py:410	Rendering info widget #25: <yandextank.plugins.Autostop.plugin.AutostopWidget object at 0x7185722b9290>
2026-05-13 18:21:28,236 [DEBUG] yandextank.plugins.Console.screen screen.py:367	Rendering left blocks
2026-05-13 18:21:28,242 [DEBUG] yandextank.plugins.Console.screen screen.py:418	Composing final screen output
2026-05-13 18:21:28,242 [DEBUG] yandextank.core.tankcore tankcore.py:286	Polling <yandextank.plugins.RCAssert.plugin.Plugin object at 0x7185723189d0>
2026-05-13 18:21:28,242 [DEBUG] yandextank.plugins.Console.plugin plugin.py:73	Writing console view to STDOUT
2026-05-13 18:21:28,242 [DEBUG] yandextank.core.tankcore tankcore.py:286	Polling <yandextank.plugins.ResourceCheck.plugin.Plugin object at 0x718572318890>
2026-05-13 18:21:28,242 [DEBUG] yandextank.common.interfaces plugin.py:44	Checking tank resources...
2026-05-13 18:21:28,242 [DEBUG] yandextank.core.tankcore tankcore.py:286	Polling <yandextank.plugins.JsonReport.plugin.Plugin object at 0x71857263ba50>
2026-05-13 18:21:28,242 [DEBUG] yandextank.core.tankcore tankcore.py:292	Polling took 0.00677299499512
2026-05-13 18:21:28,242 [DEBUG] yandextank.core.tankcore tankcore.py:293	Tank status: {"core": {"stage": "shoot"}, "stepper": {"progress": 100, "loop_count": 349, "speed": "40 Krps"}, "Plugin": {"eta": 52}}
2026-05-13 18:21:28,339 [DEBUG] yandextank.plugins.Phantom.reader reader.py:62	Chunk decode time: 5.64ms
2026-05-13 18:21:28,349 [DEBUG] yandextank.aggregator.aggregator aggregator.py:157	Aggregation time: 5.19ms
2026-05-13 18:21:28,736 [DEBUG] yandextank.aggregator.tank_aggregator tank_aggregator.py:87	Data timestamps: [1778696485]
2026-05-13 18:21:28,736 [DEBUG] yandextank.aggregator.tank_aggregator tank_aggregator.py:88	Stats timestamps: []
2026-05-13 18:21:28,736 [DEBUG] yandextank.plugins.Autostop.criterions criterions.py:95	HTTP codes matching mask 5xx: 0.0/0.1
2026-05-13 18:21:28,738 [DEBUG] yandextank.plugins.Phantom.plugin plugin.py:193	Processed ammo count: 36/
2026-05-13 18:21:28,738 [DEBUG] yandextank.core.tankcore tankcore.py:286	Polling <yandextank.plugins.Phantom.plugin.Plugin object at 0x718572318290>
2026-05-13 18:21:28,738 [DEBUG] yandextank.common.interfaces interfaces.py:101	Publishing status: Plugin/eta: 52
2026-05-13 18:21:28,738 [DEBUG] yandextank.core.tankcore tankcore.py:286	Polling <yandextank.plugins.Autostop.plugin.Plugin object at 0x718572318990>
2026-05-13 18:21:28,738 [DEBUG] yandextank.core.tankcore tankcore.py:286	Polling <yandextank.plugins.ShellExec.plugin.Plugin object at 0x718572318110>
2026-05-13 18:21:28,738 [DEBUG] yandextank.core.tankcore tankcore.py:286	Polling <yandextank.plugins.Console.plugin.Plugin object at 0x7185723185d0>
2026-05-13 18:21:28,738 [DEBUG] yandextank.plugins.Console.screen screen.py:389	Terminal size: 120x30
2026-05-13 18:21:28,738 [DEBUG] yandextank.plugins.Console.screen screen.py:401	Left/right panels width: 78/37
2026-05-13 18:21:28,738 [DEBUG] yandextank.plugins.Console.screen screen.py:406	There are 3 info widgets
2026-05-13 18:21:28,738 [DEBUG] yandextank.plugins.Console.screen screen.py:410	Rendering info widget #0: <yandextank.plugins.Phantom.widget.PhantomProgressBarWidget object at 0x7185722b9150>
2026-05-13 18:21:28,738 [DEBUG] yandextank.plugins.Console.screen screen.py:410	Rendering info widget #2: <yandextank.plugins.Phantom.widget.PhantomInfoWidget object at 0x7185722b9190>
2026-05-13 18:21:28,738 [DEBUG] yandextank.plugins.Console.screen screen.py:410	Rendering info widget #25: <yandextank.plugins.Autostop.plugin.AutostopWidget object at 0x7185722b9290>
2026-05-13 18:21:28,738 [DEBUG] yandextank.plugins.Console.screen screen.py:367	Rendering left blocks
2026-05-13 18:21:28,744 [DEBUG] yandextank.plugins.Console.screen screen.py:418	Composing final screen output
2026-05-13 18:21:28,744 [DEBUG] yandextank.core.tankcore tankcore.py:286	Polling <yandextank.plugins.RCAssert.plugin.Plugin object at 0x7185723189d0>
2026-05-13 18:21:28,744 [DEBUG] yandextank.plugins.Console.plugin plugin.py:73	Writing console view to STDOUT
2026-05-13 18:21:28,744 [DEBUG] yandextank.core.tankcore tankcore.py:286	Polling <yandextank.plugins.ResourceCheck.plugin.Plugin object at 0x718572318890>
2026-05-13 18:21:28,744 [DEBUG] yandextank.common.interfaces plugin.py:44	Checking tank resources...
2026-05-13 18:21:28,744 [DEBUG] yandextank.core.tankcore tankcore.py:286	Polling <yandextank.plugins.JsonReport.plugin.Plugin object at 0x71857263ba50>
2026-05-13 18:21:28,745 [DEBUG] yandextank.core.tankcore tankcore.py:292	Polling took 0.00835013389587
2026-05-13 18:21:28,745 [DEBUG] yandextank.core.tankcore tankcore.py:293	Tank status: {"core": {"stage": "shoot"}, "stepper": {"progress": 100, "loop_count": 349, "speed": "40 Krps"}, "Plugin": {"eta": 52}}
2026-05-13 18:21:29,237 [DEBUG] yandextank.aggregator.tank_aggregator tank_aggregator.py:87	Data timestamps: []
2026-05-13 18:21:29,237 [DEBUG] yandextank.aggregator.tank_aggregator tank_aggregator.py:88	Stats timestamps: [1778696486]
2026-05-13 18:21:29,237 [DEBUG] yandextank.core.tankcore tankcore.py:286	Polling <yandextank.plugins.Phantom.plugin.Plugin object at 0x718572318290>
2026-05-13 18:21:29,237 [DEBUG] yandextank.common.interfaces interfaces.py:101	Publishing status: Plugin/eta: 51
2026-05-13 18:21:29,237 [DEBUG] yandextank.core.tankcore tankcore.py:286	Polling <yandextank.plugins.Autostop.plugin.Plugin object at 0x718572318990>
2026-05-13 18:21:29,237 [DEBUG] yandextank.core.tankcore tankcore.py:286	Polling <yandextank.plugins.ShellExec.plugin.Plugin object at 0x718572318110>
2026-05-13 18:21:29,237 [DEBUG] yandextank.core.tankcore tankcore.py:286	Polling <yandextank.plugins.Console.plugin.Plugin object at 0x7185723185d0>
2026-05-13 18:21:29,237 [DEBUG] yandextank.plugins.Console.screen screen.py:389	Terminal size: 120x30
2026-05-13 18:21:29,237 [DEBUG] yandextank.plugins.Console.screen screen.py:401	Left/right panels width: 78/37
2026-05-13 18:21:29,237 [DEBUG] yandextank.plugins.Console.screen screen.py:406	There are 3 info widgets
2026-05-13 18:21:29,237 [DEBUG] yandextank.plugins.Console.screen screen.py:410	Rendering info widget #0: <yandextank.plugins.Phantom.widget.PhantomProgressBarWidget object at 0x7185722b9150>
2026-05-13 18:21:29,238 [DEBUG] yandextank.plugins.Console.screen screen.py:410	Rendering info widget #2: <yandextank.plugins.Phantom.widget.PhantomInfoWidget object at 0x7185722b9190>
2026-05-13 18:21:29,238 [DEBUG] yandextank.plugins.Console.screen screen.py:410	Rendering info widget #25: <yandextank.plugins.Autostop.plugin.AutostopWidget object at 0x7185722b9290>
2026-05-13 18:21:29,238 [DEBUG] yandextank.plugins.Console.screen screen.py:367	Rendering left blocks
2026-05-13 18:21:29,244 [DEBUG] yandextank.plugins.Console.screen screen.py:418	Composing final screen output
2026-05-13 18:21:29,244 [DEBUG] yandextank.core.tankcore tankcore.py:286	Polling <yandextank.plugins.RCAssert.plugin.Plugin object at 0x7185723189d0>
2026-05-13 18:21:29,244 [DEBUG] yandextank.core.tankcore tankcore.py:286	Polling <yandextank.plugins.ResourceCheck.plugin.Plugin object at 0x718572318890>
2026-05-13 18:21:29,244 [DEBUG] yandextank.common.interfaces plugin.py:44	Checking tank resources...
2026-05-13 18:21:29,244 [DEBUG] yandextank.core.tankcore tankcore.py:286	Polling <yandextank.plugins.JsonReport.plugin.Plugin object at 0x71857263ba50>
2026-05-13 18:21:29,244 [DEBUG] yandextank.plugins.Console.plugin plugin.py:73	Writing console view to STDOUT
2026-05-13 18:21:29,244 [DEBUG] yandextank.core.tankcore tankcore.py:292	Polling took 0.00756692886353
2026-05-13 18:21:29,245 [DEBUG] yandextank.core.tankcore tankcore.py:293	Tank status: {"core": {"stage": "shoot"}, "stepper": {"progress": 100, "loop_count": 349, "speed": "40 Krps"}, "Plugin": {"eta": 51}}
2026-05-13 18:21:29,356 [DEBUG] yandextank.plugins.Phantom.reader reader.py:62	Chunk decode time: 5.77ms
2026-05-13 18:21:29,366 [DEBUG] yandextank.aggregator.aggregator aggregator.py:157	Aggregation time: 5.02ms
2026-05-13 18:21:29,738 [DEBUG] yandextank.aggregator.tank_aggregator tank_aggregator.py:87	Data timestamps: [1778696486]
2026-05-13 18:21:29,738 [DEBUG] yandextank.aggregator.tank_aggregator tank_aggregator.py:88	Stats timestamps: []
2026-05-13 18:21:29,738 [DEBUG] yandextank.plugins.Autostop.criterions criterions.py:95	HTTP codes matching mask 5xx: 0.0/0.1
2026-05-13 18:21:29,739 [DEBUG] yandextank.plugins.Phantom.plugin plugin.py:193	Processed ammo count: 44/
2026-05-13 18:21:29,739 [DEBUG] yandextank.core.tankcore tankcore.py:286	Polling <yandextank.plugins.Phantom.plugin.Plugin object at 0x718572318290>
2026-05-13 18:21:29,739 [DEBUG] yandextank.common.interfaces interfaces.py:101	Publishing status: Plugin/eta: 51
2026-05-13 18:21:29,740 [DEBUG] yandextank.core.tankcore tankcore.py:286	Polling <yandextank.plugins.Autostop.plugin.Plugin object at 0x718572318990>
2026-05-13 18:21:29,740 [DEBUG] yandextank.core.tankcore tankcore.py:286	Polling <yandextank.plugins.ShellExec.plugin.Plugin object at 0x718572318110>
2026-05-13 18:21:29,740 [DEBUG] yandextank.core.tankcore tankcore.py:286	Polling <yandextank.plugins.Console.plugin.Plugin object at 0x7185723185d0>
2026-05-13 18:21:29,740 [DEBUG] yandextank.plugins.Console.screen screen.py:389	Terminal size: 120x30
2026-05-13 18:21:29,740 [DEBUG] yandextank.plugins.Console.screen screen.py:401	Left/right panels width: 78/37
2026-05-13 18:21:29,740 [DEBUG] yandextank.plugins.Console.screen screen.py:406	There are 3 info widgets
2026-05-13 18:21:29,740 [DEBUG] yandextank.plugins.Console.screen screen.py:410	Rendering info widget #0: <yandextank.plugins.Phantom.widget.PhantomProgressBarWidget object at 0x7185722b9150>
2026-05-13 18:21:29,740 [DEBUG] yandextank.plugins.Console.screen screen.py:410	Rendering info widget #2: <yandextank.plugins.Phantom.widget.PhantomInfoWidget object at 0x7185722b9190>
2026-05-13 18:21:29,740 [DEBUG] yandextank.plugins.Console.screen screen.py:410	Rendering info widget #25: <yandextank.plugins.Autostop.plugin.AutostopWidget object at 0x7185722b9290>
2026-05-13 18:21:29,740 [DEBUG] yandextank.plugins.Console.screen screen.py:367	Rendering left blocks
2026-05-13 18:21:29,746 [DEBUG] yandextank.plugins.Console.screen screen.py:418	Composing final screen output
2026-05-13 18:21:29,746 [DEBUG] yandextank.core.tankcore tankcore.py:286	Polling <yandextank.plugins.RCAssert.plugin.Plugin object at 0x7185723189d0>
2026-05-13 18:21:29,746 [DEBUG] yandextank.core.tankcore tankcore.py:286	Polling <yandextank.plugins.ResourceCheck.plugin.Plugin object at 0x718572318890>
2026-05-13 18:21:29,746 [DEBUG] yandextank.plugins.Console.plugin plugin.py:73	Writing console view to STDOUT
2026-05-13 18:21:29,746 [DEBUG] yandextank.common.interfaces plugin.py:44	Checking tank resources...
2026-05-13 18:21:29,746 [DEBUG] yandextank.core.tankcore tankcore.py:286	Polling <yandextank.plugins.JsonReport.plugin.Plugin object at 0x71857263ba50>
2026-05-13 18:21:29,746 [DEBUG] yandextank.core.tankcore tankcore.py:292	Polling took 0.00892996788025
2026-05-13 18:21:29,747 [DEBUG] yandextank.core.tankcore tankcore.py:293	Tank status: {"core": {"stage": "shoot"}, "stepper": {"progress": 100, "loop_count": 349, "speed": "40 Krps"}, "Plugin": {"eta": 51}}
2026-05-13 18:21:30,238 [DEBUG] yandextank.aggregator.tank_aggregator tank_aggregator.py:87	Data timestamps: []
2026-05-13 18:21:30,238 [DEBUG] yandextank.aggregator.tank_aggregator tank_aggregator.py:88	Stats timestamps: [1778696487]
2026-05-13 18:21:30,238 [DEBUG] yandextank.core.tankcore tankcore.py:286	Polling <yandextank.plugins.Phantom.plugin.Plugin object at 0x718572318290>
2026-05-13 18:21:30,239 [DEBUG] yandextank.common.interfaces interfaces.py:101	Publishing status: Plugin/eta: 50
2026-05-13 18:21:30,239 [DEBUG] yandextank.core.tankcore tankcore.py:286	Polling <yandextank.plugins.Autostop.plugin.Plugin object at 0x718572318990>
2026-05-13 18:21:30,239 [DEBUG] yandextank.core.tankcore tankcore.py:286	Polling <yandextank.plugins.ShellExec.plugin.Plugin object at 0x718572318110>
2026-05-13 18:21:30,239 [DEBUG] yandextank.core.tankcore tankcore.py:286	Polling <yandextank.plugins.Console.plugin.Plugin object at 0x7185723185d0>
2026-05-13 18:21:30,239 [DEBUG] yandextank.plugins.Console.screen screen.py:389	Terminal size: 120x30
2026-05-13 18:21:30,239 [DEBUG] yandextank.plugins.Console.screen screen.py:401	Left/right panels width: 78/37
2026-05-13 18:21:30,239 [DEBUG] yandextank.plugins.Console.screen screen.py:406	There are 3 info widgets
2026-05-13 18:21:30,239 [DEBUG] yandextank.plugins.Console.screen screen.py:410	Rendering info widget #0: <yandextank.plugins.Phantom.widget.PhantomProgressBarWidget object at 0x7185722b9150>
2026-05-13 18:21:30,239 [DEBUG] yandextank.plugins.Console.screen screen.py:410	Rendering info widget #2: <yandextank.plugins.Phantom.widget.PhantomInfoWidget object at 0x7185722b9190>
2026-05-13 18:21:30,239 [DEBUG] yandextank.plugins.Console.screen screen.py:410	Rendering info widget #25: <yandextank.plugins.Autostop.plugin.AutostopWidget object at 0x7185722b9290>
2026-05-13 18:21:30,239 [DEBUG] yandextank.plugins.Console.screen screen.py:367	Rendering left blocks
2026-05-13 18:21:30,246 [DEBUG] yandextank.plugins.Console.screen screen.py:418	Composing final screen output
2026-05-13 18:21:30,246 [DEBUG] yandextank.core.tankcore tankcore.py:286	Polling <yandextank.plugins.RCAssert.plugin.Plugin object at 0x7185723189d0>
2026-05-13 18:21:30,247 [DEBUG] yandextank.plugins.Console.plugin plugin.py:73	Writing console view to STDOUT
2026-05-13 18:21:30,247 [DEBUG] yandextank.core.tankcore tankcore.py:286	Polling <yandextank.plugins.ResourceCheck.plugin.Plugin object at 0x718572318890>
2026-05-13 18:21:30,247 [DEBUG] yandextank.common.interfaces plugin.py:44	Checking tank resources...
2026-05-13 18:21:30,247 [DEBUG] netort.process process.py:23	Starting: sh -c "df --no-sync -m -P -l -x fuse -x tmpfs -x devtmpfs -x davfs -x nfs /var/loadtest/logs | tail -n 1 | awk '{print \$4}' "
2026-05-13 18:21:30,254 [DEBUG] netort.process process.py:46	Process output:
3023

2026-05-13 18:21:30,254 [DEBUG] netort.process process.py:48	Process exit code: 0
2026-05-13 18:21:30,254 [DEBUG] root plugin.py:58	Result: (0, '3023\n', '')
2026-05-13 18:21:30,255 [DEBUG] yandextank.common.interfaces plugin.py:64	Disk free space: 3023/2048
2026-05-13 18:21:30,255 [DEBUG] yandextank.common.interfaces plugin.py:75	Memory free: 1478/512
2026-05-13 18:21:30,255 [DEBUG] yandextank.core.tankcore tankcore.py:286	Polling <yandextank.plugins.JsonReport.plugin.Plugin object at 0x71857263ba50>
2026-05-13 18:21:30,255 [DEBUG] yandextank.core.tankcore tankcore.py:292	Polling took 0.016615152359
2026-05-13 18:21:30,255 [DEBUG] yandextank.core.tankcore tankcore.py:293	Tank status: {"core": {"stage": "shoot"}, "stepper": {"progress": 100, "loop_count": 349, "speed": "40 Krps"}, "Plugin": {"eta": 50}}
2026-05-13 18:21:30,374 [DEBUG] yandextank.plugins.Phantom.reader reader.py:62	Chunk decode time: 6.28ms
2026-05-13 18:21:30,385 [DEBUG] yandextank.aggregator.aggregator aggregator.py:157	Aggregation time: 5.19ms
2026-05-13 18:21:30,739 [DEBUG] yandextank.aggregator.tank_aggregator tank_aggregator.py:87	Data timestamps: [1778696487]
2026-05-13 18:21:30,739 [DEBUG] yandextank.aggregator.tank_aggregator tank_aggregator.py:88	Stats timestamps: []
2026-05-13 18:21:30,739 [DEBUG] yandextank.plugins.Autostop.criterions criterions.py:95	HTTP codes matching mask 5xx: 0.0/0.1
2026-05-13 18:21:30,741 [DEBUG] yandextank.plugins.Phantom.plugin plugin.py:193	Processed ammo count: 52/
2026-05-13 18:21:30,741 [DEBUG] yandextank.core.tankcore tankcore.py:286	Polling <yandextank.plugins.Phantom.plugin.Plugin object at 0x718572318290>
2026-05-13 18:21:30,741 [DEBUG] yandextank.common.interfaces interfaces.py:101	Publishing status: Plugin/eta: 50
2026-05-13 18:21:30,741 [DEBUG] yandextank.core.tankcore tankcore.py:286	Polling <yandextank.plugins.Autostop.plugin.Plugin object at 0x718572318990>
2026-05-13 18:21:30,741 [DEBUG] yandextank.core.tankcore tankcore.py:286	Polling <yandextank.plugins.ShellExec.plugin.Plugin object at 0x718572318110>
2026-05-13 18:21:30,741 [DEBUG] yandextank.core.tankcore tankcore.py:286	Polling <yandextank.plugins.Console.plugin.Plugin object at 0x7185723185d0>
2026-05-13 18:21:30,741 [DEBUG] yandextank.plugins.Console.screen screen.py:389	Terminal size: 120x30
2026-05-13 18:21:30,741 [DEBUG] yandextank.plugins.Console.screen screen.py:401	Left/right panels width: 78/37
2026-05-13 18:21:30,741 [DEBUG] yandextank.plugins.Console.screen screen.py:406	There are 3 info widgets
2026-05-13 18:21:30,741 [DEBUG] yandextank.plugins.Console.screen screen.py:410	Rendering info widget #0: <yandextank.plugins.Phantom.widget.PhantomProgressBarWidget object at 0x7185722b9150>
2026-05-13 18:21:30,741 [DEBUG] yandextank.plugins.Console.screen screen.py:410	Rendering info widget #2: <yandextank.plugins.Phantom.widget.PhantomInfoWidget object at 0x7185722b9190>
2026-05-13 18:21:30,741 [DEBUG] yandextank.plugins.Console.screen screen.py:410	Rendering info widget #25: <yandextank.plugins.Autostop.plugin.AutostopWidget object at 0x7185722b9290>
2026-05-13 18:21:30,741 [DEBUG] yandextank.plugins.Console.screen screen.py:367	Rendering left blocks
2026-05-13 18:21:30,748 [DEBUG] yandextank.plugins.Console.screen screen.py:418	Composing final screen output
2026-05-13 18:21:30,748 [DEBUG] yandextank.core.tankcore tankcore.py:286	Polling <yandextank.plugins.RCAssert.plugin.Plugin object at 0x7185723189d0>
2026-05-13 18:21:30,748 [DEBUG] yandextank.core.tankcore tankcore.py:286	Polling <yandextank.plugins.ResourceCheck.plugin.Plugin object at 0x718572318890>
2026-05-13 18:21:30,748 [DEBUG] yandextank.plugins.Console.plugin plugin.py:73	Writing console view to STDOUT
2026-05-13 18:21:30,748 [DEBUG] yandextank.common.interfaces plugin.py:44	Checking tank resources...
2026-05-13 18:21:30,749 [DEBUG] yandextank.core.tankcore tankcore.py:286	Polling <yandextank.plugins.JsonReport.plugin.Plugin object at 0x71857263ba50>
2026-05-13 18:21:30,749 [DEBUG] yandextank.core.tankcore tankcore.py:292	Polling took 0.00972104072571
2026-05-13 18:21:30,749 [DEBUG] yandextank.core.tankcore tankcore.py:293	Tank status: {"core": {"stage": "shoot"}, "stepper": {"progress": 100, "loop_count": 349, "speed": "40 Krps"}, "Plugin": {"eta": 50}}
2026-05-13 18:21:31,239 [DEBUG] yandextank.aggregator.tank_aggregator tank_aggregator.py:87	Data timestamps: []
2026-05-13 18:21:31,239 [DEBUG] yandextank.aggregator.tank_aggregator tank_aggregator.py:88	Stats timestamps: [1778696488]
2026-05-13 18:21:31,239 [DEBUG] yandextank.core.tankcore tankcore.py:286	Polling <yandextank.plugins.Phantom.plugin.Plugin object at 0x718572318290>
2026-05-13 18:21:31,239 [DEBUG] yandextank.common.interfaces interfaces.py:101	Publishing status: Plugin/eta: 49
2026-05-13 18:21:31,239 [DEBUG] yandextank.core.tankcore tankcore.py:286	Polling <yandextank.plugins.Autostop.plugin.Plugin object at 0x718572318990>
2026-05-13 18:21:31,239 [DEBUG] yandextank.core.tankcore tankcore.py:286	Polling <yandextank.plugins.ShellExec.plugin.Plugin object at 0x718572318110>
2026-05-13 18:21:31,239 [DEBUG] yandextank.core.tankcore tankcore.py:286	Polling <yandextank.plugins.Console.plugin.Plugin object at 0x7185723185d0>
2026-05-13 18:21:31,240 [DEBUG] yandextank.plugins.Console.screen screen.py:389	Terminal size: 120x30
2026-05-13 18:21:31,240 [DEBUG] yandextank.plugins.Console.screen screen.py:401	Left/right panels width: 78/37
2026-05-13 18:21:31,240 [DEBUG] yandextank.plugins.Console.screen screen.py:406	There are 3 info widgets
2026-05-13 18:21:31,240 [DEBUG] yandextank.plugins.Console.screen screen.py:410	Rendering info widget #0: <yandextank.plugins.Phantom.widget.PhantomProgressBarWidget object at 0x7185722b9150>
2026-05-13 18:21:31,240 [DEBUG] yandextank.plugins.Console.screen screen.py:410	Rendering info widget #2: <yandextank.plugins.Phantom.widget.PhantomInfoWidget object at 0x7185722b9190>
2026-05-13 18:21:31,240 [DEBUG] yandextank.plugins.Console.screen screen.py:410	Rendering info widget #25: <yandextank.plugins.Autostop.plugin.AutostopWidget object at 0x7185722b9290>
2026-05-13 18:21:31,240 [DEBUG] yandextank.plugins.Console.screen screen.py:367	Rendering left blocks
2026-05-13 18:21:31,247 [DEBUG] yandextank.plugins.Console.screen screen.py:418	Composing final screen output
2026-05-13 18:21:31,247 [DEBUG] yandextank.plugins.Console.plugin plugin.py:73	Writing console view to STDOUT
2026-05-13 18:21:31,247 [DEBUG] yandextank.core.tankcore tankcore.py:286	Polling <yandextank.plugins.RCAssert.plugin.Plugin object at 0x7185723189d0>
2026-05-13 18:21:31,248 [DEBUG] yandextank.core.tankcore tankcore.py:286	Polling <yandextank.plugins.ResourceCheck.plugin.Plugin object at 0x718572318890>
2026-05-13 18:21:31,248 [DEBUG] yandextank.common.interfaces plugin.py:44	Checking tank resources...
2026-05-13 18:21:31,248 [DEBUG] yandextank.core.tankcore tankcore.py:286	Polling <yandextank.plugins.JsonReport.plugin.Plugin object at 0x71857263ba50>
2026-05-13 18:21:31,248 [DEBUG] yandextank.core.tankcore tankcore.py:292	Polling took 0.0089910030365
2026-05-13 18:21:31,248 [DEBUG] yandextank.core.tankcore tankcore.py:293	Tank status: {"core": {"stage": "shoot"}, "stepper": {"progress": 100, "loop_count": 349, "speed": "40 Krps"}, "Plugin": {"eta": 49}}
2026-05-13 18:21:31,391 [DEBUG] yandextank.plugins.Phantom.reader reader.py:62	Chunk decode time: 5.33ms
2026-05-13 18:21:31,401 [DEBUG] yandextank.aggregator.aggregator aggregator.py:157	Aggregation time: 5.13ms
2026-05-13 18:21:31,740 [DEBUG] yandextank.aggregator.tank_aggregator tank_aggregator.py:87	Data timestamps: [1778696488]
2026-05-13 18:21:31,740 [DEBUG] yandextank.aggregator.tank_aggregator tank_aggregator.py:88	Stats timestamps: []
2026-05-13 18:21:31,740 [DEBUG] yandextank.plugins.Autostop.criterions criterions.py:95	HTTP codes matching mask 5xx: 0.0/0.1
2026-05-13 18:21:31,742 [DEBUG] yandextank.plugins.Phantom.plugin plugin.py:193	Processed ammo count: 60/
2026-05-13 18:21:31,742 [DEBUG] yandextank.core.tankcore tankcore.py:286	Polling <yandextank.plugins.Phantom.plugin.Plugin object at 0x718572318290>
2026-05-13 18:21:31,742 [DEBUG] yandextank.common.interfaces interfaces.py:101	Publishing status: Plugin/eta: 49
2026-05-13 18:21:31,742 [DEBUG] yandextank.core.tankcore tankcore.py:286	Polling <yandextank.plugins.Autostop.plugin.Plugin object at 0x718572318990>
2026-05-13 18:21:31,742 [DEBUG] yandextank.core.tankcore tankcore.py:286	Polling <yandextank.plugins.ShellExec.plugin.Plugin object at 0x718572318110>
2026-05-13 18:21:31,742 [DEBUG] yandextank.core.tankcore tankcore.py:286	Polling <yandextank.plugins.Console.plugin.Plugin object at 0x7185723185d0>
2026-05-13 18:21:31,742 [DEBUG] yandextank.plugins.Console.screen screen.py:389	Terminal size: 120x30
2026-05-13 18:21:31,742 [DEBUG] yandextank.plugins.Console.screen screen.py:401	Left/right panels width: 78/37
2026-05-13 18:21:31,742 [DEBUG] yandextank.plugins.Console.screen screen.py:406	There are 3 info widgets
2026-05-13 18:21:31,742 [DEBUG] yandextank.plugins.Console.screen screen.py:410	Rendering info widget #0: <yandextank.plugins.Phantom.widget.PhantomProgressBarWidget object at 0x7185722b9150>
2026-05-13 18:21:31,742 [DEBUG] yandextank.plugins.Console.screen screen.py:410	Rendering info widget #2: <yandextank.plugins.Phantom.widget.PhantomInfoWidget object at 0x7185722b9190>
2026-05-13 18:21:31,742 [DEBUG] yandextank.plugins.Console.screen screen.py:410	Rendering info widget #25: <yandextank.plugins.Autostop.plugin.AutostopWidget object at 0x7185722b9290>
2026-05-13 18:21:31,742 [DEBUG] yandextank.plugins.Console.screen screen.py:367	Rendering left blocks
2026-05-13 18:21:31,749 [DEBUG] yandextank.plugins.Console.screen screen.py:418	Composing final screen output
2026-05-13 18:21:31,749 [DEBUG] yandextank.core.tankcore tankcore.py:286	Polling <yandextank.plugins.RCAssert.plugin.Plugin object at 0x7185723189d0>
2026-05-13 18:21:31,749 [DEBUG] yandextank.plugins.Console.plugin plugin.py:73	Writing console view to STDOUT
2026-05-13 18:21:31,749 [DEBUG] yandextank.core.tankcore tankcore.py:286	Polling <yandextank.plugins.ResourceCheck.plugin.Plugin object at 0x718572318890>
2026-05-13 18:21:31,750 [DEBUG] yandextank.common.interfaces plugin.py:44	Checking tank resources...
2026-05-13 18:21:31,750 [DEBUG] yandextank.core.tankcore tankcore.py:286	Polling <yandextank.plugins.JsonReport.plugin.Plugin object at 0x71857263ba50>
2026-05-13 18:21:31,750 [DEBUG] yandextank.core.tankcore tankcore.py:292	Polling took 0.00975489616394
2026-05-13 18:21:31,750 [DEBUG] yandextank.core.tankcore tankcore.py:293	Tank status: {"core": {"stage": "shoot"}, "stepper": {"progress": 100, "loop_count": 349, "speed": "40 Krps"}, "Plugin": {"eta": 49}}
2026-05-13 18:21:32,241 [DEBUG] yandextank.aggregator.tank_aggregator tank_aggregator.py:87	Data timestamps: []
2026-05-13 18:21:32,241 [DEBUG] yandextank.aggregator.tank_aggregator tank_aggregator.py:88	Stats timestamps: [1778696489]
2026-05-13 18:21:32,241 [DEBUG] yandextank.core.tankcore tankcore.py:286	Polling <yandextank.plugins.Phantom.plugin.Plugin object at 0x718572318290>
2026-05-13 18:21:32,241 [DEBUG] yandextank.common.interfaces interfaces.py:101	Publishing status: Plugin/eta: 48
2026-05-13 18:21:32,241 [DEBUG] yandextank.core.tankcore tankcore.py:286	Polling <yandextank.plugins.Autostop.plugin.Plugin object at 0x718572318990>
2026-05-13 18:21:32,241 [DEBUG] yandextank.core.tankcore tankcore.py:286	Polling <yandextank.plugins.ShellExec.plugin.Plugin object at 0x718572318110>
2026-05-13 18:21:32,241 [DEBUG] yandextank.core.tankcore tankcore.py:286	Polling <yandextank.plugins.Console.plugin.Plugin object at 0x7185723185d0>
2026-05-13 18:21:32,241 [DEBUG] yandextank.plugins.Console.screen screen.py:389	Terminal size: 120x30
2026-05-13 18:21:32,241 [DEBUG] yandextank.plugins.Console.screen screen.py:401	Left/right panels width: 78/37
2026-05-13 18:21:32,241 [DEBUG] yandextank.plugins.Console.screen screen.py:406	There are 3 info widgets
2026-05-13 18:21:32,241 [DEBUG] yandextank.plugins.Console.screen screen.py:410	Rendering info widget #0: <yandextank.plugins.Phantom.widget.PhantomProgressBarWidget object at 0x7185722b9150>
2026-05-13 18:21:32,241 [DEBUG] yandextank.plugins.Console.screen screen.py:410	Rendering info widget #2: <yandextank.plugins.Phantom.widget.PhantomInfoWidget object at 0x7185722b9190>
2026-05-13 18:21:32,241 [DEBUG] yandextank.plugins.Console.screen screen.py:410	Rendering info widget #25: <yandextank.plugins.Autostop.plugin.AutostopWidget object at 0x7185722b9290>
2026-05-13 18:21:32,241 [DEBUG] yandextank.plugins.Console.screen screen.py:367	Rendering left blocks
2026-05-13 18:21:32,249 [DEBUG] yandextank.plugins.Console.screen screen.py:418	Composing final screen output
2026-05-13 18:21:32,249 [DEBUG] yandextank.core.tankcore tankcore.py:286	Polling <yandextank.plugins.RCAssert.plugin.Plugin object at 0x7185723189d0>
2026-05-13 18:21:32,249 [DEBUG] yandextank.plugins.Console.plugin plugin.py:73	Writing console view to STDOUT
2026-05-13 18:21:32,249 [DEBUG] yandextank.core.tankcore tankcore.py:286	Polling <yandextank.plugins.ResourceCheck.plugin.Plugin object at 0x718572318890>
2026-05-13 18:21:32,249 [DEBUG] yandextank.common.interfaces plugin.py:44	Checking tank resources...
2026-05-13 18:21:32,249 [DEBUG] yandextank.core.tankcore tankcore.py:286	Polling <yandextank.plugins.JsonReport.plugin.Plugin object at 0x71857263ba50>
2026-05-13 18:21:32,249 [DEBUG] yandextank.core.tankcore tankcore.py:292	Polling took 0.00888085365295
2026-05-13 18:21:32,250 [DEBUG] yandextank.core.tankcore tankcore.py:293	Tank status: {"core": {"stage": "shoot"}, "stepper": {"progress": 100, "loop_count": 349, "speed": "40 Krps"}, "Plugin": {"eta": 48}}
2026-05-13 18:21:32,407 [DEBUG] yandextank.plugins.Phantom.reader reader.py:62	Chunk decode time: 4.88ms
2026-05-13 18:21:32,418 [DEBUG] yandextank.aggregator.aggregator aggregator.py:157	Aggregation time: 4.79ms
2026-05-13 18:21:32,741 [DEBUG] yandextank.aggregator.tank_aggregator tank_aggregator.py:87	Data timestamps: [1778696489]
2026-05-13 18:21:32,742 [DEBUG] yandextank.aggregator.tank_aggregator tank_aggregator.py:88	Stats timestamps: []
2026-05-13 18:21:32,742 [DEBUG] yandextank.plugins.Autostop.criterions criterions.py:95	HTTP codes matching mask 5xx: 0.0/0.1
2026-05-13 18:21:32,743 [DEBUG] yandextank.plugins.Phantom.plugin plugin.py:193	Processed ammo count: 69/
2026-05-13 18:21:32,743 [DEBUG] yandextank.core.tankcore tankcore.py:286	Polling <yandextank.plugins.Phantom.plugin.Plugin object at 0x718572318290>
2026-05-13 18:21:32,743 [DEBUG] yandextank.common.interfaces interfaces.py:101	Publishing status: Plugin/eta: 48
2026-05-13 18:21:32,743 [DEBUG] yandextank.core.tankcore tankcore.py:286	Polling <yandextank.plugins.Autostop.plugin.Plugin object at 0x718572318990>
2026-05-13 18:21:32,743 [DEBUG] yandextank.core.tankcore tankcore.py:286	Polling <yandextank.plugins.ShellExec.plugin.Plugin object at 0x718572318110>
2026-05-13 18:21:32,743 [DEBUG] yandextank.core.tankcore tankcore.py:286	Polling <yandextank.plugins.Console.plugin.Plugin object at 0x7185723185d0>
2026-05-13 18:21:32,743 [DEBUG] yandextank.plugins.Console.screen screen.py:389	Terminal size: 120x30
2026-05-13 18:21:32,743 [DEBUG] yandextank.plugins.Console.screen screen.py:401	Left/right panels width: 78/37
2026-05-13 18:21:32,743 [DEBUG] yandextank.plugins.Console.screen screen.py:406	There are 3 info widgets
2026-05-13 18:21:32,743 [DEBUG] yandextank.plugins.Console.screen screen.py:410	Rendering info widget #0: <yandextank.plugins.Phantom.widget.PhantomProgressBarWidget object at 0x7185722b9150>
2026-05-13 18:21:32,744 [DEBUG] yandextank.plugins.Console.screen screen.py:410	Rendering info widget #2: <yandextank.plugins.Phantom.widget.PhantomInfoWidget object at 0x7185722b9190>
2026-05-13 18:21:32,744 [DEBUG] yandextank.plugins.Console.screen screen.py:410	Rendering info widget #25: <yandextank.plugins.Autostop.plugin.AutostopWidget object at 0x7185722b9290>
2026-05-13 18:21:32,744 [DEBUG] yandextank.plugins.Console.screen screen.py:367	Rendering left blocks
2026-05-13 18:21:32,751 [DEBUG] yandextank.plugins.Console.screen screen.py:418	Composing final screen output
2026-05-13 18:21:32,752 [DEBUG] yandextank.core.tankcore tankcore.py:286	Polling <yandextank.plugins.RCAssert.plugin.Plugin object at 0x7185723189d0>
2026-05-13 18:21:32,752 [DEBUG] yandextank.plugins.Console.plugin plugin.py:73	Writing console view to STDOUT
2026-05-13 18:21:32,752 [DEBUG] yandextank.core.tankcore tankcore.py:286	Polling <yandextank.plugins.ResourceCheck.plugin.Plugin object at 0x718572318890>
2026-05-13 18:21:32,752 [DEBUG] yandextank.common.interfaces plugin.py:44	Checking tank resources...
2026-05-13 18:21:32,752 [DEBUG] yandextank.core.tankcore tankcore.py:286	Polling <yandextank.plugins.JsonReport.plugin.Plugin object at 0x71857263ba50>
2026-05-13 18:21:32,752 [DEBUG] yandextank.core.tankcore tankcore.py:292	Polling took 0.0108261108398
2026-05-13 18:21:32,752 [DEBUG] yandextank.core.tankcore tankcore.py:293	Tank status: {"core": {"stage": "shoot"}, "stepper": {"progress": 100, "loop_count": 349, "speed": "40 Krps"}, "Plugin": {"eta": 48}}
2026-05-13 18:21:33,242 [DEBUG] yandextank.aggregator.tank_aggregator tank_aggregator.py:87	Data timestamps: []
2026-05-13 18:21:33,242 [DEBUG] yandextank.aggregator.tank_aggregator tank_aggregator.py:88	Stats timestamps: [1778696490]
2026-05-13 18:21:33,242 [DEBUG] yandextank.core.tankcore tankcore.py:286	Polling <yandextank.plugins.Phantom.plugin.Plugin object at 0x718572318290>
2026-05-13 18:21:33,242 [DEBUG] yandextank.common.interfaces interfaces.py:101	Publishing status: Plugin/eta: 47
2026-05-13 18:21:33,242 [DEBUG] yandextank.core.tankcore tankcore.py:286	Polling <yandextank.plugins.Autostop.plugin.Plugin object at 0x718572318990>
2026-05-13 18:21:33,242 [DEBUG] yandextank.core.tankcore tankcore.py:286	Polling <yandextank.plugins.ShellExec.plugin.Plugin object at 0x718572318110>
2026-05-13 18:21:33,242 [DEBUG] yandextank.core.tankcore tankcore.py:286	Polling <yandextank.plugins.Console.plugin.Plugin object at 0x7185723185d0>
2026-05-13 18:21:33,242 [DEBUG] yandextank.plugins.Console.screen screen.py:389	Terminal size: 120x30
2026-05-13 18:21:33,243 [DEBUG] yandextank.plugins.Console.screen screen.py:401	Left/right panels width: 78/37
2026-05-13 18:21:33,243 [DEBUG] yandextank.plugins.Console.screen screen.py:406	There are 3 info widgets
2026-05-13 18:21:33,243 [DEBUG] yandextank.plugins.Console.screen screen.py:410	Rendering info widget #0: <yandextank.plugins.Phantom.widget.PhantomProgressBarWidget object at 0x7185722b9150>
2026-05-13 18:21:33,243 [DEBUG] yandextank.plugins.Console.screen screen.py:410	Rendering info widget #2: <yandextank.plugins.Phantom.widget.PhantomInfoWidget object at 0x7185722b9190>
2026-05-13 18:21:33,243 [DEBUG] yandextank.plugins.Console.screen screen.py:410	Rendering info widget #25: <yandextank.plugins.Autostop.plugin.AutostopWidget object at 0x7185722b9290>
2026-05-13 18:21:33,243 [DEBUG] yandextank.plugins.Console.screen screen.py:367	Rendering left blocks
2026-05-13 18:21:33,251 [DEBUG] yandextank.plugins.Console.screen screen.py:418	Composing final screen output
2026-05-13 18:21:33,251 [DEBUG] yandextank.core.tankcore tankcore.py:286	Polling <yandextank.plugins.RCAssert.plugin.Plugin object at 0x7185723189d0>
2026-05-13 18:21:33,251 [DEBUG] yandextank.core.tankcore tankcore.py:286	Polling <yandextank.plugins.ResourceCheck.plugin.Plugin object at 0x718572318890>
2026-05-13 18:21:33,251 [DEBUG] yandextank.plugins.Console.plugin plugin.py:73	Writing console view to STDOUT
2026-05-13 18:21:33,251 [DEBUG] yandextank.common.interfaces plugin.py:44	Checking tank resources...
2026-05-13 18:21:33,252 [DEBUG] yandextank.core.tankcore tankcore.py:286	Polling <yandextank.plugins.JsonReport.plugin.Plugin object at 0x71857263ba50>
2026-05-13 18:21:33,252 [DEBUG] yandextank.core.tankcore tankcore.py:292	Polling took 0.00960898399353
2026-05-13 18:21:33,252 [DEBUG] yandextank.core.tankcore tankcore.py:293	Tank status: {"core": {"stage": "shoot"}, "stepper": {"progress": 100, "loop_count": 349, "speed": "40 Krps"}, "Plugin": {"eta": 47}}
2026-05-13 18:21:33,425 [DEBUG] yandextank.plugins.Phantom.reader reader.py:62	Chunk decode time: 5.41ms
2026-05-13 18:21:33,436 [DEBUG] yandextank.aggregator.aggregator aggregator.py:157	Aggregation time: 4.69ms
2026-05-13 18:21:33,743 [DEBUG] yandextank.aggregator.tank_aggregator tank_aggregator.py:87	Data timestamps: [1778696490]
2026-05-13 18:21:33,743 [DEBUG] yandextank.aggregator.tank_aggregator tank_aggregator.py:88	Stats timestamps: []
2026-05-13 18:21:33,743 [DEBUG] yandextank.plugins.Autostop.criterions criterions.py:95	HTTP codes matching mask 5xx: 0.0/0.1
2026-05-13 18:21:33,744 [DEBUG] yandextank.plugins.Phantom.plugin plugin.py:193	Processed ammo count: 79/
2026-05-13 18:21:33,744 [DEBUG] yandextank.core.tankcore tankcore.py:286	Polling <yandextank.plugins.Phantom.plugin.Plugin object at 0x718572318290>
2026-05-13 18:21:33,745 [DEBUG] yandextank.common.interfaces interfaces.py:101	Publishing status: Plugin/eta: 47
2026-05-13 18:21:33,745 [DEBUG] yandextank.core.tankcore tankcore.py:286	Polling <yandextank.plugins.Autostop.plugin.Plugin object at 0x718572318990>
2026-05-13 18:21:33,745 [DEBUG] yandextank.core.tankcore tankcore.py:286	Polling <yandextank.plugins.ShellExec.plugin.Plugin object at 0x718572318110>
2026-05-13 18:21:33,745 [DEBUG] yandextank.core.tankcore tankcore.py:286	Polling <yandextank.plugins.Console.plugin.Plugin object at 0x7185723185d0>
2026-05-13 18:21:33,745 [DEBUG] yandextank.plugins.Console.screen screen.py:389	Terminal size: 120x30
2026-05-13 18:21:33,745 [DEBUG] yandextank.plugins.Console.screen screen.py:401	Left/right panels width: 78/37
2026-05-13 18:21:33,745 [DEBUG] yandextank.plugins.Console.screen screen.py:406	There are 3 info widgets
2026-05-13 18:21:33,745 [DEBUG] yandextank.plugins.Console.screen screen.py:410	Rendering info widget #0: <yandextank.plugins.Phantom.widget.PhantomProgressBarWidget object at 0x7185722b9150>
2026-05-13 18:21:33,745 [DEBUG] yandextank.plugins.Console.screen screen.py:410	Rendering info widget #2: <yandextank.plugins.Phantom.widget.PhantomInfoWidget object at 0x7185722b9190>
2026-05-13 18:21:33,745 [DEBUG] yandextank.plugins.Console.screen screen.py:410	Rendering info widget #25: <yandextank.plugins.Autostop.plugin.AutostopWidget object at 0x7185722b9290>
2026-05-13 18:21:33,745 [DEBUG] yandextank.plugins.Console.screen screen.py:367	Rendering left blocks
2026-05-13 18:21:33,753 [DEBUG] yandextank.plugins.Console.screen screen.py:418	Composing final screen output
2026-05-13 18:21:33,753 [DEBUG] yandextank.core.tankcore tankcore.py:286	Polling <yandextank.plugins.RCAssert.plugin.Plugin object at 0x7185723189d0>
2026-05-13 18:21:33,753 [DEBUG] yandextank.core.tankcore tankcore.py:286	Polling <yandextank.plugins.ResourceCheck.plugin.Plugin object at 0x718572318890>
2026-05-13 18:21:33,754 [DEBUG] yandextank.plugins.Console.plugin plugin.py:73	Writing console view to STDOUT
2026-05-13 18:21:33,754 [DEBUG] yandextank.common.interfaces plugin.py:44	Checking tank resources...
2026-05-13 18:21:33,754 [DEBUG] yandextank.core.tankcore tankcore.py:286	Polling <yandextank.plugins.JsonReport.plugin.Plugin object at 0x71857263ba50>
2026-05-13 18:21:33,754 [DEBUG] yandextank.core.tankcore tankcore.py:292	Polling took 0.0112771987915
2026-05-13 18:21:33,754 [DEBUG] yandextank.core.tankcore tankcore.py:293	Tank status: {"core": {"stage": "shoot"}, "stepper": {"progress": 100, "loop_count": 349, "speed": "40 Krps"}, "Plugin": {"eta": 47}}
2026-05-13 18:21:34,243 [DEBUG] yandextank.aggregator.tank_aggregator tank_aggregator.py:87	Data timestamps: []
2026-05-13 18:21:34,243 [DEBUG] yandextank.aggregator.tank_aggregator tank_aggregator.py:88	Stats timestamps: [1778696491]
2026-05-13 18:21:34,243 [DEBUG] yandextank.core.tankcore tankcore.py:286	Polling <yandextank.plugins.Phantom.plugin.Plugin object at 0x718572318290>
2026-05-13 18:21:34,244 [DEBUG] yandextank.common.interfaces interfaces.py:101	Publishing status: Plugin/eta: 46
2026-05-13 18:21:34,244 [DEBUG] yandextank.core.tankcore tankcore.py:286	Polling <yandextank.plugins.Autostop.plugin.Plugin object at 0x718572318990>
2026-05-13 18:21:34,244 [DEBUG] yandextank.core.tankcore tankcore.py:286	Polling <yandextank.plugins.ShellExec.plugin.Plugin object at 0x718572318110>
2026-05-13 18:21:34,244 [DEBUG] yandextank.core.tankcore tankcore.py:286	Polling <yandextank.plugins.Console.plugin.Plugin object at 0x7185723185d0>
2026-05-13 18:21:34,244 [DEBUG] yandextank.plugins.Console.screen screen.py:389	Terminal size: 120x30
2026-05-13 18:21:34,244 [DEBUG] yandextank.plugins.Console.screen screen.py:401	Left/right panels width: 78/37
2026-05-13 18:21:34,244 [DEBUG] yandextank.plugins.Console.screen screen.py:406	There are 3 info widgets
2026-05-13 18:21:34,244 [DEBUG] yandextank.plugins.Console.screen screen.py:410	Rendering info widget #0: <yandextank.plugins.Phantom.widget.PhantomProgressBarWidget object at 0x7185722b9150>
2026-05-13 18:21:34,244 [DEBUG] yandextank.plugins.Console.screen screen.py:410	Rendering info widget #2: <yandextank.plugins.Phantom.widget.PhantomInfoWidget object at 0x7185722b9190>
2026-05-13 18:21:34,244 [DEBUG] yandextank.plugins.Console.screen screen.py:410	Rendering info widget #25: <yandextank.plugins.Autostop.plugin.AutostopWidget object at 0x7185722b9290>
2026-05-13 18:21:34,244 [DEBUG] yandextank.plugins.Console.screen screen.py:367	Rendering left blocks
2026-05-13 18:21:34,252 [DEBUG] yandextank.plugins.Console.screen screen.py:418	Composing final screen output
2026-05-13 18:21:34,252 [DEBUG] yandextank.core.tankcore tankcore.py:286	Polling <yandextank.plugins.RCAssert.plugin.Plugin object at 0x7185723189d0>
2026-05-13 18:21:34,253 [DEBUG] yandextank.core.tankcore tankcore.py:286	Polling <yandextank.plugins.ResourceCheck.plugin.Plugin object at 0x718572318890>
2026-05-13 18:21:34,253 [DEBUG] yandextank.plugins.Console.plugin plugin.py:73	Writing console view to STDOUT
2026-05-13 18:21:34,253 [DEBUG] yandextank.common.interfaces plugin.py:44	Checking tank resources...
2026-05-13 18:21:34,253 [DEBUG] yandextank.core.tankcore tankcore.py:286	Polling <yandextank.plugins.JsonReport.plugin.Plugin object at 0x71857263ba50>
2026-05-13 18:21:34,253 [DEBUG] yandextank.core.tankcore tankcore.py:292	Polling took 0.0095808506012
2026-05-13 18:21:34,253 [DEBUG] yandextank.core.tankcore tankcore.py:293	Tank status: {"core": {"stage": "shoot"}, "stepper": {"progress": 100, "loop_count": 349, "speed": "40 Krps"}, "Plugin": {"eta": 46}}
2026-05-13 18:21:34,442 [DEBUG] yandextank.plugins.Phantom.reader reader.py:62	Chunk decode time: 5.12ms
2026-05-13 18:21:34,451 [DEBUG] yandextank.aggregator.aggregator aggregator.py:157	Aggregation time: 4.65ms
2026-05-13 18:21:34,744 [DEBUG] yandextank.aggregator.tank_aggregator tank_aggregator.py:87	Data timestamps: [1778696491]
2026-05-13 18:21:34,744 [DEBUG] yandextank.aggregator.tank_aggregator tank_aggregator.py:88	Stats timestamps: []
2026-05-13 18:21:34,744 [DEBUG] yandextank.plugins.Autostop.criterions criterions.py:95	HTTP codes matching mask 5xx: 0.0/0.1
2026-05-13 18:21:34,745 [DEBUG] yandextank.plugins.Phantom.plugin plugin.py:193	Processed ammo count: 88/
2026-05-13 18:21:34,746 [DEBUG] yandextank.core.tankcore tankcore.py:286	Polling <yandextank.plugins.Phantom.plugin.Plugin object at 0x718572318290>
2026-05-13 18:21:34,746 [DEBUG] yandextank.common.interfaces interfaces.py:101	Publishing status: Plugin/eta: 46
2026-05-13 18:21:34,746 [DEBUG] yandextank.core.tankcore tankcore.py:286	Polling <yandextank.plugins.Autostop.plugin.Plugin object at 0x718572318990>
2026-05-13 18:21:34,746 [DEBUG] yandextank.core.tankcore tankcore.py:286	Polling <yandextank.plugins.ShellExec.plugin.Plugin object at 0x718572318110>
2026-05-13 18:21:34,746 [DEBUG] yandextank.core.tankcore tankcore.py:286	Polling <yandextank.plugins.Console.plugin.Plugin object at 0x7185723185d0>
2026-05-13 18:21:34,746 [DEBUG] yandextank.plugins.Console.screen screen.py:389	Terminal size: 120x30
2026-05-13 18:21:34,746 [DEBUG] yandextank.plugins.Console.screen screen.py:401	Left/right panels width: 78/37
2026-05-13 18:21:34,746 [DEBUG] yandextank.plugins.Console.screen screen.py:406	There are 3 info widgets
2026-05-13 18:21:34,746 [DEBUG] yandextank.plugins.Console.screen screen.py:410	Rendering info widget #0: <yandextank.plugins.Phantom.widget.PhantomProgressBarWidget object at 0x7185722b9150>
2026-05-13 18:21:34,746 [DEBUG] yandextank.plugins.Console.screen screen.py:410	Rendering info widget #2: <yandextank.plugins.Phantom.widget.PhantomInfoWidget object at 0x7185722b9190>
2026-05-13 18:21:34,746 [DEBUG] yandextank.plugins.Console.screen screen.py:410	Rendering info widget #25: <yandextank.plugins.Autostop.plugin.AutostopWidget object at 0x7185722b9290>
2026-05-13 18:21:34,746 [DEBUG] yandextank.plugins.Console.screen screen.py:367	Rendering left blocks
2026-05-13 18:21:34,755 [DEBUG] yandextank.plugins.Console.screen screen.py:418	Composing final screen output
2026-05-13 18:21:34,755 [DEBUG] yandextank.core.tankcore tankcore.py:286	Polling <yandextank.plugins.RCAssert.plugin.Plugin object at 0x7185723189d0>
2026-05-13 18:21:34,755 [DEBUG] yandextank.plugins.Console.plugin plugin.py:73	Writing console view to STDOUT
2026-05-13 18:21:34,755 [DEBUG] yandextank.core.tankcore tankcore.py:286	Polling <yandextank.plugins.ResourceCheck.plugin.Plugin object at 0x718572318890>
2026-05-13 18:21:34,756 [DEBUG] yandextank.common.interfaces plugin.py:44	Checking tank resources...
2026-05-13 18:21:34,756 [DEBUG] yandextank.core.tankcore tankcore.py:286	Polling <yandextank.plugins.JsonReport.plugin.Plugin object at 0x71857263ba50>
2026-05-13 18:21:34,756 [DEBUG] yandextank.core.tankcore tankcore.py:292	Polling took 0.0120391845703
2026-05-13 18:21:34,756 [DEBUG] yandextank.core.tankcore tankcore.py:293	Tank status: {"core": {"stage": "shoot"}, "stepper": {"progress": 100, "loop_count": 349, "speed": "40 Krps"}, "Plugin": {"eta": 46}}
2026-05-13 18:21:35,244 [DEBUG] yandextank.aggregator.tank_aggregator tank_aggregator.py:87	Data timestamps: []
2026-05-13 18:21:35,245 [DEBUG] yandextank.aggregator.tank_aggregator tank_aggregator.py:88	Stats timestamps: [1778696492]
2026-05-13 18:21:35,245 [DEBUG] yandextank.core.tankcore tankcore.py:286	Polling <yandextank.plugins.Phantom.plugin.Plugin object at 0x718572318290>
2026-05-13 18:21:35,245 [DEBUG] yandextank.common.interfaces interfaces.py:101	Publishing status: Plugin/eta: 45
2026-05-13 18:21:35,245 [DEBUG] yandextank.core.tankcore tankcore.py:286	Polling <yandextank.plugins.Autostop.plugin.Plugin object at 0x718572318990>
2026-05-13 18:21:35,245 [DEBUG] yandextank.core.tankcore tankcore.py:286	Polling <yandextank.plugins.ShellExec.plugin.Plugin object at 0x718572318110>
2026-05-13 18:21:35,245 [DEBUG] yandextank.core.tankcore tankcore.py:286	Polling <yandextank.plugins.Console.plugin.Plugin object at 0x7185723185d0>
2026-05-13 18:21:35,245 [DEBUG] yandextank.plugins.Console.screen screen.py:389	Terminal size: 120x30
2026-05-13 18:21:35,245 [DEBUG] yandextank.plugins.Console.screen screen.py:401	Left/right panels width: 78/37
2026-05-13 18:21:35,245 [DEBUG] yandextank.plugins.Console.screen screen.py:406	There are 3 info widgets
2026-05-13 18:21:35,245 [DEBUG] yandextank.plugins.Console.screen screen.py:410	Rendering info widget #0: <yandextank.plugins.Phantom.widget.PhantomProgressBarWidget object at 0x7185722b9150>
2026-05-13 18:21:35,245 [DEBUG] yandextank.plugins.Console.screen screen.py:410	Rendering info widget #2: <yandextank.plugins.Phantom.widget.PhantomInfoWidget object at 0x7185722b9190>
2026-05-13 18:21:35,245 [DEBUG] yandextank.plugins.Console.screen screen.py:410	Rendering info widget #25: <yandextank.plugins.Autostop.plugin.AutostopWidget object at 0x7185722b9290>
2026-05-13 18:21:35,245 [DEBUG] yandextank.plugins.Console.screen screen.py:367	Rendering left blocks
2026-05-13 18:21:35,254 [DEBUG] yandextank.plugins.Console.screen screen.py:418	Composing final screen output
2026-05-13 18:21:35,255 [DEBUG] yandextank.core.tankcore tankcore.py:286	Polling <yandextank.plugins.RCAssert.plugin.Plugin object at 0x7185723189d0>
2026-05-13 18:21:35,255 [DEBUG] yandextank.plugins.Console.plugin plugin.py:73	Writing console view to STDOUT
2026-05-13 18:21:35,255 [DEBUG] yandextank.core.tankcore tankcore.py:286	Polling <yandextank.plugins.ResourceCheck.plugin.Plugin object at 0x718572318890>
2026-05-13 18:21:35,255 [DEBUG] yandextank.common.interfaces plugin.py:44	Checking tank resources...
2026-05-13 18:21:35,255 [DEBUG] yandextank.core.tankcore tankcore.py:286	Polling <yandextank.plugins.JsonReport.plugin.Plugin object at 0x71857263ba50>
2026-05-13 18:21:35,255 [DEBUG] yandextank.core.tankcore tankcore.py:292	Polling took 0.0107328891754
2026-05-13 18:21:35,255 [DEBUG] yandextank.core.tankcore tankcore.py:293	Tank status: {"core": {"stage": "shoot"}, "stepper": {"progress": 100, "loop_count": 349, "speed": "40 Krps"}, "Plugin": {"eta": 45}}
2026-05-13 18:21:35,458 [DEBUG] yandextank.plugins.Phantom.reader reader.py:62	Chunk decode time: 5.51ms
2026-05-13 18:21:35,469 [DEBUG] yandextank.aggregator.aggregator aggregator.py:157	Aggregation time: 5.09ms
2026-05-13 18:21:35,745 [DEBUG] yandextank.aggregator.tank_aggregator tank_aggregator.py:87	Data timestamps: [1778696492]
2026-05-13 18:21:35,745 [DEBUG] yandextank.aggregator.tank_aggregator tank_aggregator.py:88	Stats timestamps: []
2026-05-13 18:21:35,745 [DEBUG] yandextank.plugins.Autostop.criterions criterions.py:95	HTTP codes matching mask 5xx: 0.0/0.1
2026-05-13 18:21:35,747 [DEBUG] yandextank.plugins.Phantom.plugin plugin.py:193	Processed ammo count: 98/
2026-05-13 18:21:35,747 [DEBUG] yandextank.core.tankcore tankcore.py:286	Polling <yandextank.plugins.Phantom.plugin.Plugin object at 0x718572318290>
2026-05-13 18:21:35,747 [DEBUG] yandextank.common.interfaces interfaces.py:101	Publishing status: Plugin/eta: 45
2026-05-13 18:21:35,747 [DEBUG] yandextank.core.tankcore tankcore.py:286	Polling <yandextank.plugins.Autostop.plugin.Plugin object at 0x718572318990>
2026-05-13 18:21:35,747 [DEBUG] yandextank.core.tankcore tankcore.py:286	Polling <yandextank.plugins.ShellExec.plugin.Plugin object at 0x718572318110>
2026-05-13 18:21:35,747 [DEBUG] yandextank.core.tankcore tankcore.py:286	Polling <yandextank.plugins.Console.plugin.Plugin object at 0x7185723185d0>
2026-05-13 18:21:35,747 [DEBUG] yandextank.plugins.Console.screen screen.py:389	Terminal size: 120x30
2026-05-13 18:21:35,747 [DEBUG] yandextank.plugins.Console.screen screen.py:401	Left/right panels width: 78/37
2026-05-13 18:21:35,747 [DEBUG] yandextank.plugins.Console.screen screen.py:406	There are 3 info widgets
2026-05-13 18:21:35,747 [DEBUG] yandextank.plugins.Console.screen screen.py:410	Rendering info widget #0: <yandextank.plugins.Phantom.widget.PhantomProgressBarWidget object at 0x7185722b9150>
2026-05-13 18:21:35,747 [DEBUG] yandextank.plugins.Console.screen screen.py:410	Rendering info widget #2: <yandextank.plugins.Phantom.widget.PhantomInfoWidget object at 0x7185722b9190>
2026-05-13 18:21:35,747 [DEBUG] yandextank.plugins.Console.screen screen.py:410	Rendering info widget #25: <yandextank.plugins.Autostop.plugin.AutostopWidget object at 0x7185722b9290>
2026-05-13 18:21:35,747 [DEBUG] yandextank.plugins.Console.screen screen.py:367	Rendering left blocks
2026-05-13 18:21:35,756 [DEBUG] yandextank.plugins.Console.screen screen.py:418	Composing final screen output
2026-05-13 18:21:35,757 [DEBUG] yandextank.core.tankcore tankcore.py:286	Polling <yandextank.plugins.RCAssert.plugin.Plugin object at 0x7185723189d0>
2026-05-13 18:21:35,757 [DEBUG] yandextank.plugins.Console.plugin plugin.py:73	Writing console view to STDOUT
2026-05-13 18:21:35,757 [DEBUG] yandextank.core.tankcore tankcore.py:286	Polling <yandextank.plugins.ResourceCheck.plugin.Plugin object at 0x718572318890>
2026-05-13 18:21:35,757 [DEBUG] yandextank.common.interfaces plugin.py:44	Checking tank resources...
2026-05-13 18:21:35,757 [DEBUG] yandextank.core.tankcore tankcore.py:286	Polling <yandextank.plugins.JsonReport.plugin.Plugin object at 0x71857263ba50>
2026-05-13 18:21:35,757 [DEBUG] yandextank.core.tankcore tankcore.py:292	Polling took 0.0119159221649
2026-05-13 18:21:35,757 [DEBUG] yandextank.core.tankcore tankcore.py:293	Tank status: {"core": {"stage": "shoot"}, "stepper": {"progress": 100, "loop_count": 349, "speed": "40 Krps"}, "Plugin": {"eta": 45}}
2026-05-13 18:21:36,246 [DEBUG] yandextank.aggregator.tank_aggregator tank_aggregator.py:87	Data timestamps: []
2026-05-13 18:21:36,246 [DEBUG] yandextank.aggregator.tank_aggregator tank_aggregator.py:88	Stats timestamps: [1778696493]
2026-05-13 18:21:36,246 [DEBUG] yandextank.core.tankcore tankcore.py:286	Polling <yandextank.plugins.Phantom.plugin.Plugin object at 0x718572318290>
2026-05-13 18:21:36,246 [DEBUG] yandextank.common.interfaces interfaces.py:101	Publishing status: Plugin/eta: 44
2026-05-13 18:21:36,246 [DEBUG] yandextank.core.tankcore tankcore.py:286	Polling <yandextank.plugins.Autostop.plugin.Plugin object at 0x718572318990>
2026-05-13 18:21:36,246 [DEBUG] yandextank.core.tankcore tankcore.py:286	Polling <yandextank.plugins.ShellExec.plugin.Plugin object at 0x718572318110>
2026-05-13 18:21:36,246 [DEBUG] yandextank.core.tankcore tankcore.py:286	Polling <yandextank.plugins.Console.plugin.Plugin object at 0x7185723185d0>
2026-05-13 18:21:36,246 [DEBUG] yandextank.plugins.Console.screen screen.py:389	Terminal size: 120x30
2026-05-13 18:21:36,246 [DEBUG] yandextank.plugins.Console.screen screen.py:401	Left/right panels width: 78/37
2026-05-13 18:21:36,246 [DEBUG] yandextank.plugins.Console.screen screen.py:406	There are 3 info widgets
2026-05-13 18:21:36,246 [DEBUG] yandextank.plugins.Console.screen screen.py:410	Rendering info widget #0: <yandextank.plugins.Phantom.widget.PhantomProgressBarWidget object at 0x7185722b9150>
2026-05-13 18:21:36,246 [DEBUG] yandextank.plugins.Console.screen screen.py:410	Rendering info widget #2: <yandextank.plugins.Phantom.widget.PhantomInfoWidget object at 0x7185722b9190>
2026-05-13 18:21:36,246 [DEBUG] yandextank.plugins.Console.screen screen.py:410	Rendering info widget #25: <yandextank.plugins.Autostop.plugin.AutostopWidget object at 0x7185722b9290>
2026-05-13 18:21:36,247 [DEBUG] yandextank.plugins.Console.screen screen.py:367	Rendering left blocks
2026-05-13 18:21:36,257 [DEBUG] yandextank.plugins.Console.screen screen.py:418	Composing final screen output
2026-05-13 18:21:36,257 [DEBUG] yandextank.core.tankcore tankcore.py:286	Polling <yandextank.plugins.RCAssert.plugin.Plugin object at 0x7185723189d0>
2026-05-13 18:21:36,257 [DEBUG] yandextank.plugins.Console.plugin plugin.py:73	Writing console view to STDOUT
2026-05-13 18:21:36,257 [DEBUG] yandextank.core.tankcore tankcore.py:286	Polling <yandextank.plugins.ResourceCheck.plugin.Plugin object at 0x718572318890>
2026-05-13 18:21:36,257 [DEBUG] yandextank.common.interfaces plugin.py:44	Checking tank resources...
2026-05-13 18:21:36,257 [DEBUG] yandextank.core.tankcore tankcore.py:286	Polling <yandextank.plugins.JsonReport.plugin.Plugin object at 0x71857263ba50>
2026-05-13 18:21:36,257 [DEBUG] yandextank.core.tankcore tankcore.py:292	Polling took 0.0116748809814
2026-05-13 18:21:36,258 [DEBUG] yandextank.core.tankcore tankcore.py:293	Tank status: {"core": {"stage": "shoot"}, "stepper": {"progress": 100, "loop_count": 349, "speed": "40 Krps"}, "Plugin": {"eta": 44}}
2026-05-13 18:21:36,474 [DEBUG] yandextank.plugins.Phantom.reader reader.py:62	Chunk decode time: 5.26ms
2026-05-13 18:21:36,485 [DEBUG] yandextank.aggregator.aggregator aggregator.py:157	Aggregation time: 5.16ms
2026-05-13 18:21:36,747 [DEBUG] yandextank.aggregator.tank_aggregator tank_aggregator.py:87	Data timestamps: [1778696493]
2026-05-13 18:21:36,747 [DEBUG] yandextank.aggregator.tank_aggregator tank_aggregator.py:88	Stats timestamps: []
2026-05-13 18:21:36,747 [DEBUG] yandextank.plugins.Autostop.criterions criterions.py:95	HTTP codes matching mask 5xx: 0.0/0.1
2026-05-13 18:21:36,748 [DEBUG] yandextank.plugins.Phantom.plugin plugin.py:193	Processed ammo count: 109/
2026-05-13 18:21:36,748 [DEBUG] yandextank.core.tankcore tankcore.py:286	Polling <yandextank.plugins.Phantom.plugin.Plugin object at 0x718572318290>
2026-05-13 18:21:36,748 [DEBUG] yandextank.common.interfaces interfaces.py:101	Publishing status: Plugin/eta: 44
2026-05-13 18:21:36,748 [DEBUG] yandextank.core.tankcore tankcore.py:286	Polling <yandextank.plugins.Autostop.plugin.Plugin object at 0x718572318990>
2026-05-13 18:21:36,748 [DEBUG] yandextank.core.tankcore tankcore.py:286	Polling <yandextank.plugins.ShellExec.plugin.Plugin object at 0x718572318110>
2026-05-13 18:21:36,748 [DEBUG] yandextank.core.tankcore tankcore.py:286	Polling <yandextank.plugins.Console.plugin.Plugin object at 0x7185723185d0>
2026-05-13 18:21:36,748 [DEBUG] yandextank.plugins.Console.screen screen.py:389	Terminal size: 120x30
2026-05-13 18:21:36,749 [DEBUG] yandextank.plugins.Console.screen screen.py:401	Left/right panels width: 78/37
2026-05-13 18:21:36,749 [DEBUG] yandextank.plugins.Console.screen screen.py:406	There are 3 info widgets
2026-05-13 18:21:36,749 [DEBUG] yandextank.plugins.Console.screen screen.py:410	Rendering info widget #0: <yandextank.plugins.Phantom.widget.PhantomProgressBarWidget object at 0x7185722b9150>
2026-05-13 18:21:36,749 [DEBUG] yandextank.plugins.Console.screen screen.py:410	Rendering info widget #2: <yandextank.plugins.Phantom.widget.PhantomInfoWidget object at 0x7185722b9190>
2026-05-13 18:21:36,749 [DEBUG] yandextank.plugins.Console.screen screen.py:410	Rendering info widget #25: <yandextank.plugins.Autostop.plugin.AutostopWidget object at 0x7185722b9290>
2026-05-13 18:21:36,749 [DEBUG] yandextank.plugins.Console.screen screen.py:367	Rendering left blocks
2026-05-13 18:21:36,758 [DEBUG] yandextank.plugins.Console.screen screen.py:418	Composing final screen output
2026-05-13 18:21:36,759 [DEBUG] yandextank.core.tankcore tankcore.py:286	Polling <yandextank.plugins.RCAssert.plugin.Plugin object at 0x7185723189d0>
2026-05-13 18:21:36,759 [DEBUG] yandextank.plugins.Console.plugin plugin.py:73	Writing console view to STDOUT
2026-05-13 18:21:36,759 [DEBUG] yandextank.core.tankcore tankcore.py:286	Polling <yandextank.plugins.ResourceCheck.plugin.Plugin object at 0x718572318890>
2026-05-13 18:21:36,759 [DEBUG] yandextank.common.interfaces plugin.py:44	Checking tank resources...
2026-05-13 18:21:36,759 [DEBUG] yandextank.core.tankcore tankcore.py:286	Polling <yandextank.plugins.JsonReport.plugin.Plugin object at 0x71857263ba50>
2026-05-13 18:21:36,759 [DEBUG] yandextank.core.tankcore tankcore.py:292	Polling took 0.0128290653229
2026-05-13 18:21:36,759 [DEBUG] yandextank.core.tankcore tankcore.py:293	Tank status: {"core": {"stage": "shoot"}, "stepper": {"progress": 100, "loop_count": 349, "speed": "40 Krps"}, "Plugin": {"eta": 44}}
2026-05-13 18:21:37,247 [DEBUG] yandextank.aggregator.tank_aggregator tank_aggregator.py:87	Data timestamps: []
2026-05-13 18:21:37,247 [DEBUG] yandextank.aggregator.tank_aggregator tank_aggregator.py:88	Stats timestamps: [1778696494]
2026-05-13 18:21:37,247 [DEBUG] yandextank.core.tankcore tankcore.py:286	Polling <yandextank.plugins.Phantom.plugin.Plugin object at 0x718572318290>
2026-05-13 18:21:37,247 [DEBUG] yandextank.common.interfaces interfaces.py:101	Publishing status: Plugin/eta: 43
2026-05-13 18:21:37,247 [DEBUG] yandextank.core.tankcore tankcore.py:286	Polling <yandextank.plugins.Autostop.plugin.Plugin object at 0x718572318990>
2026-05-13 18:21:37,247 [DEBUG] yandextank.core.tankcore tankcore.py:286	Polling <yandextank.plugins.ShellExec.plugin.Plugin object at 0x718572318110>
2026-05-13 18:21:37,248 [DEBUG] yandextank.core.tankcore tankcore.py:286	Polling <yandextank.plugins.Console.plugin.Plugin object at 0x7185723185d0>
2026-05-13 18:21:37,248 [DEBUG] yandextank.plugins.Console.screen screen.py:389	Terminal size: 120x30
2026-05-13 18:21:37,248 [DEBUG] yandextank.plugins.Console.screen screen.py:401	Left/right panels width: 78/37
2026-05-13 18:21:37,248 [DEBUG] yandextank.plugins.Console.screen screen.py:406	There are 3 info widgets
2026-05-13 18:21:37,248 [DEBUG] yandextank.plugins.Console.screen screen.py:410	Rendering info widget #0: <yandextank.plugins.Phantom.widget.PhantomProgressBarWidget object at 0x7185722b9150>
2026-05-13 18:21:37,248 [DEBUG] yandextank.plugins.Console.screen screen.py:410	Rendering info widget #2: <yandextank.plugins.Phantom.widget.PhantomInfoWidget object at 0x7185722b9190>
2026-05-13 18:21:37,248 [DEBUG] yandextank.plugins.Console.screen screen.py:410	Rendering info widget #25: <yandextank.plugins.Autostop.plugin.AutostopWidget object at 0x7185722b9290>
2026-05-13 18:21:37,248 [DEBUG] yandextank.plugins.Console.screen screen.py:367	Rendering left blocks
2026-05-13 18:21:37,258 [DEBUG] yandextank.plugins.Console.screen screen.py:418	Composing final screen output
2026-05-13 18:21:37,258 [DEBUG] yandextank.core.tankcore tankcore.py:286	Polling <yandextank.plugins.RCAssert.plugin.Plugin object at 0x7185723189d0>
2026-05-13 18:21:37,258 [DEBUG] yandextank.core.tankcore tankcore.py:286	Polling <yandextank.plugins.ResourceCheck.plugin.Plugin object at 0x718572318890>
2026-05-13 18:21:37,258 [DEBUG] yandextank.plugins.Console.plugin plugin.py:73	Writing console view to STDOUT
2026-05-13 18:21:37,259 [DEBUG] yandextank.common.interfaces plugin.py:44	Checking tank resources...
2026-05-13 18:21:37,259 [DEBUG] yandextank.core.tankcore tankcore.py:286	Polling <yandextank.plugins.JsonReport.plugin.Plugin object at 0x71857263ba50>
2026-05-13 18:21:37,259 [DEBUG] yandextank.core.tankcore tankcore.py:292	Polling took 0.0116629600525
2026-05-13 18:21:37,259 [DEBUG] yandextank.core.tankcore tankcore.py:293	Tank status: {"core": {"stage": "shoot"}, "stepper": {"progress": 100, "loop_count": 349, "speed": "40 Krps"}, "Plugin": {"eta": 43}}
2026-05-13 18:21:37,492 [DEBUG] yandextank.plugins.Phantom.reader reader.py:62	Chunk decode time: 5.63ms
2026-05-13 18:21:37,502 [DEBUG] yandextank.aggregator.aggregator aggregator.py:157	Aggregation time: 4.87ms
2026-05-13 18:21:37,748 [DEBUG] yandextank.aggregator.tank_aggregator tank_aggregator.py:87	Data timestamps: [1778696494]
2026-05-13 18:21:37,748 [DEBUG] yandextank.aggregator.tank_aggregator tank_aggregator.py:88	Stats timestamps: []
2026-05-13 18:21:37,748 [DEBUG] yandextank.plugins.Autostop.criterions criterions.py:95	HTTP codes matching mask 5xx: 0.0/0.1
2026-05-13 18:21:37,750 [DEBUG] yandextank.plugins.Phantom.plugin plugin.py:193	Processed ammo count: 120/
2026-05-13 18:21:37,750 [DEBUG] yandextank.core.tankcore tankcore.py:286	Polling <yandextank.plugins.Phantom.plugin.Plugin object at 0x718572318290>
2026-05-13 18:21:37,750 [DEBUG] yandextank.common.interfaces interfaces.py:101	Publishing status: Plugin/eta: 43
2026-05-13 18:21:37,750 [DEBUG] yandextank.core.tankcore tankcore.py:286	Polling <yandextank.plugins.Autostop.plugin.Plugin object at 0x718572318990>
2026-05-13 18:21:37,750 [DEBUG] yandextank.core.tankcore tankcore.py:286	Polling <yandextank.plugins.ShellExec.plugin.Plugin object at 0x718572318110>
2026-05-13 18:21:37,750 [DEBUG] yandextank.core.tankcore tankcore.py:286	Polling <yandextank.plugins.Console.plugin.Plugin object at 0x7185723185d0>
2026-05-13 18:21:37,750 [DEBUG] yandextank.plugins.Console.screen screen.py:389	Terminal size: 120x30
2026-05-13 18:21:37,750 [DEBUG] yandextank.plugins.Console.screen screen.py:401	Left/right panels width: 78/37
2026-05-13 18:21:37,750 [DEBUG] yandextank.plugins.Console.screen screen.py:406	There are 3 info widgets
2026-05-13 18:21:37,750 [DEBUG] yandextank.plugins.Console.screen screen.py:410	Rendering info widget #0: <yandextank.plugins.Phantom.widget.PhantomProgressBarWidget object at 0x7185722b9150>
2026-05-13 18:21:37,750 [DEBUG] yandextank.plugins.Console.screen screen.py:410	Rendering info widget #2: <yandextank.plugins.Phantom.widget.PhantomInfoWidget object at 0x7185722b9190>
2026-05-13 18:21:37,750 [DEBUG] yandextank.plugins.Console.screen screen.py:410	Rendering info widget #25: <yandextank.plugins.Autostop.plugin.AutostopWidget object at 0x7185722b9290>
2026-05-13 18:21:37,750 [DEBUG] yandextank.plugins.Console.screen screen.py:367	Rendering left blocks
2026-05-13 18:21:37,760 [DEBUG] yandextank.plugins.Console.screen screen.py:418	Composing final screen output
2026-05-13 18:21:37,761 [DEBUG] yandextank.plugins.Console.plugin plugin.py:73	Writing console view to STDOUT
2026-05-13 18:21:37,761 [DEBUG] yandextank.core.tankcore tankcore.py:286	Polling <yandextank.plugins.RCAssert.plugin.Plugin object at 0x7185723189d0>
2026-05-13 18:21:37,761 [DEBUG] yandextank.core.tankcore tankcore.py:286	Polling <yandextank.plugins.ResourceCheck.plugin.Plugin object at 0x718572318890>
2026-05-13 18:21:37,761 [DEBUG] yandextank.common.interfaces plugin.py:44	Checking tank resources...
2026-05-13 18:21:37,761 [DEBUG] yandextank.core.tankcore tankcore.py:286	Polling <yandextank.plugins.JsonReport.plugin.Plugin object at 0x71857263ba50>
2026-05-13 18:21:37,761 [DEBUG] yandextank.core.tankcore tankcore.py:292	Polling took 0.013160943985
2026-05-13 18:21:37,761 [DEBUG] yandextank.core.tankcore tankcore.py:293	Tank status: {"core": {"stage": "shoot"}, "stepper": {"progress": 100, "loop_count": 349, "speed": "40 Krps"}, "Plugin": {"eta": 43}}
2026-05-13 18:21:38,249 [DEBUG] yandextank.aggregator.tank_aggregator tank_aggregator.py:87	Data timestamps: []
2026-05-13 18:21:38,249 [DEBUG] yandextank.aggregator.tank_aggregator tank_aggregator.py:88	Stats timestamps: [1778696495]
2026-05-13 18:21:38,249 [DEBUG] yandextank.core.tankcore tankcore.py:286	Polling <yandextank.plugins.Phantom.plugin.Plugin object at 0x718572318290>
2026-05-13 18:21:38,249 [DEBUG] yandextank.common.interfaces interfaces.py:101	Publishing status: Plugin/eta: 42
2026-05-13 18:21:38,249 [DEBUG] yandextank.core.tankcore tankcore.py:286	Polling <yandextank.plugins.Autostop.plugin.Plugin object at 0x718572318990>
2026-05-13 18:21:38,249 [DEBUG] yandextank.core.tankcore tankcore.py:286	Polling <yandextank.plugins.ShellExec.plugin.Plugin object at 0x718572318110>
2026-05-13 18:21:38,249 [DEBUG] yandextank.core.tankcore tankcore.py:286	Polling <yandextank.plugins.Console.plugin.Plugin object at 0x7185723185d0>
2026-05-13 18:21:38,249 [DEBUG] yandextank.plugins.Console.screen screen.py:389	Terminal size: 120x30
2026-05-13 18:21:38,249 [DEBUG] yandextank.plugins.Console.screen screen.py:401	Left/right panels width: 78/37
2026-05-13 18:21:38,249 [DEBUG] yandextank.plugins.Console.screen screen.py:406	There are 3 info widgets
2026-05-13 18:21:38,249 [DEBUG] yandextank.plugins.Console.screen screen.py:410	Rendering info widget #0: <yandextank.plugins.Phantom.widget.PhantomProgressBarWidget object at 0x7185722b9150>
2026-05-13 18:21:38,249 [DEBUG] yandextank.plugins.Console.screen screen.py:410	Rendering info widget #2: <yandextank.plugins.Phantom.widget.PhantomInfoWidget object at 0x7185722b9190>
2026-05-13 18:21:38,249 [DEBUG] yandextank.plugins.Console.screen screen.py:410	Rendering info widget #25: <yandextank.plugins.Autostop.plugin.AutostopWidget object at 0x7185722b9290>
2026-05-13 18:21:38,249 [DEBUG] yandextank.plugins.Console.screen screen.py:367	Rendering left blocks
2026-05-13 18:21:38,260 [DEBUG] yandextank.plugins.Console.screen screen.py:418	Composing final screen output
2026-05-13 18:21:38,261 [DEBUG] yandextank.core.tankcore tankcore.py:286	Polling <yandextank.plugins.RCAssert.plugin.Plugin object at 0x7185723189d0>
2026-05-13 18:21:38,261 [DEBUG] yandextank.plugins.Console.plugin plugin.py:73	Writing console view to STDOUT
2026-05-13 18:21:38,261 [DEBUG] yandextank.core.tankcore tankcore.py:286	Polling <yandextank.plugins.ResourceCheck.plugin.Plugin object at 0x718572318890>
2026-05-13 18:21:38,261 [DEBUG] yandextank.common.interfaces plugin.py:44	Checking tank resources...
2026-05-13 18:21:38,261 [DEBUG] yandextank.core.tankcore tankcore.py:286	Polling <yandextank.plugins.JsonReport.plugin.Plugin object at 0x71857263ba50>
2026-05-13 18:21:38,261 [DEBUG] yandextank.core.tankcore tankcore.py:292	Polling took 0.0125858783722
2026-05-13 18:21:38,261 [DEBUG] yandextank.core.tankcore tankcore.py:293	Tank status: {"core": {"stage": "shoot"}, "stepper": {"progress": 100, "loop_count": 349, "speed": "40 Krps"}, "Plugin": {"eta": 42}}
2026-05-13 18:21:38,508 [DEBUG] yandextank.plugins.Phantom.reader reader.py:62	Chunk decode time: 5.33ms
2026-05-13 18:21:38,519 [DEBUG] yandextank.aggregator.aggregator aggregator.py:157	Aggregation time: 5.07ms
2026-05-13 18:21:38,749 [DEBUG] yandextank.aggregator.tank_aggregator tank_aggregator.py:87	Data timestamps: [1778696495]
2026-05-13 18:21:38,749 [DEBUG] yandextank.aggregator.tank_aggregator tank_aggregator.py:88	Stats timestamps: []
2026-05-13 18:21:38,750 [DEBUG] yandextank.plugins.Autostop.criterions criterions.py:95	HTTP codes matching mask 5xx: 0.0/0.1
2026-05-13 18:21:38,751 [DEBUG] yandextank.plugins.Phantom.plugin plugin.py:193	Processed ammo count: 131/
2026-05-13 18:21:38,751 [DEBUG] yandextank.core.tankcore tankcore.py:286	Polling <yandextank.plugins.Phantom.plugin.Plugin object at 0x718572318290>
2026-05-13 18:21:38,751 [DEBUG] yandextank.common.interfaces interfaces.py:101	Publishing status: Plugin/eta: 42
2026-05-13 18:21:38,751 [DEBUG] yandextank.core.tankcore tankcore.py:286	Polling <yandextank.plugins.Autostop.plugin.Plugin object at 0x718572318990>
2026-05-13 18:21:38,751 [DEBUG] yandextank.core.tankcore tankcore.py:286	Polling <yandextank.plugins.ShellExec.plugin.Plugin object at 0x718572318110>
2026-05-13 18:21:38,751 [DEBUG] yandextank.core.tankcore tankcore.py:286	Polling <yandextank.plugins.Console.plugin.Plugin object at 0x7185723185d0>
2026-05-13 18:21:38,751 [DEBUG] yandextank.plugins.Console.screen screen.py:389	Terminal size: 120x30
2026-05-13 18:21:38,751 [DEBUG] yandextank.plugins.Console.screen screen.py:401	Left/right panels width: 78/37
2026-05-13 18:21:38,751 [DEBUG] yandextank.plugins.Console.screen screen.py:406	There are 3 info widgets
2026-05-13 18:21:38,751 [DEBUG] yandextank.plugins.Console.screen screen.py:410	Rendering info widget #0: <yandextank.plugins.Phantom.widget.PhantomProgressBarWidget object at 0x7185722b9150>
2026-05-13 18:21:38,751 [DEBUG] yandextank.plugins.Console.screen screen.py:410	Rendering info widget #2: <yandextank.plugins.Phantom.widget.PhantomInfoWidget object at 0x7185722b9190>
2026-05-13 18:21:38,752 [DEBUG] yandextank.plugins.Console.screen screen.py:410	Rendering info widget #25: <yandextank.plugins.Autostop.plugin.AutostopWidget object at 0x7185722b9290>
2026-05-13 18:21:38,752 [DEBUG] yandextank.plugins.Console.screen screen.py:367	Rendering left blocks
2026-05-13 18:21:38,763 [DEBUG] yandextank.plugins.Console.screen screen.py:418	Composing final screen output
2026-05-13 18:21:38,763 [DEBUG] yandextank.core.tankcore tankcore.py:286	Polling <yandextank.plugins.RCAssert.plugin.Plugin object at 0x7185723189d0>
2026-05-13 18:21:38,763 [DEBUG] yandextank.core.tankcore tankcore.py:286	Polling <yandextank.plugins.ResourceCheck.plugin.Plugin object at 0x718572318890>
2026-05-13 18:21:38,763 [DEBUG] yandextank.plugins.Console.plugin plugin.py:73	Writing console view to STDOUT
2026-05-13 18:21:38,763 [DEBUG] yandextank.common.interfaces plugin.py:44	Checking tank resources...
2026-05-13 18:21:38,763 [DEBUG] yandextank.core.tankcore tankcore.py:286	Polling <yandextank.plugins.JsonReport.plugin.Plugin object at 0x71857263ba50>
2026-05-13 18:21:38,763 [DEBUG] yandextank.core.tankcore tankcore.py:292	Polling took 0.0141401290894
2026-05-13 18:21:38,764 [DEBUG] yandextank.core.tankcore tankcore.py:293	Tank status: {"core": {"stage": "shoot"}, "stepper": {"progress": 100, "loop_count": 349, "speed": "40 Krps"}, "Plugin": {"eta": 42}}
2026-05-13 18:21:39,250 [DEBUG] yandextank.aggregator.tank_aggregator tank_aggregator.py:87	Data timestamps: []
2026-05-13 18:21:39,250 [DEBUG] yandextank.aggregator.tank_aggregator tank_aggregator.py:88	Stats timestamps: [1778696496]
2026-05-13 18:21:39,250 [DEBUG] yandextank.core.tankcore tankcore.py:286	Polling <yandextank.plugins.Phantom.plugin.Plugin object at 0x718572318290>
2026-05-13 18:21:39,250 [DEBUG] yandextank.common.interfaces interfaces.py:101	Publishing status: Plugin/eta: 41
2026-05-13 18:21:39,250 [DEBUG] yandextank.core.tankcore tankcore.py:286	Polling <yandextank.plugins.Autostop.plugin.Plugin object at 0x718572318990>
2026-05-13 18:21:39,250 [DEBUG] yandextank.core.tankcore tankcore.py:286	Polling <yandextank.plugins.ShellExec.plugin.Plugin object at 0x718572318110>
2026-05-13 18:21:39,250 [DEBUG] yandextank.core.tankcore tankcore.py:286	Polling <yandextank.plugins.Console.plugin.Plugin object at 0x7185723185d0>
2026-05-13 18:21:39,250 [DEBUG] yandextank.plugins.Console.screen screen.py:389	Terminal size: 120x30
2026-05-13 18:21:39,250 [DEBUG] yandextank.plugins.Console.screen screen.py:401	Left/right panels width: 78/37
2026-05-13 18:21:39,250 [DEBUG] yandextank.plugins.Console.screen screen.py:406	There are 3 info widgets
2026-05-13 18:21:39,250 [DEBUG] yandextank.plugins.Console.screen screen.py:410	Rendering info widget #0: <yandextank.plugins.Phantom.widget.PhantomProgressBarWidget object at 0x7185722b9150>
2026-05-13 18:21:39,250 [DEBUG] yandextank.plugins.Console.screen screen.py:410	Rendering info widget #2: <yandextank.plugins.Phantom.widget.PhantomInfoWidget object at 0x7185722b9190>
2026-05-13 18:21:39,250 [DEBUG] yandextank.plugins.Console.screen screen.py:410	Rendering info widget #25: <yandextank.plugins.Autostop.plugin.AutostopWidget object at 0x7185722b9290>
2026-05-13 18:21:39,250 [DEBUG] yandextank.plugins.Console.screen screen.py:367	Rendering left blocks
2026-05-13 18:21:39,263 [DEBUG] yandextank.plugins.Console.screen screen.py:418	Composing final screen output
2026-05-13 18:21:39,263 [DEBUG] yandextank.core.tankcore tankcore.py:286	Polling <yandextank.plugins.RCAssert.plugin.Plugin object at 0x7185723189d0>
2026-05-13 18:21:39,263 [DEBUG] yandextank.core.tankcore tankcore.py:286	Polling <yandextank.plugins.ResourceCheck.plugin.Plugin object at 0x718572318890>
2026-05-13 18:21:39,263 [DEBUG] yandextank.plugins.Console.plugin plugin.py:73	Writing console view to STDOUT
2026-05-13 18:21:39,263 [DEBUG] yandextank.common.interfaces plugin.py:44	Checking tank resources...
2026-05-13 18:21:39,263 [DEBUG] yandextank.core.tankcore tankcore.py:286	Polling <yandextank.plugins.JsonReport.plugin.Plugin object at 0x71857263ba50>
2026-05-13 18:21:39,263 [DEBUG] yandextank.core.tankcore tankcore.py:292	Polling took 0.0138120651245
2026-05-13 18:21:39,264 [DEBUG] yandextank.core.tankcore tankcore.py:293	Tank status: {"core": {"stage": "shoot"}, "stepper": {"progress": 100, "loop_count": 349, "speed": "40 Krps"}, "Plugin": {"eta": 41}}
2026-05-13 18:21:39,525 [DEBUG] yandextank.plugins.Phantom.reader reader.py:62	Chunk decode time: 5.54ms
2026-05-13 18:21:39,535 [DEBUG] yandextank.aggregator.aggregator aggregator.py:157	Aggregation time: 5.05ms
2026-05-13 18:21:39,750 [DEBUG] yandextank.aggregator.tank_aggregator tank_aggregator.py:87	Data timestamps: [1778696496]
2026-05-13 18:21:39,751 [DEBUG] yandextank.aggregator.tank_aggregator tank_aggregator.py:88	Stats timestamps: []
2026-05-13 18:21:39,751 [DEBUG] yandextank.plugins.Autostop.criterions criterions.py:95	HTTP codes matching mask 5xx: 0.0/0.1
2026-05-13 18:21:39,752 [DEBUG] yandextank.plugins.Phantom.plugin plugin.py:193	Processed ammo count: 143/
2026-05-13 18:21:39,752 [DEBUG] yandextank.core.tankcore tankcore.py:286	Polling <yandextank.plugins.Phantom.plugin.Plugin object at 0x718572318290>
2026-05-13 18:21:39,752 [DEBUG] yandextank.common.interfaces interfaces.py:101	Publishing status: Plugin/eta: 41
2026-05-13 18:21:39,752 [DEBUG] yandextank.core.tankcore tankcore.py:286	Polling <yandextank.plugins.Autostop.plugin.Plugin object at 0x718572318990>
2026-05-13 18:21:39,752 [DEBUG] yandextank.core.tankcore tankcore.py:286	Polling <yandextank.plugins.ShellExec.plugin.Plugin object at 0x718572318110>
2026-05-13 18:21:39,752 [DEBUG] yandextank.core.tankcore tankcore.py:286	Polling <yandextank.plugins.Console.plugin.Plugin object at 0x7185723185d0>
2026-05-13 18:21:39,752 [DEBUG] yandextank.plugins.Console.screen screen.py:389	Terminal size: 120x30
2026-05-13 18:21:39,752 [DEBUG] yandextank.plugins.Console.screen screen.py:401	Left/right panels width: 78/37
2026-05-13 18:21:39,752 [DEBUG] yandextank.plugins.Console.screen screen.py:406	There are 3 info widgets
2026-05-13 18:21:39,753 [DEBUG] yandextank.plugins.Console.screen screen.py:410	Rendering info widget #0: <yandextank.plugins.Phantom.widget.PhantomProgressBarWidget object at 0x7185722b9150>
2026-05-13 18:21:39,753 [DEBUG] yandextank.plugins.Console.screen screen.py:410	Rendering info widget #2: <yandextank.plugins.Phantom.widget.PhantomInfoWidget object at 0x7185722b9190>
2026-05-13 18:21:39,753 [DEBUG] yandextank.plugins.Console.screen screen.py:410	Rendering info widget #25: <yandextank.plugins.Autostop.plugin.AutostopWidget object at 0x7185722b9290>
2026-05-13 18:21:39,753 [DEBUG] yandextank.plugins.Console.screen screen.py:367	Rendering left blocks
2026-05-13 18:21:39,764 [DEBUG] yandextank.plugins.Console.screen screen.py:418	Composing final screen output
2026-05-13 18:21:39,764 [DEBUG] yandextank.core.tankcore tankcore.py:286	Polling <yandextank.plugins.RCAssert.plugin.Plugin object at 0x7185723189d0>
2026-05-13 18:21:39,764 [DEBUG] yandextank.core.tankcore tankcore.py:286	Polling <yandextank.plugins.ResourceCheck.plugin.Plugin object at 0x718572318890>
2026-05-13 18:21:39,764 [DEBUG] yandextank.plugins.Console.plugin plugin.py:73	Writing console view to STDOUT
2026-05-13 18:21:39,764 [DEBUG] yandextank.common.interfaces plugin.py:44	Checking tank resources...
2026-05-13 18:21:39,764 [DEBUG] yandextank.core.tankcore tankcore.py:286	Polling <yandextank.plugins.JsonReport.plugin.Plugin object at 0x71857263ba50>
2026-05-13 18:21:39,764 [DEBUG] yandextank.core.tankcore tankcore.py:292	Polling took 0.0139799118042
2026-05-13 18:21:39,764 [DEBUG] yandextank.core.tankcore tankcore.py:293	Tank status: {"core": {"stage": "shoot"}, "stepper": {"progress": 100, "loop_count": 349, "speed": "40 Krps"}, "Plugin": {"eta": 41}}
2026-05-13 18:21:40,251 [DEBUG] yandextank.aggregator.tank_aggregator tank_aggregator.py:87	Data timestamps: []
2026-05-13 18:21:40,251 [DEBUG] yandextank.aggregator.tank_aggregator tank_aggregator.py:88	Stats timestamps: [1778696497]
2026-05-13 18:21:40,251 [DEBUG] yandextank.core.tankcore tankcore.py:286	Polling <yandextank.plugins.Phantom.plugin.Plugin object at 0x718572318290>
2026-05-13 18:21:40,251 [DEBUG] yandextank.common.interfaces interfaces.py:101	Publishing status: Plugin/eta: 40
2026-05-13 18:21:40,251 [DEBUG] yandextank.core.tankcore tankcore.py:286	Polling <yandextank.plugins.Autostop.plugin.Plugin object at 0x718572318990>
2026-05-13 18:21:40,251 [DEBUG] yandextank.core.tankcore tankcore.py:286	Polling <yandextank.plugins.ShellExec.plugin.Plugin object at 0x718572318110>
2026-05-13 18:21:40,251 [DEBUG] yandextank.core.tankcore tankcore.py:286	Polling <yandextank.plugins.Console.plugin.Plugin object at 0x7185723185d0>
2026-05-13 18:21:40,251 [DEBUG] yandextank.plugins.Console.screen screen.py:389	Terminal size: 120x30
2026-05-13 18:21:40,251 [DEBUG] yandextank.plugins.Console.screen screen.py:401	Left/right panels width: 78/37
2026-05-13 18:21:40,251 [DEBUG] yandextank.plugins.Console.screen screen.py:406	There are 3 info widgets
2026-05-13 18:21:40,251 [DEBUG] yandextank.plugins.Console.screen screen.py:410	Rendering info widget #0: <yandextank.plugins.Phantom.widget.PhantomProgressBarWidget object at 0x7185722b9150>
2026-05-13 18:21:40,252 [DEBUG] yandextank.plugins.Console.screen screen.py:410	Rendering info widget #2: <yandextank.plugins.Phantom.widget.PhantomInfoWidget object at 0x7185722b9190>
2026-05-13 18:21:40,252 [DEBUG] yandextank.plugins.Console.screen screen.py:410	Rendering info widget #25: <yandextank.plugins.Autostop.plugin.AutostopWidget object at 0x7185722b9290>
2026-05-13 18:21:40,252 [DEBUG] yandextank.plugins.Console.screen screen.py:367	Rendering left blocks
2026-05-13 18:21:40,264 [DEBUG] yandextank.plugins.Console.screen screen.py:418	Composing final screen output
2026-05-13 18:21:40,264 [DEBUG] yandextank.core.tankcore tankcore.py:286	Polling <yandextank.plugins.RCAssert.plugin.Plugin object at 0x7185723189d0>
2026-05-13 18:21:40,264 [DEBUG] yandextank.plugins.Console.plugin plugin.py:73	Writing console view to STDOUT
2026-05-13 18:21:40,264 [DEBUG] yandextank.core.tankcore tankcore.py:286	Polling <yandextank.plugins.ResourceCheck.plugin.Plugin object at 0x718572318890>
2026-05-13 18:21:40,264 [DEBUG] yandextank.common.interfaces plugin.py:44	Checking tank resources...
2026-05-13 18:21:40,264 [DEBUG] netort.process process.py:23	Starting: sh -c "df --no-sync -m -P -l -x fuse -x tmpfs -x devtmpfs -x davfs -x nfs /var/loadtest/logs | tail -n 1 | awk '{print \$4}' "
2026-05-13 18:21:40,271 [DEBUG] netort.process process.py:46	Process output:
3023

2026-05-13 18:21:40,272 [DEBUG] netort.process process.py:48	Process exit code: 0
2026-05-13 18:21:40,272 [DEBUG] root plugin.py:58	Result: (0, '3023\n', '')
2026-05-13 18:21:40,272 [DEBUG] yandextank.common.interfaces plugin.py:64	Disk free space: 3023/2048
2026-05-13 18:21:40,272 [DEBUG] yandextank.common.interfaces plugin.py:75	Memory free: 1476/512
2026-05-13 18:21:40,272 [DEBUG] yandextank.core.tankcore tankcore.py:286	Polling <yandextank.plugins.JsonReport.plugin.Plugin object at 0x71857263ba50>
2026-05-13 18:21:40,272 [DEBUG] yandextank.core.tankcore tankcore.py:292	Polling took 0.0211999416351
2026-05-13 18:21:40,272 [DEBUG] yandextank.core.tankcore tankcore.py:293	Tank status: {"core": {"stage": "shoot"}, "stepper": {"progress": 100, "loop_count": 349, "speed": "40 Krps"}, "Plugin": {"eta": 40}}
2026-05-13 18:21:40,543 [DEBUG] yandextank.plugins.Phantom.reader reader.py:62	Chunk decode time: 6.15ms
2026-05-13 18:21:40,553 [DEBUG] yandextank.aggregator.aggregator aggregator.py:157	Aggregation time: 5.08ms
2026-05-13 18:21:40,752 [DEBUG] yandextank.aggregator.tank_aggregator tank_aggregator.py:87	Data timestamps: [1778696497]
2026-05-13 18:21:40,752 [DEBUG] yandextank.aggregator.tank_aggregator tank_aggregator.py:88	Stats timestamps: []
2026-05-13 18:21:40,752 [DEBUG] yandextank.plugins.Autostop.criterions criterions.py:95	HTTP codes matching mask 5xx: 0.0/0.1
2026-05-13 18:21:40,753 [DEBUG] yandextank.plugins.Phantom.plugin plugin.py:193	Processed ammo count: 155/
2026-05-13 18:21:40,754 [DEBUG] yandextank.core.tankcore tankcore.py:286	Polling <yandextank.plugins.Phantom.plugin.Plugin object at 0x718572318290>
2026-05-13 18:21:40,754 [DEBUG] yandextank.common.interfaces interfaces.py:101	Publishing status: Plugin/eta: 40
2026-05-13 18:21:40,754 [DEBUG] yandextank.core.tankcore tankcore.py:286	Polling <yandextank.plugins.Autostop.plugin.Plugin object at 0x718572318990>
2026-05-13 18:21:40,754 [DEBUG] yandextank.core.tankcore tankcore.py:286	Polling <yandextank.plugins.ShellExec.plugin.Plugin object at 0x718572318110>
2026-05-13 18:21:40,754 [DEBUG] yandextank.core.tankcore tankcore.py:286	Polling <yandextank.plugins.Console.plugin.Plugin object at 0x7185723185d0>
2026-05-13 18:21:40,754 [DEBUG] yandextank.plugins.Console.screen screen.py:389	Terminal size: 120x30
2026-05-13 18:21:40,754 [DEBUG] yandextank.plugins.Console.screen screen.py:401	Left/right panels width: 78/37
2026-05-13 18:21:40,754 [DEBUG] yandextank.plugins.Console.screen screen.py:406	There are 3 info widgets
2026-05-13 18:21:40,754 [DEBUG] yandextank.plugins.Console.screen screen.py:410	Rendering info widget #0: <yandextank.plugins.Phantom.widget.PhantomProgressBarWidget object at 0x7185722b9150>
2026-05-13 18:21:40,754 [DEBUG] yandextank.plugins.Console.screen screen.py:410	Rendering info widget #2: <yandextank.plugins.Phantom.widget.PhantomInfoWidget object at 0x7185722b9190>
2026-05-13 18:21:40,754 [DEBUG] yandextank.plugins.Console.screen screen.py:410	Rendering info widget #25: <yandextank.plugins.Autostop.plugin.AutostopWidget object at 0x7185722b9290>
2026-05-13 18:21:40,754 [DEBUG] yandextank.plugins.Console.screen screen.py:367	Rendering left blocks
2026-05-13 18:21:40,766 [DEBUG] yandextank.plugins.Console.screen screen.py:418	Composing final screen output
2026-05-13 18:21:40,766 [DEBUG] yandextank.core.tankcore tankcore.py:286	Polling <yandextank.plugins.RCAssert.plugin.Plugin object at 0x7185723189d0>
2026-05-13 18:21:40,766 [DEBUG] yandextank.core.tankcore tankcore.py:286	Polling <yandextank.plugins.ResourceCheck.plugin.Plugin object at 0x718572318890>
2026-05-13 18:21:40,766 [DEBUG] yandextank.plugins.Console.plugin plugin.py:73	Writing console view to STDOUT
2026-05-13 18:21:40,766 [DEBUG] yandextank.common.interfaces plugin.py:44	Checking tank resources...
2026-05-13 18:21:40,767 [DEBUG] yandextank.core.tankcore tankcore.py:286	Polling <yandextank.plugins.JsonReport.plugin.Plugin object at 0x71857263ba50>
2026-05-13 18:21:40,767 [DEBUG] yandextank.core.tankcore tankcore.py:292	Polling took 0.0150911808014
2026-05-13 18:21:40,767 [DEBUG] yandextank.core.tankcore tankcore.py:293	Tank status: {"core": {"stage": "shoot"}, "stepper": {"progress": 100, "loop_count": 349, "speed": "40 Krps"}, "Plugin": {"eta": 40}}
2026-05-13 18:21:41,252 [DEBUG] yandextank.aggregator.tank_aggregator tank_aggregator.py:87	Data timestamps: []
2026-05-13 18:21:41,252 [DEBUG] yandextank.aggregator.tank_aggregator tank_aggregator.py:88	Stats timestamps: [1778696498]
2026-05-13 18:21:41,252 [DEBUG] yandextank.core.tankcore tankcore.py:286	Polling <yandextank.plugins.Phantom.plugin.Plugin object at 0x718572318290>
2026-05-13 18:21:41,252 [DEBUG] yandextank.common.interfaces interfaces.py:101	Publishing status: Plugin/eta: 39
2026-05-13 18:21:41,252 [DEBUG] yandextank.core.tankcore tankcore.py:286	Polling <yandextank.plugins.Autostop.plugin.Plugin object at 0x718572318990>
2026-05-13 18:21:41,252 [DEBUG] yandextank.core.tankcore tankcore.py:286	Polling <yandextank.plugins.ShellExec.plugin.Plugin object at 0x718572318110>
2026-05-13 18:21:41,252 [DEBUG] yandextank.core.tankcore tankcore.py:286	Polling <yandextank.plugins.Console.plugin.Plugin object at 0x7185723185d0>
2026-05-13 18:21:41,252 [DEBUG] yandextank.plugins.Console.screen screen.py:389	Terminal size: 120x30
2026-05-13 18:21:41,252 [DEBUG] yandextank.plugins.Console.screen screen.py:401	Left/right panels width: 78/37
2026-05-13 18:21:41,252 [DEBUG] yandextank.plugins.Console.screen screen.py:406	There are 3 info widgets
2026-05-13 18:21:41,252 [DEBUG] yandextank.plugins.Console.screen screen.py:410	Rendering info widget #0: <yandextank.plugins.Phantom.widget.PhantomProgressBarWidget object at 0x7185722b9150>
2026-05-13 18:21:41,252 [DEBUG] yandextank.plugins.Console.screen screen.py:410	Rendering info widget #2: <yandextank.plugins.Phantom.widget.PhantomInfoWidget object at 0x7185722b9190>
2026-05-13 18:21:41,253 [DEBUG] yandextank.plugins.Console.screen screen.py:410	Rendering info widget #25: <yandextank.plugins.Autostop.plugin.AutostopWidget object at 0x7185722b9290>
2026-05-13 18:21:41,253 [DEBUG] yandextank.plugins.Console.screen screen.py:367	Rendering left blocks
2026-05-13 18:21:41,265 [DEBUG] yandextank.plugins.Console.screen screen.py:418	Composing final screen output
2026-05-13 18:21:41,265 [DEBUG] yandextank.core.tankcore tankcore.py:286	Polling <yandextank.plugins.RCAssert.plugin.Plugin object at 0x7185723189d0>
2026-05-13 18:21:41,266 [DEBUG] yandextank.plugins.Console.plugin plugin.py:73	Writing console view to STDOUT
2026-05-13 18:21:41,266 [DEBUG] yandextank.core.tankcore tankcore.py:286	Polling <yandextank.plugins.ResourceCheck.plugin.Plugin object at 0x718572318890>
2026-05-13 18:21:41,266 [DEBUG] yandextank.common.interfaces plugin.py:44	Checking tank resources...
2026-05-13 18:21:41,266 [DEBUG] yandextank.core.tankcore tankcore.py:286	Polling <yandextank.plugins.JsonReport.plugin.Plugin object at 0x71857263ba50>
2026-05-13 18:21:41,266 [DEBUG] yandextank.core.tankcore tankcore.py:292	Polling took 0.0140368938446
2026-05-13 18:21:41,266 [DEBUG] yandextank.core.tankcore tankcore.py:293	Tank status: {"core": {"stage": "shoot"}, "stepper": {"progress": 100, "loop_count": 349, "speed": "40 Krps"}, "Plugin": {"eta": 39}}
2026-05-13 18:21:41,560 [DEBUG] yandextank.plugins.Phantom.reader reader.py:62	Chunk decode time: 5.31ms
2026-05-13 18:21:41,571 [DEBUG] yandextank.aggregator.aggregator aggregator.py:157	Aggregation time: 5.10ms
2026-05-13 18:21:41,752 [DEBUG] yandextank.aggregator.tank_aggregator tank_aggregator.py:87	Data timestamps: [1778696498]
2026-05-13 18:21:41,752 [DEBUG] yandextank.aggregator.tank_aggregator tank_aggregator.py:88	Stats timestamps: []
2026-05-13 18:21:41,753 [DEBUG] yandextank.plugins.Autostop.criterions criterions.py:95	HTTP codes matching mask 5xx: 0.0/0.1
2026-05-13 18:21:41,754 [DEBUG] yandextank.plugins.Phantom.plugin plugin.py:193	Processed ammo count: 168/
2026-05-13 18:21:41,754 [DEBUG] yandextank.core.tankcore tankcore.py:286	Polling <yandextank.plugins.Phantom.plugin.Plugin object at 0x718572318290>
2026-05-13 18:21:41,754 [DEBUG] yandextank.common.interfaces interfaces.py:101	Publishing status: Plugin/eta: 39
2026-05-13 18:21:41,754 [DEBUG] yandextank.core.tankcore tankcore.py:286	Polling <yandextank.plugins.Autostop.plugin.Plugin object at 0x718572318990>
2026-05-13 18:21:41,754 [DEBUG] yandextank.core.tankcore tankcore.py:286	Polling <yandextank.plugins.ShellExec.plugin.Plugin object at 0x718572318110>
2026-05-13 18:21:41,754 [DEBUG] yandextank.core.tankcore tankcore.py:286	Polling <yandextank.plugins.Console.plugin.Plugin object at 0x7185723185d0>
2026-05-13 18:21:41,754 [DEBUG] yandextank.plugins.Console.screen screen.py:389	Terminal size: 120x30
2026-05-13 18:21:41,754 [DEBUG] yandextank.plugins.Console.screen screen.py:401	Left/right panels width: 78/37
2026-05-13 18:21:41,754 [DEBUG] yandextank.plugins.Console.screen screen.py:406	There are 3 info widgets
2026-05-13 18:21:41,755 [DEBUG] yandextank.plugins.Console.screen screen.py:410	Rendering info widget #0: <yandextank.plugins.Phantom.widget.PhantomProgressBarWidget object at 0x7185722b9150>
2026-05-13 18:21:41,755 [DEBUG] yandextank.plugins.Console.screen screen.py:410	Rendering info widget #2: <yandextank.plugins.Phantom.widget.PhantomInfoWidget object at 0x7185722b9190>
2026-05-13 18:21:41,755 [DEBUG] yandextank.plugins.Console.screen screen.py:410	Rendering info widget #25: <yandextank.plugins.Autostop.plugin.AutostopWidget object at 0x7185722b9290>
2026-05-13 18:21:41,755 [DEBUG] yandextank.plugins.Console.screen screen.py:367	Rendering left blocks
2026-05-13 18:21:41,768 [DEBUG] yandextank.plugins.Console.screen screen.py:418	Composing final screen output
2026-05-13 18:21:41,768 [DEBUG] yandextank.core.tankcore tankcore.py:286	Polling <yandextank.plugins.RCAssert.plugin.Plugin object at 0x7185723189d0>
2026-05-13 18:21:41,768 [DEBUG] yandextank.core.tankcore tankcore.py:286	Polling <yandextank.plugins.ResourceCheck.plugin.Plugin object at 0x718572318890>
2026-05-13 18:21:41,768 [DEBUG] yandextank.common.interfaces plugin.py:44	Checking tank resources...
2026-05-13 18:21:41,768 [DEBUG] yandextank.plugins.Console.plugin plugin.py:73	Writing console view to STDOUT
2026-05-13 18:21:41,768 [DEBUG] yandextank.core.tankcore tankcore.py:286	Polling <yandextank.plugins.JsonReport.plugin.Plugin object at 0x71857263ba50>
2026-05-13 18:21:41,769 [DEBUG] yandextank.core.tankcore tankcore.py:292	Polling took 0.0163199901581
2026-05-13 18:21:41,769 [DEBUG] yandextank.core.tankcore tankcore.py:293	Tank status: {"core": {"stage": "shoot"}, "stepper": {"progress": 100, "loop_count": 349, "speed": "40 Krps"}, "Plugin": {"eta": 39}}
2026-05-13 18:21:42,253 [DEBUG] yandextank.aggregator.tank_aggregator tank_aggregator.py:87	Data timestamps: []
2026-05-13 18:21:42,253 [DEBUG] yandextank.aggregator.tank_aggregator tank_aggregator.py:88	Stats timestamps: [1778696499]
2026-05-13 18:21:42,253 [DEBUG] yandextank.core.tankcore tankcore.py:286	Polling <yandextank.plugins.Phantom.plugin.Plugin object at 0x718572318290>
2026-05-13 18:21:42,253 [DEBUG] yandextank.common.interfaces interfaces.py:101	Publishing status: Plugin/eta: 38
2026-05-13 18:21:42,253 [DEBUG] yandextank.core.tankcore tankcore.py:286	Polling <yandextank.plugins.Autostop.plugin.Plugin object at 0x718572318990>
2026-05-13 18:21:42,253 [DEBUG] yandextank.core.tankcore tankcore.py:286	Polling <yandextank.plugins.ShellExec.plugin.Plugin object at 0x718572318110>
2026-05-13 18:21:42,253 [DEBUG] yandextank.core.tankcore tankcore.py:286	Polling <yandextank.plugins.Console.plugin.Plugin object at 0x7185723185d0>
2026-05-13 18:21:42,253 [DEBUG] yandextank.plugins.Console.screen screen.py:389	Terminal size: 120x30
2026-05-13 18:21:42,253 [DEBUG] yandextank.plugins.Console.screen screen.py:401	Left/right panels width: 78/37
2026-05-13 18:21:42,253 [DEBUG] yandextank.plugins.Console.screen screen.py:406	There are 3 info widgets
2026-05-13 18:21:42,253 [DEBUG] yandextank.plugins.Console.screen screen.py:410	Rendering info widget #0: <yandextank.plugins.Phantom.widget.PhantomProgressBarWidget object at 0x7185722b9150>
2026-05-13 18:21:42,254 [DEBUG] yandextank.plugins.Console.screen screen.py:410	Rendering info widget #2: <yandextank.plugins.Phantom.widget.PhantomInfoWidget object at 0x7185722b9190>
2026-05-13 18:21:42,254 [DEBUG] yandextank.plugins.Console.screen screen.py:410	Rendering info widget #25: <yandextank.plugins.Autostop.plugin.AutostopWidget object at 0x7185722b9290>
2026-05-13 18:21:42,254 [DEBUG] yandextank.plugins.Console.screen screen.py:367	Rendering left blocks
2026-05-13 18:21:42,267 [DEBUG] yandextank.plugins.Console.screen screen.py:418	Composing final screen output
2026-05-13 18:21:42,267 [DEBUG] yandextank.core.tankcore tankcore.py:286	Polling <yandextank.plugins.RCAssert.plugin.Plugin object at 0x7185723189d0>
2026-05-13 18:21:42,267 [DEBUG] yandextank.core.tankcore tankcore.py:286	Polling <yandextank.plugins.ResourceCheck.plugin.Plugin object at 0x718572318890>
2026-05-13 18:21:42,267 [DEBUG] yandextank.common.interfaces plugin.py:44	Checking tank resources...
2026-05-13 18:21:42,267 [DEBUG] yandextank.core.tankcore tankcore.py:286	Polling <yandextank.plugins.JsonReport.plugin.Plugin object at 0x71857263ba50>
2026-05-13 18:21:42,267 [DEBUG] yandextank.plugins.Console.plugin plugin.py:73	Writing console view to STDOUT
2026-05-13 18:21:42,267 [DEBUG] yandextank.core.tankcore tankcore.py:292	Polling took 0.0144059658051
2026-05-13 18:21:42,267 [DEBUG] yandextank.core.tankcore tankcore.py:293	Tank status: {"core": {"stage": "shoot"}, "stepper": {"progress": 100, "loop_count": 349, "speed": "40 Krps"}, "Plugin": {"eta": 38}}
2026-05-13 18:21:42,578 [DEBUG] yandextank.plugins.Phantom.reader reader.py:62	Chunk decode time: 5.35ms
2026-05-13 18:21:42,588 [DEBUG] yandextank.aggregator.aggregator aggregator.py:157	Aggregation time: 5.60ms
2026-05-13 18:21:42,754 [DEBUG] yandextank.aggregator.tank_aggregator tank_aggregator.py:87	Data timestamps: [1778696499]
2026-05-13 18:21:42,754 [DEBUG] yandextank.aggregator.tank_aggregator tank_aggregator.py:88	Stats timestamps: []
2026-05-13 18:21:42,754 [DEBUG] yandextank.plugins.Autostop.criterions criterions.py:95	HTTP codes matching mask 5xx: 0.0/0.1
2026-05-13 18:21:42,755 [DEBUG] yandextank.plugins.Phantom.plugin plugin.py:193	Processed ammo count: 181/
2026-05-13 18:21:42,755 [DEBUG] yandextank.core.tankcore tankcore.py:286	Polling <yandextank.plugins.Phantom.plugin.Plugin object at 0x718572318290>
2026-05-13 18:21:42,756 [DEBUG] yandextank.common.interfaces interfaces.py:101	Publishing status: Plugin/eta: 38
2026-05-13 18:21:42,756 [DEBUG] yandextank.core.tankcore tankcore.py:286	Polling <yandextank.plugins.Autostop.plugin.Plugin object at 0x718572318990>
2026-05-13 18:21:42,756 [DEBUG] yandextank.core.tankcore tankcore.py:286	Polling <yandextank.plugins.ShellExec.plugin.Plugin object at 0x718572318110>
2026-05-13 18:21:42,756 [DEBUG] yandextank.core.tankcore tankcore.py:286	Polling <yandextank.plugins.Console.plugin.Plugin object at 0x7185723185d0>
2026-05-13 18:21:42,756 [DEBUG] yandextank.plugins.Console.screen screen.py:389	Terminal size: 120x30
2026-05-13 18:21:42,756 [DEBUG] yandextank.plugins.Console.screen screen.py:401	Left/right panels width: 78/37
2026-05-13 18:21:42,756 [DEBUG] yandextank.plugins.Console.screen screen.py:406	There are 3 info widgets
2026-05-13 18:21:42,756 [DEBUG] yandextank.plugins.Console.screen screen.py:410	Rendering info widget #0: <yandextank.plugins.Phantom.widget.PhantomProgressBarWidget object at 0x7185722b9150>
2026-05-13 18:21:42,756 [DEBUG] yandextank.plugins.Console.screen screen.py:410	Rendering info widget #2: <yandextank.plugins.Phantom.widget.PhantomInfoWidget object at 0x7185722b9190>
2026-05-13 18:21:42,756 [DEBUG] yandextank.plugins.Console.screen screen.py:410	Rendering info widget #25: <yandextank.plugins.Autostop.plugin.AutostopWidget object at 0x7185722b9290>
2026-05-13 18:21:42,756 [DEBUG] yandextank.plugins.Console.screen screen.py:367	Rendering left blocks
2026-05-13 18:21:42,770 [DEBUG] yandextank.plugins.Console.screen screen.py:418	Composing final screen output
2026-05-13 18:21:42,770 [DEBUG] yandextank.plugins.Console.plugin plugin.py:73	Writing console view to STDOUT
2026-05-13 18:21:42,770 [DEBUG] yandextank.core.tankcore tankcore.py:286	Polling <yandextank.plugins.RCAssert.plugin.Plugin object at 0x7185723189d0>
2026-05-13 18:21:42,770 [DEBUG] yandextank.core.tankcore tankcore.py:286	Polling <yandextank.plugins.ResourceCheck.plugin.Plugin object at 0x718572318890>
2026-05-13 18:21:42,770 [DEBUG] yandextank.common.interfaces plugin.py:44	Checking tank resources...
2026-05-13 18:21:42,770 [DEBUG] yandextank.core.tankcore tankcore.py:286	Polling <yandextank.plugins.JsonReport.plugin.Plugin object at 0x71857263ba50>
2026-05-13 18:21:42,770 [DEBUG] yandextank.core.tankcore tankcore.py:292	Polling took 0.01673412323
2026-05-13 18:21:42,770 [DEBUG] yandextank.core.tankcore tankcore.py:293	Tank status: {"core": {"stage": "shoot"}, "stepper": {"progress": 100, "loop_count": 349, "speed": "40 Krps"}, "Plugin": {"eta": 38}}
2026-05-13 18:21:43,254 [DEBUG] yandextank.aggregator.tank_aggregator tank_aggregator.py:87	Data timestamps: []
2026-05-13 18:21:43,254 [DEBUG] yandextank.aggregator.tank_aggregator tank_aggregator.py:88	Stats timestamps: [1778696500]
2026-05-13 18:21:43,254 [DEBUG] yandextank.core.tankcore tankcore.py:286	Polling <yandextank.plugins.Phantom.plugin.Plugin object at 0x718572318290>
2026-05-13 18:21:43,254 [DEBUG] yandextank.common.interfaces interfaces.py:101	Publishing status: Plugin/eta: 37
2026-05-13 18:21:43,254 [DEBUG] yandextank.core.tankcore tankcore.py:286	Polling <yandextank.plugins.Autostop.plugin.Plugin object at 0x718572318990>
2026-05-13 18:21:43,254 [DEBUG] yandextank.core.tankcore tankcore.py:286	Polling <yandextank.plugins.ShellExec.plugin.Plugin object at 0x718572318110>
2026-05-13 18:21:43,254 [DEBUG] yandextank.core.tankcore tankcore.py:286	Polling <yandextank.plugins.Console.plugin.Plugin object at 0x7185723185d0>
2026-05-13 18:21:43,255 [DEBUG] yandextank.plugins.Console.screen screen.py:389	Terminal size: 120x30
2026-05-13 18:21:43,255 [DEBUG] yandextank.plugins.Console.screen screen.py:401	Left/right panels width: 78/37
2026-05-13 18:21:43,255 [DEBUG] yandextank.plugins.Console.screen screen.py:406	There are 3 info widgets
2026-05-13 18:21:43,255 [DEBUG] yandextank.plugins.Console.screen screen.py:410	Rendering info widget #0: <yandextank.plugins.Phantom.widget.PhantomProgressBarWidget object at 0x7185722b9150>
2026-05-13 18:21:43,255 [DEBUG] yandextank.plugins.Console.screen screen.py:410	Rendering info widget #2: <yandextank.plugins.Phantom.widget.PhantomInfoWidget object at 0x7185722b9190>
2026-05-13 18:21:43,255 [DEBUG] yandextank.plugins.Console.screen screen.py:410	Rendering info widget #25: <yandextank.plugins.Autostop.plugin.AutostopWidget object at 0x7185722b9290>
2026-05-13 18:21:43,255 [DEBUG] yandextank.plugins.Console.screen screen.py:367	Rendering left blocks
2026-05-13 18:21:43,269 [DEBUG] yandextank.plugins.Console.screen screen.py:418	Composing final screen output
2026-05-13 18:21:43,269 [DEBUG] yandextank.core.tankcore tankcore.py:286	Polling <yandextank.plugins.RCAssert.plugin.Plugin object at 0x7185723189d0>
2026-05-13 18:21:43,269 [DEBUG] yandextank.core.tankcore tankcore.py:286	Polling <yandextank.plugins.ResourceCheck.plugin.Plugin object at 0x718572318890>
2026-05-13 18:21:43,269 [DEBUG] yandextank.plugins.Console.plugin plugin.py:73	Writing console view to STDOUT
2026-05-13 18:21:43,269 [DEBUG] yandextank.common.interfaces plugin.py:44	Checking tank resources...
2026-05-13 18:21:43,269 [DEBUG] yandextank.core.tankcore tankcore.py:286	Polling <yandextank.plugins.JsonReport.plugin.Plugin object at 0x71857263ba50>
2026-05-13 18:21:43,270 [DEBUG] yandextank.core.tankcore tankcore.py:292	Polling took 0.0154910087585
2026-05-13 18:21:43,270 [DEBUG] yandextank.core.tankcore tankcore.py:293	Tank status: {"core": {"stage": "shoot"}, "stepper": {"progress": 100, "loop_count": 349, "speed": "40 Krps"}, "Plugin": {"eta": 37}}
2026-05-13 18:21:43,595 [DEBUG] yandextank.plugins.Phantom.reader reader.py:62	Chunk decode time: 5.07ms
2026-05-13 18:21:43,605 [DEBUG] yandextank.aggregator.aggregator aggregator.py:157	Aggregation time: 5.04ms
2026-05-13 18:21:43,755 [DEBUG] yandextank.aggregator.tank_aggregator tank_aggregator.py:87	Data timestamps: [1778696500]
2026-05-13 18:21:43,755 [DEBUG] yandextank.aggregator.tank_aggregator tank_aggregator.py:88	Stats timestamps: []
2026-05-13 18:21:43,755 [DEBUG] yandextank.plugins.Autostop.criterions criterions.py:95	HTTP codes matching mask 5xx: 0.0/0.1
2026-05-13 18:21:43,756 [DEBUG] yandextank.plugins.Phantom.plugin plugin.py:193	Processed ammo count: 194/
2026-05-13 18:21:43,757 [DEBUG] yandextank.core.tankcore tankcore.py:286	Polling <yandextank.plugins.Phantom.plugin.Plugin object at 0x718572318290>
2026-05-13 18:21:43,757 [DEBUG] yandextank.common.interfaces interfaces.py:101	Publishing status: Plugin/eta: 37
2026-05-13 18:21:43,757 [DEBUG] yandextank.core.tankcore tankcore.py:286	Polling <yandextank.plugins.Autostop.plugin.Plugin object at 0x718572318990>
2026-05-13 18:21:43,757 [DEBUG] yandextank.core.tankcore tankcore.py:286	Polling <yandextank.plugins.ShellExec.plugin.Plugin object at 0x718572318110>
2026-05-13 18:21:43,757 [DEBUG] yandextank.core.tankcore tankcore.py:286	Polling <yandextank.plugins.Console.plugin.Plugin object at 0x7185723185d0>
2026-05-13 18:21:43,757 [DEBUG] yandextank.plugins.Console.screen screen.py:389	Terminal size: 120x30
2026-05-13 18:21:43,757 [DEBUG] yandextank.plugins.Console.screen screen.py:401	Left/right panels width: 78/37
2026-05-13 18:21:43,757 [DEBUG] yandextank.plugins.Console.screen screen.py:406	There are 3 info widgets
2026-05-13 18:21:43,757 [DEBUG] yandextank.plugins.Console.screen screen.py:410	Rendering info widget #0: <yandextank.plugins.Phantom.widget.PhantomProgressBarWidget object at 0x7185722b9150>
2026-05-13 18:21:43,757 [DEBUG] yandextank.plugins.Console.screen screen.py:410	Rendering info widget #2: <yandextank.plugins.Phantom.widget.PhantomInfoWidget object at 0x7185722b9190>
2026-05-13 18:21:43,757 [DEBUG] yandextank.plugins.Console.screen screen.py:410	Rendering info widget #25: <yandextank.plugins.Autostop.plugin.AutostopWidget object at 0x7185722b9290>
2026-05-13 18:21:43,757 [DEBUG] yandextank.plugins.Console.screen screen.py:367	Rendering left blocks
2026-05-13 18:21:43,770 [DEBUG] yandextank.plugins.Console.screen screen.py:418	Composing final screen output
2026-05-13 18:21:43,770 [DEBUG] yandextank.core.tankcore tankcore.py:286	Polling <yandextank.plugins.RCAssert.plugin.Plugin object at 0x7185723189d0>
2026-05-13 18:21:43,770 [DEBUG] yandextank.plugins.Console.plugin plugin.py:73	Writing console view to STDOUT
2026-05-13 18:21:43,770 [DEBUG] yandextank.core.tankcore tankcore.py:286	Polling <yandextank.plugins.ResourceCheck.plugin.Plugin object at 0x718572318890>
2026-05-13 18:21:43,770 [DEBUG] yandextank.common.interfaces plugin.py:44	Checking tank resources...
2026-05-13 18:21:43,770 [DEBUG] yandextank.core.tankcore tankcore.py:286	Polling <yandextank.plugins.JsonReport.plugin.Plugin object at 0x71857263ba50>
2026-05-13 18:21:43,771 [DEBUG] yandextank.core.tankcore tankcore.py:292	Polling took 0.0157849788666
2026-05-13 18:21:43,771 [DEBUG] yandextank.core.tankcore tankcore.py:293	Tank status: {"core": {"stage": "shoot"}, "stepper": {"progress": 100, "loop_count": 349, "speed": "40 Krps"}, "Plugin": {"eta": 37}}
2026-05-13 18:21:44,255 [DEBUG] yandextank.aggregator.tank_aggregator tank_aggregator.py:87	Data timestamps: []
2026-05-13 18:21:44,256 [DEBUG] yandextank.aggregator.tank_aggregator tank_aggregator.py:88	Stats timestamps: [1778696501]
2026-05-13 18:21:44,256 [DEBUG] yandextank.core.tankcore tankcore.py:286	Polling <yandextank.plugins.Phantom.plugin.Plugin object at 0x718572318290>
2026-05-13 18:21:44,256 [DEBUG] yandextank.common.interfaces interfaces.py:101	Publishing status: Plugin/eta: 36
2026-05-13 18:21:44,256 [DEBUG] yandextank.core.tankcore tankcore.py:286	Polling <yandextank.plugins.Autostop.plugin.Plugin object at 0x718572318990>
2026-05-13 18:21:44,256 [DEBUG] yandextank.core.tankcore tankcore.py:286	Polling <yandextank.plugins.ShellExec.plugin.Plugin object at 0x718572318110>
2026-05-13 18:21:44,256 [DEBUG] yandextank.core.tankcore tankcore.py:286	Polling <yandextank.plugins.Console.plugin.Plugin object at 0x7185723185d0>
2026-05-13 18:21:44,256 [DEBUG] yandextank.plugins.Console.screen screen.py:389	Terminal size: 120x30
2026-05-13 18:21:44,256 [DEBUG] yandextank.plugins.Console.screen screen.py:401	Left/right panels width: 78/37
2026-05-13 18:21:44,256 [DEBUG] yandextank.plugins.Console.screen screen.py:406	There are 3 info widgets
2026-05-13 18:21:44,256 [DEBUG] yandextank.plugins.Console.screen screen.py:410	Rendering info widget #0: <yandextank.plugins.Phantom.widget.PhantomProgressBarWidget object at 0x7185722b9150>
2026-05-13 18:21:44,256 [DEBUG] yandextank.plugins.Console.screen screen.py:410	Rendering info widget #2: <yandextank.plugins.Phantom.widget.PhantomInfoWidget object at 0x7185722b9190>
2026-05-13 18:21:44,256 [DEBUG] yandextank.plugins.Console.screen screen.py:410	Rendering info widget #25: <yandextank.plugins.Autostop.plugin.AutostopWidget object at 0x7185722b9290>
2026-05-13 18:21:44,256 [DEBUG] yandextank.plugins.Console.screen screen.py:367	Rendering left blocks
2026-05-13 18:21:44,271 [DEBUG] yandextank.plugins.Console.screen screen.py:418	Composing final screen output
2026-05-13 18:21:44,271 [DEBUG] yandextank.core.tankcore tankcore.py:286	Polling <yandextank.plugins.RCAssert.plugin.Plugin object at 0x7185723189d0>
2026-05-13 18:21:44,271 [DEBUG] yandextank.plugins.Console.plugin plugin.py:73	Writing console view to STDOUT
2026-05-13 18:21:44,271 [DEBUG] yandextank.core.tankcore tankcore.py:286	Polling <yandextank.plugins.ResourceCheck.plugin.Plugin object at 0x718572318890>
2026-05-13 18:21:44,272 [DEBUG] yandextank.common.interfaces plugin.py:44	Checking tank resources...
2026-05-13 18:21:44,272 [DEBUG] yandextank.core.tankcore tankcore.py:286	Polling <yandextank.plugins.JsonReport.plugin.Plugin object at 0x71857263ba50>
2026-05-13 18:21:44,272 [DEBUG] yandextank.core.tankcore tankcore.py:292	Polling took 0.0162711143494
2026-05-13 18:21:44,272 [DEBUG] yandextank.core.tankcore tankcore.py:293	Tank status: {"core": {"stage": "shoot"}, "stepper": {"progress": 100, "loop_count": 349, "speed": "40 Krps"}, "Plugin": {"eta": 36}}
2026-05-13 18:21:44,611 [DEBUG] yandextank.plugins.Phantom.reader reader.py:62	Chunk decode time: 5.35ms
2026-05-13 18:21:44,623 [DEBUG] yandextank.aggregator.aggregator aggregator.py:157	Aggregation time: 5.90ms
2026-05-13 18:21:44,756 [DEBUG] yandextank.aggregator.tank_aggregator tank_aggregator.py:87	Data timestamps: [1778696501]
2026-05-13 18:21:44,756 [DEBUG] yandextank.aggregator.tank_aggregator tank_aggregator.py:88	Stats timestamps: []
2026-05-13 18:21:44,756 [DEBUG] yandextank.plugins.Autostop.criterions criterions.py:95	HTTP codes matching mask 5xx: 0.0/0.1
2026-05-13 18:21:44,758 [DEBUG] yandextank.plugins.Phantom.plugin plugin.py:193	Processed ammo count: 208/
2026-05-13 18:21:44,758 [DEBUG] yandextank.core.tankcore tankcore.py:286	Polling <yandextank.plugins.Phantom.plugin.Plugin object at 0x718572318290>
2026-05-13 18:21:44,758 [DEBUG] yandextank.common.interfaces interfaces.py:101	Publishing status: Plugin/eta: 36
2026-05-13 18:21:44,758 [DEBUG] yandextank.core.tankcore tankcore.py:286	Polling <yandextank.plugins.Autostop.plugin.Plugin object at 0x718572318990>
2026-05-13 18:21:44,758 [DEBUG] yandextank.core.tankcore tankcore.py:286	Polling <yandextank.plugins.ShellExec.plugin.Plugin object at 0x718572318110>
2026-05-13 18:21:44,758 [DEBUG] yandextank.core.tankcore tankcore.py:286	Polling <yandextank.plugins.Console.plugin.Plugin object at 0x7185723185d0>
2026-05-13 18:21:44,758 [DEBUG] yandextank.plugins.Console.screen screen.py:389	Terminal size: 120x30
2026-05-13 18:21:44,758 [DEBUG] yandextank.plugins.Console.screen screen.py:401	Left/right panels width: 78/37
2026-05-13 18:21:44,758 [DEBUG] yandextank.plugins.Console.screen screen.py:406	There are 3 info widgets
2026-05-13 18:21:44,758 [DEBUG] yandextank.plugins.Console.screen screen.py:410	Rendering info widget #0: <yandextank.plugins.Phantom.widget.PhantomProgressBarWidget object at 0x7185722b9150>
2026-05-13 18:21:44,758 [DEBUG] yandextank.plugins.Console.screen screen.py:410	Rendering info widget #2: <yandextank.plugins.Phantom.widget.PhantomInfoWidget object at 0x7185722b9190>
2026-05-13 18:21:44,758 [DEBUG] yandextank.plugins.Console.screen screen.py:410	Rendering info widget #25: <yandextank.plugins.Autostop.plugin.AutostopWidget object at 0x7185722b9290>
2026-05-13 18:21:44,758 [DEBUG] yandextank.plugins.Console.screen screen.py:367	Rendering left blocks
2026-05-13 18:21:44,774 [DEBUG] yandextank.plugins.Console.screen screen.py:418	Composing final screen output
2026-05-13 18:21:44,774 [DEBUG] yandextank.core.tankcore tankcore.py:286	Polling <yandextank.plugins.RCAssert.plugin.Plugin object at 0x7185723189d0>
2026-05-13 18:21:44,774 [DEBUG] yandextank.core.tankcore tankcore.py:286	Polling <yandextank.plugins.ResourceCheck.plugin.Plugin object at 0x718572318890>
2026-05-13 18:21:44,774 [DEBUG] yandextank.common.interfaces plugin.py:44	Checking tank resources...
2026-05-13 18:21:44,774 [DEBUG] yandextank.plugins.Console.plugin plugin.py:73	Writing console view to STDOUT
2026-05-13 18:21:44,774 [DEBUG] yandextank.core.tankcore tankcore.py:286	Polling <yandextank.plugins.JsonReport.plugin.Plugin object at 0x71857263ba50>
2026-05-13 18:21:44,774 [DEBUG] yandextank.core.tankcore tankcore.py:292	Polling took 0.0181798934937
2026-05-13 18:21:44,774 [DEBUG] yandextank.core.tankcore tankcore.py:293	Tank status: {"core": {"stage": "shoot"}, "stepper": {"progress": 100, "loop_count": 349, "speed": "40 Krps"}, "Plugin": {"eta": 36}}
2026-05-13 18:21:45,256 [DEBUG] yandextank.aggregator.tank_aggregator tank_aggregator.py:87	Data timestamps: []
2026-05-13 18:21:45,257 [DEBUG] yandextank.aggregator.tank_aggregator tank_aggregator.py:88	Stats timestamps: [1778696502]
2026-05-13 18:21:45,257 [DEBUG] yandextank.core.tankcore tankcore.py:286	Polling <yandextank.plugins.Phantom.plugin.Plugin object at 0x718572318290>
2026-05-13 18:21:45,257 [DEBUG] yandextank.common.interfaces interfaces.py:101	Publishing status: Plugin/eta: 35
2026-05-13 18:21:45,257 [DEBUG] yandextank.core.tankcore tankcore.py:286	Polling <yandextank.plugins.Autostop.plugin.Plugin object at 0x718572318990>
2026-05-13 18:21:45,257 [DEBUG] yandextank.core.tankcore tankcore.py:286	Polling <yandextank.plugins.ShellExec.plugin.Plugin object at 0x718572318110>
2026-05-13 18:21:45,257 [DEBUG] yandextank.core.tankcore tankcore.py:286	Polling <yandextank.plugins.Console.plugin.Plugin object at 0x7185723185d0>
2026-05-13 18:21:45,257 [DEBUG] yandextank.plugins.Console.screen screen.py:389	Terminal size: 120x30
2026-05-13 18:21:45,257 [DEBUG] yandextank.plugins.Console.screen screen.py:401	Left/right panels width: 78/37
2026-05-13 18:21:45,257 [DEBUG] yandextank.plugins.Console.screen screen.py:406	There are 3 info widgets
2026-05-13 18:21:45,257 [DEBUG] yandextank.plugins.Console.screen screen.py:410	Rendering info widget #0: <yandextank.plugins.Phantom.widget.PhantomProgressBarWidget object at 0x7185722b9150>
2026-05-13 18:21:45,257 [DEBUG] yandextank.plugins.Console.screen screen.py:410	Rendering info widget #2: <yandextank.plugins.Phantom.widget.PhantomInfoWidget object at 0x7185722b9190>
2026-05-13 18:21:45,257 [DEBUG] yandextank.plugins.Console.screen screen.py:410	Rendering info widget #25: <yandextank.plugins.Autostop.plugin.AutostopWidget object at 0x7185722b9290>
2026-05-13 18:21:45,257 [DEBUG] yandextank.plugins.Console.screen screen.py:367	Rendering left blocks
2026-05-13 18:21:45,271 [DEBUG] yandextank.plugins.Console.screen screen.py:418	Composing final screen output
2026-05-13 18:21:45,272 [DEBUG] yandextank.core.tankcore tankcore.py:286	Polling <yandextank.plugins.RCAssert.plugin.Plugin object at 0x7185723189d0>
2026-05-13 18:21:45,272 [DEBUG] yandextank.plugins.Console.plugin plugin.py:73	Writing console view to STDOUT
2026-05-13 18:21:45,272 [DEBUG] yandextank.core.tankcore tankcore.py:286	Polling <yandextank.plugins.ResourceCheck.plugin.Plugin object at 0x718572318890>
2026-05-13 18:21:45,272 [DEBUG] yandextank.common.interfaces plugin.py:44	Checking tank resources...
2026-05-13 18:21:45,272 [DEBUG] yandextank.core.tankcore tankcore.py:286	Polling <yandextank.plugins.JsonReport.plugin.Plugin object at 0x71857263ba50>
2026-05-13 18:21:45,272 [DEBUG] yandextank.core.tankcore tankcore.py:292	Polling took 0.0157339572906
2026-05-13 18:21:45,272 [DEBUG] yandextank.core.tankcore tankcore.py:293	Tank status: {"core": {"stage": "shoot"}, "stepper": {"progress": 100, "loop_count": 349, "speed": "40 Krps"}, "Plugin": {"eta": 35}}
2026-05-13 18:21:45,629 [DEBUG] yandextank.plugins.Phantom.reader reader.py:62	Chunk decode time: 5.34ms
2026-05-13 18:21:45,639 [DEBUG] yandextank.aggregator.aggregator aggregator.py:157	Aggregation time: 5.01ms
2026-05-13 18:21:45,757 [DEBUG] yandextank.aggregator.tank_aggregator tank_aggregator.py:87	Data timestamps: [1778696502]
2026-05-13 18:21:45,757 [DEBUG] yandextank.aggregator.tank_aggregator tank_aggregator.py:88	Stats timestamps: []
2026-05-13 18:21:45,757 [DEBUG] yandextank.plugins.Autostop.criterions criterions.py:95	HTTP codes matching mask 5xx: 0.0/0.1
2026-05-13 18:21:45,758 [DEBUG] yandextank.plugins.Phantom.plugin plugin.py:193	Processed ammo count: 222/
2026-05-13 18:21:45,759 [DEBUG] yandextank.core.tankcore tankcore.py:286	Polling <yandextank.plugins.Phantom.plugin.Plugin object at 0x718572318290>
2026-05-13 18:21:45,759 [DEBUG] yandextank.common.interfaces interfaces.py:101	Publishing status: Plugin/eta: 35
2026-05-13 18:21:45,759 [DEBUG] yandextank.core.tankcore tankcore.py:286	Polling <yandextank.plugins.Autostop.plugin.Plugin object at 0x718572318990>
2026-05-13 18:21:45,759 [DEBUG] yandextank.core.tankcore tankcore.py:286	Polling <yandextank.plugins.ShellExec.plugin.Plugin object at 0x718572318110>
2026-05-13 18:21:45,759 [DEBUG] yandextank.core.tankcore tankcore.py:286	Polling <yandextank.plugins.Console.plugin.Plugin object at 0x7185723185d0>
2026-05-13 18:21:45,759 [DEBUG] yandextank.plugins.Console.screen screen.py:389	Terminal size: 120x30
2026-05-13 18:21:45,759 [DEBUG] yandextank.plugins.Console.screen screen.py:401	Left/right panels width: 78/37
2026-05-13 18:21:45,759 [DEBUG] yandextank.plugins.Console.screen screen.py:406	There are 3 info widgets
2026-05-13 18:21:45,759 [DEBUG] yandextank.plugins.Console.screen screen.py:410	Rendering info widget #0: <yandextank.plugins.Phantom.widget.PhantomProgressBarWidget object at 0x7185722b9150>
2026-05-13 18:21:45,759 [DEBUG] yandextank.plugins.Console.screen screen.py:410	Rendering info widget #2: <yandextank.plugins.Phantom.widget.PhantomInfoWidget object at 0x7185722b9190>
2026-05-13 18:21:45,759 [DEBUG] yandextank.plugins.Console.screen screen.py:410	Rendering info widget #25: <yandextank.plugins.Autostop.plugin.AutostopWidget object at 0x7185722b9290>
2026-05-13 18:21:45,759 [DEBUG] yandextank.plugins.Console.screen screen.py:367	Rendering left blocks
2026-05-13 18:21:45,774 [DEBUG] yandextank.plugins.Console.screen screen.py:418	Composing final screen output
2026-05-13 18:21:45,775 [DEBUG] yandextank.core.tankcore tankcore.py:286	Polling <yandextank.plugins.RCAssert.plugin.Plugin object at 0x7185723189d0>
2026-05-13 18:21:45,775 [DEBUG] yandextank.plugins.Console.plugin plugin.py:73	Writing console view to STDOUT
2026-05-13 18:21:45,775 [DEBUG] yandextank.core.tankcore tankcore.py:286	Polling <yandextank.plugins.ResourceCheck.plugin.Plugin object at 0x718572318890>
2026-05-13 18:21:45,775 [DEBUG] yandextank.common.interfaces plugin.py:44	Checking tank resources...
2026-05-13 18:21:45,775 [DEBUG] yandextank.core.tankcore tankcore.py:286	Polling <yandextank.plugins.JsonReport.plugin.Plugin object at 0x71857263ba50>
2026-05-13 18:21:45,775 [DEBUG] yandextank.core.tankcore tankcore.py:292	Polling took 0.0183658599854
2026-05-13 18:21:45,775 [DEBUG] yandextank.core.tankcore tankcore.py:293	Tank status: {"core": {"stage": "shoot"}, "stepper": {"progress": 100, "loop_count": 349, "speed": "40 Krps"}, "Plugin": {"eta": 35}}
2026-05-13 18:21:46,257 [DEBUG] yandextank.aggregator.tank_aggregator tank_aggregator.py:87	Data timestamps: []
2026-05-13 18:21:46,258 [DEBUG] yandextank.aggregator.tank_aggregator tank_aggregator.py:88	Stats timestamps: [1778696503]
2026-05-13 18:21:46,258 [DEBUG] yandextank.core.tankcore tankcore.py:286	Polling <yandextank.plugins.Phantom.plugin.Plugin object at 0x718572318290>
2026-05-13 18:21:46,258 [DEBUG] yandextank.common.interfaces interfaces.py:101	Publishing status: Plugin/eta: 34
2026-05-13 18:21:46,258 [DEBUG] yandextank.core.tankcore tankcore.py:286	Polling <yandextank.plugins.Autostop.plugin.Plugin object at 0x718572318990>
2026-05-13 18:21:46,258 [DEBUG] yandextank.core.tankcore tankcore.py:286	Polling <yandextank.plugins.ShellExec.plugin.Plugin object at 0x718572318110>
2026-05-13 18:21:46,258 [DEBUG] yandextank.core.tankcore tankcore.py:286	Polling <yandextank.plugins.Console.plugin.Plugin object at 0x7185723185d0>
2026-05-13 18:21:46,258 [DEBUG] yandextank.plugins.Console.screen screen.py:389	Terminal size: 120x30
2026-05-13 18:21:46,258 [DEBUG] yandextank.plugins.Console.screen screen.py:401	Left/right panels width: 78/37
2026-05-13 18:21:46,258 [DEBUG] yandextank.plugins.Console.screen screen.py:406	There are 3 info widgets
2026-05-13 18:21:46,258 [DEBUG] yandextank.plugins.Console.screen screen.py:410	Rendering info widget #0: <yandextank.plugins.Phantom.widget.PhantomProgressBarWidget object at 0x7185722b9150>
2026-05-13 18:21:46,258 [DEBUG] yandextank.plugins.Console.screen screen.py:410	Rendering info widget #2: <yandextank.plugins.Phantom.widget.PhantomInfoWidget object at 0x7185722b9190>
2026-05-13 18:21:46,258 [DEBUG] yandextank.plugins.Console.screen screen.py:410	Rendering info widget #25: <yandextank.plugins.Autostop.plugin.AutostopWidget object at 0x7185722b9290>
2026-05-13 18:21:46,258 [DEBUG] yandextank.plugins.Console.screen screen.py:367	Rendering left blocks
2026-05-13 18:21:46,273 [DEBUG] yandextank.plugins.Console.screen screen.py:418	Composing final screen output
2026-05-13 18:21:46,273 [DEBUG] yandextank.core.tankcore tankcore.py:286	Polling <yandextank.plugins.RCAssert.plugin.Plugin object at 0x7185723189d0>
2026-05-13 18:21:46,274 [DEBUG] yandextank.plugins.Console.plugin plugin.py:73	Writing console view to STDOUT
2026-05-13 18:21:46,274 [DEBUG] yandextank.core.tankcore tankcore.py:286	Polling <yandextank.plugins.ResourceCheck.plugin.Plugin object at 0x718572318890>
2026-05-13 18:21:46,274 [DEBUG] yandextank.common.interfaces plugin.py:44	Checking tank resources...
2026-05-13 18:21:46,274 [DEBUG] yandextank.core.tankcore tankcore.py:286	Polling <yandextank.plugins.JsonReport.plugin.Plugin object at 0x71857263ba50>
2026-05-13 18:21:46,274 [DEBUG] yandextank.core.tankcore tankcore.py:292	Polling took 0.0165891647339
2026-05-13 18:21:46,274 [DEBUG] yandextank.core.tankcore tankcore.py:293	Tank status: {"core": {"stage": "shoot"}, "stepper": {"progress": 100, "loop_count": 349, "speed": "40 Krps"}, "Plugin": {"eta": 34}}
2026-05-13 18:21:46,646 [DEBUG] yandextank.plugins.Phantom.reader reader.py:62	Chunk decode time: 5.51ms
2026-05-13 18:21:46,657 [DEBUG] yandextank.aggregator.aggregator aggregator.py:157	Aggregation time: 5.07ms
2026-05-13 18:21:46,758 [DEBUG] yandextank.aggregator.tank_aggregator tank_aggregator.py:87	Data timestamps: [1778696503]
2026-05-13 18:21:46,758 [DEBUG] yandextank.aggregator.tank_aggregator tank_aggregator.py:88	Stats timestamps: []
2026-05-13 18:21:46,758 [DEBUG] yandextank.plugins.Autostop.criterions criterions.py:95	HTTP codes matching mask 5xx: 0.0/0.1
2026-05-13 18:21:46,760 [DEBUG] yandextank.plugins.Phantom.plugin plugin.py:193	Processed ammo count: 237/
2026-05-13 18:21:46,760 [DEBUG] yandextank.core.tankcore tankcore.py:286	Polling <yandextank.plugins.Phantom.plugin.Plugin object at 0x718572318290>
2026-05-13 18:21:46,760 [DEBUG] yandextank.common.interfaces interfaces.py:101	Publishing status: Plugin/eta: 34
2026-05-13 18:21:46,760 [DEBUG] yandextank.core.tankcore tankcore.py:286	Polling <yandextank.plugins.Autostop.plugin.Plugin object at 0x718572318990>
2026-05-13 18:21:46,760 [DEBUG] yandextank.core.tankcore tankcore.py:286	Polling <yandextank.plugins.ShellExec.plugin.Plugin object at 0x718572318110>
2026-05-13 18:21:46,760 [DEBUG] yandextank.core.tankcore tankcore.py:286	Polling <yandextank.plugins.Console.plugin.Plugin object at 0x7185723185d0>
2026-05-13 18:21:46,760 [DEBUG] yandextank.plugins.Console.screen screen.py:389	Terminal size: 120x30
2026-05-13 18:21:46,760 [DEBUG] yandextank.plugins.Console.screen screen.py:401	Left/right panels width: 78/37
2026-05-13 18:21:46,760 [DEBUG] yandextank.plugins.Console.screen screen.py:406	There are 3 info widgets
2026-05-13 18:21:46,760 [DEBUG] yandextank.plugins.Console.screen screen.py:410	Rendering info widget #0: <yandextank.plugins.Phantom.widget.PhantomProgressBarWidget object at 0x7185722b9150>
2026-05-13 18:21:46,760 [DEBUG] yandextank.plugins.Console.screen screen.py:410	Rendering info widget #2: <yandextank.plugins.Phantom.widget.PhantomInfoWidget object at 0x7185722b9190>
2026-05-13 18:21:46,760 [DEBUG] yandextank.plugins.Console.screen screen.py:410	Rendering info widget #25: <yandextank.plugins.Autostop.plugin.AutostopWidget object at 0x7185722b9290>
2026-05-13 18:21:46,761 [DEBUG] yandextank.plugins.Console.screen screen.py:367	Rendering left blocks
2026-05-13 18:21:46,775 [DEBUG] yandextank.plugins.Console.screen screen.py:418	Composing final screen output
2026-05-13 18:21:46,775 [DEBUG] yandextank.core.tankcore tankcore.py:286	Polling <yandextank.plugins.RCAssert.plugin.Plugin object at 0x7185723189d0>
2026-05-13 18:21:46,775 [DEBUG] yandextank.plugins.Console.plugin plugin.py:73	Writing console view to STDOUT
2026-05-13 18:21:46,775 [DEBUG] yandextank.core.tankcore tankcore.py:286	Polling <yandextank.plugins.ResourceCheck.plugin.Plugin object at 0x718572318890>
2026-05-13 18:21:46,776 [DEBUG] yandextank.common.interfaces plugin.py:44	Checking tank resources...
2026-05-13 18:21:46,776 [DEBUG] yandextank.core.tankcore tankcore.py:286	Polling <yandextank.plugins.JsonReport.plugin.Plugin object at 0x71857263ba50>
2026-05-13 18:21:46,776 [DEBUG] yandextank.core.tankcore tankcore.py:292	Polling took 0.017735004425
2026-05-13 18:21:46,776 [DEBUG] yandextank.core.tankcore tankcore.py:293	Tank status: {"core": {"stage": "shoot"}, "stepper": {"progress": 100, "loop_count": 349, "speed": "40 Krps"}, "Plugin": {"eta": 34}}
2026-05-13 18:21:47,259 [DEBUG] yandextank.aggregator.tank_aggregator tank_aggregator.py:87	Data timestamps: []
2026-05-13 18:21:47,259 [DEBUG] yandextank.aggregator.tank_aggregator tank_aggregator.py:88	Stats timestamps: [1778696504, 1778696505]
2026-05-13 18:21:47,259 [DEBUG] yandextank.core.tankcore tankcore.py:286	Polling <yandextank.plugins.Phantom.plugin.Plugin object at 0x718572318290>
2026-05-13 18:21:47,259 [DEBUG] yandextank.common.interfaces interfaces.py:101	Publishing status: Plugin/eta: 33
2026-05-13 18:21:47,259 [DEBUG] yandextank.core.tankcore tankcore.py:286	Polling <yandextank.plugins.Autostop.plugin.Plugin object at 0x718572318990>
2026-05-13 18:21:47,259 [DEBUG] yandextank.core.tankcore tankcore.py:286	Polling <yandextank.plugins.ShellExec.plugin.Plugin object at 0x718572318110>
2026-05-13 18:21:47,259 [DEBUG] yandextank.core.tankcore tankcore.py:286	Polling <yandextank.plugins.Console.plugin.Plugin object at 0x7185723185d0>
2026-05-13 18:21:47,259 [DEBUG] yandextank.plugins.Console.screen screen.py:389	Terminal size: 120x30
2026-05-13 18:21:47,259 [DEBUG] yandextank.plugins.Console.screen screen.py:401	Left/right panels width: 78/37
2026-05-13 18:21:47,259 [DEBUG] yandextank.plugins.Console.screen screen.py:406	There are 3 info widgets
2026-05-13 18:21:47,259 [DEBUG] yandextank.plugins.Console.screen screen.py:410	Rendering info widget #0: <yandextank.plugins.Phantom.widget.PhantomProgressBarWidget object at 0x7185722b9150>
2026-05-13 18:21:47,259 [DEBUG] yandextank.plugins.Console.screen screen.py:410	Rendering info widget #2: <yandextank.plugins.Phantom.widget.PhantomInfoWidget object at 0x7185722b9190>
2026-05-13 18:21:47,259 [DEBUG] yandextank.plugins.Console.screen screen.py:410	Rendering info widget #25: <yandextank.plugins.Autostop.plugin.AutostopWidget object at 0x7185722b9290>
2026-05-13 18:21:47,259 [DEBUG] yandextank.plugins.Console.screen screen.py:367	Rendering left blocks
2026-05-13 18:21:47,275 [DEBUG] yandextank.plugins.Console.screen screen.py:418	Composing final screen output
2026-05-13 18:21:47,275 [DEBUG] yandextank.core.tankcore tankcore.py:286	Polling <yandextank.plugins.RCAssert.plugin.Plugin object at 0x7185723189d0>
2026-05-13 18:21:47,275 [DEBUG] yandextank.plugins.Console.plugin plugin.py:73	Writing console view to STDOUT
2026-05-13 18:21:47,275 [DEBUG] yandextank.core.tankcore tankcore.py:286	Polling <yandextank.plugins.ResourceCheck.plugin.Plugin object at 0x718572318890>
2026-05-13 18:21:47,276 [DEBUG] yandextank.common.interfaces plugin.py:44	Checking tank resources...
2026-05-13 18:21:47,276 [DEBUG] yandextank.core.tankcore tankcore.py:286	Polling <yandextank.plugins.JsonReport.plugin.Plugin object at 0x71857263ba50>
2026-05-13 18:21:47,276 [DEBUG] yandextank.core.tankcore tankcore.py:292	Polling took 0.0170390605927
2026-05-13 18:21:47,276 [DEBUG] yandextank.core.tankcore tankcore.py:293	Tank status: {"core": {"stage": "shoot"}, "stepper": {"progress": 100, "loop_count": 349, "speed": "40 Krps"}, "Plugin": {"eta": 33}}
2026-05-13 18:21:47,665 [DEBUG] yandextank.plugins.Phantom.reader reader.py:62	Chunk decode time: 6.16ms
2026-05-13 18:21:47,675 [DEBUG] yandextank.aggregator.aggregator aggregator.py:157	Aggregation time: 5.05ms
2026-05-13 18:21:47,759 [DEBUG] yandextank.aggregator.tank_aggregator tank_aggregator.py:87	Data timestamps: [1778696504]
2026-05-13 18:21:47,760 [DEBUG] yandextank.aggregator.tank_aggregator tank_aggregator.py:88	Stats timestamps: []
2026-05-13 18:21:47,760 [DEBUG] yandextank.plugins.Autostop.criterions criterions.py:95	HTTP codes matching mask 5xx: 0.0/0.1
2026-05-13 18:21:47,761 [DEBUG] yandextank.plugins.Phantom.plugin plugin.py:193	Processed ammo count: 252/
2026-05-13 18:21:47,761 [DEBUG] yandextank.core.tankcore tankcore.py:286	Polling <yandextank.plugins.Phantom.plugin.Plugin object at 0x718572318290>
2026-05-13 18:21:47,761 [DEBUG] yandextank.common.interfaces interfaces.py:101	Publishing status: Plugin/eta: 33
2026-05-13 18:21:47,761 [DEBUG] yandextank.core.tankcore tankcore.py:286	Polling <yandextank.plugins.Autostop.plugin.Plugin object at 0x718572318990>
2026-05-13 18:21:47,761 [DEBUG] yandextank.core.tankcore tankcore.py:286	Polling <yandextank.plugins.ShellExec.plugin.Plugin object at 0x718572318110>
2026-05-13 18:21:47,761 [DEBUG] yandextank.core.tankcore tankcore.py:286	Polling <yandextank.plugins.Console.plugin.Plugin object at 0x7185723185d0>
2026-05-13 18:21:47,761 [DEBUG] yandextank.plugins.Console.screen screen.py:389	Terminal size: 120x30
2026-05-13 18:21:47,762 [DEBUG] yandextank.plugins.Console.screen screen.py:401	Left/right panels width: 78/37
2026-05-13 18:21:47,762 [DEBUG] yandextank.plugins.Console.screen screen.py:406	There are 3 info widgets
2026-05-13 18:21:47,762 [DEBUG] yandextank.plugins.Console.screen screen.py:410	Rendering info widget #0: <yandextank.plugins.Phantom.widget.PhantomProgressBarWidget object at 0x7185722b9150>
2026-05-13 18:21:47,762 [DEBUG] yandextank.plugins.Console.screen screen.py:410	Rendering info widget #2: <yandextank.plugins.Phantom.widget.PhantomInfoWidget object at 0x7185722b9190>
2026-05-13 18:21:47,762 [DEBUG] yandextank.plugins.Console.screen screen.py:410	Rendering info widget #25: <yandextank.plugins.Autostop.plugin.AutostopWidget object at 0x7185722b9290>
2026-05-13 18:21:47,762 [DEBUG] yandextank.plugins.Console.screen screen.py:367	Rendering left blocks
2026-05-13 18:21:47,777 [DEBUG] yandextank.plugins.Console.screen screen.py:418	Composing final screen output
2026-05-13 18:21:47,778 [DEBUG] yandextank.core.tankcore tankcore.py:286	Polling <yandextank.plugins.RCAssert.plugin.Plugin object at 0x7185723189d0>
2026-05-13 18:21:47,778 [DEBUG] yandextank.plugins.Console.plugin plugin.py:73	Writing console view to STDOUT
2026-05-13 18:21:47,778 [DEBUG] yandextank.core.tankcore tankcore.py:286	Polling <yandextank.plugins.ResourceCheck.plugin.Plugin object at 0x718572318890>
2026-05-13 18:21:47,778 [DEBUG] yandextank.common.interfaces plugin.py:44	Checking tank resources...
2026-05-13 18:21:47,778 [DEBUG] yandextank.core.tankcore tankcore.py:286	Polling <yandextank.plugins.JsonReport.plugin.Plugin object at 0x71857263ba50>
2026-05-13 18:21:47,778 [DEBUG] yandextank.core.tankcore tankcore.py:292	Polling took 0.0187978744507
2026-05-13 18:21:47,778 [DEBUG] yandextank.core.tankcore tankcore.py:293	Tank status: {"core": {"stage": "shoot"}, "stepper": {"progress": 100, "loop_count": 349, "speed": "40 Krps"}, "Plugin": {"eta": 33}}
2026-05-13 18:21:48,260 [DEBUG] yandextank.aggregator.tank_aggregator tank_aggregator.py:87	Data timestamps: []
2026-05-13 18:21:48,260 [DEBUG] yandextank.aggregator.tank_aggregator tank_aggregator.py:88	Stats timestamps: [1778696506]
2026-05-13 18:21:48,260 [DEBUG] yandextank.core.tankcore tankcore.py:286	Polling <yandextank.plugins.Phantom.plugin.Plugin object at 0x718572318290>
2026-05-13 18:21:48,260 [DEBUG] yandextank.common.interfaces interfaces.py:101	Publishing status: Plugin/eta: 32
2026-05-13 18:21:48,260 [DEBUG] yandextank.core.tankcore tankcore.py:286	Polling <yandextank.plugins.Autostop.plugin.Plugin object at 0x718572318990>
2026-05-13 18:21:48,260 [DEBUG] yandextank.core.tankcore tankcore.py:286	Polling <yandextank.plugins.ShellExec.plugin.Plugin object at 0x718572318110>
2026-05-13 18:21:48,260 [DEBUG] yandextank.core.tankcore tankcore.py:286	Polling <yandextank.plugins.Console.plugin.Plugin object at 0x7185723185d0>
2026-05-13 18:21:48,260 [DEBUG] yandextank.plugins.Console.screen screen.py:389	Terminal size: 120x30
2026-05-13 18:21:48,260 [DEBUG] yandextank.plugins.Console.screen screen.py:401	Left/right panels width: 78/37
2026-05-13 18:21:48,261 [DEBUG] yandextank.plugins.Console.screen screen.py:406	There are 3 info widgets
2026-05-13 18:21:48,261 [DEBUG] yandextank.plugins.Console.screen screen.py:410	Rendering info widget #0: <yandextank.plugins.Phantom.widget.PhantomProgressBarWidget object at 0x7185722b9150>
2026-05-13 18:21:48,261 [DEBUG] yandextank.plugins.Console.screen screen.py:410	Rendering info widget #2: <yandextank.plugins.Phantom.widget.PhantomInfoWidget object at 0x7185722b9190>
2026-05-13 18:21:48,261 [DEBUG] yandextank.plugins.Console.screen screen.py:410	Rendering info widget #25: <yandextank.plugins.Autostop.plugin.AutostopWidget object at 0x7185722b9290>
2026-05-13 18:21:48,261 [DEBUG] yandextank.plugins.Console.screen screen.py:367	Rendering left blocks
2026-05-13 18:21:48,276 [DEBUG] yandextank.plugins.Console.screen screen.py:418	Composing final screen output
2026-05-13 18:21:48,276 [DEBUG] yandextank.core.tankcore tankcore.py:286	Polling <yandextank.plugins.RCAssert.plugin.Plugin object at 0x7185723189d0>
2026-05-13 18:21:48,276 [DEBUG] yandextank.plugins.Console.plugin plugin.py:73	Writing console view to STDOUT
2026-05-13 18:21:48,276 [DEBUG] yandextank.core.tankcore tankcore.py:286	Polling <yandextank.plugins.ResourceCheck.plugin.Plugin object at 0x718572318890>
2026-05-13 18:21:48,277 [DEBUG] yandextank.common.interfaces plugin.py:44	Checking tank resources...
2026-05-13 18:21:48,277 [DEBUG] yandextank.core.tankcore tankcore.py:286	Polling <yandextank.plugins.JsonReport.plugin.Plugin object at 0x71857263ba50>
2026-05-13 18:21:48,277 [DEBUG] yandextank.core.tankcore tankcore.py:292	Polling took 0.0167419910431
2026-05-13 18:21:48,277 [DEBUG] yandextank.core.tankcore tankcore.py:293	Tank status: {"core": {"stage": "shoot"}, "stepper": {"progress": 100, "loop_count": 349, "speed": "40 Krps"}, "Plugin": {"eta": 32}}
2026-05-13 18:21:48,681 [DEBUG] yandextank.plugins.Phantom.reader reader.py:62	Chunk decode time: 5.86ms
2026-05-13 18:21:48,691 [DEBUG] yandextank.aggregator.aggregator aggregator.py:157	Aggregation time: 4.88ms
2026-05-13 18:21:48,761 [DEBUG] yandextank.aggregator.tank_aggregator tank_aggregator.py:87	Data timestamps: [1778696505]
2026-05-13 18:21:48,761 [DEBUG] yandextank.aggregator.tank_aggregator tank_aggregator.py:88	Stats timestamps: []
2026-05-13 18:21:48,761 [DEBUG] yandextank.plugins.Autostop.criterions criterions.py:95	HTTP codes matching mask 5xx: 0.0/0.1
2026-05-13 18:21:48,762 [DEBUG] yandextank.plugins.Phantom.plugin plugin.py:193	Processed ammo count: 268/
2026-05-13 18:21:48,763 [DEBUG] yandextank.core.tankcore tankcore.py:286	Polling <yandextank.plugins.Phantom.plugin.Plugin object at 0x718572318290>
2026-05-13 18:21:48,763 [DEBUG] yandextank.common.interfaces interfaces.py:101	Publishing status: Plugin/eta: 32
2026-05-13 18:21:48,763 [DEBUG] yandextank.core.tankcore tankcore.py:286	Polling <yandextank.plugins.Autostop.plugin.Plugin object at 0x718572318990>
2026-05-13 18:21:48,763 [DEBUG] yandextank.core.tankcore tankcore.py:286	Polling <yandextank.plugins.ShellExec.plugin.Plugin object at 0x718572318110>
2026-05-13 18:21:48,763 [DEBUG] yandextank.core.tankcore tankcore.py:286	Polling <yandextank.plugins.Console.plugin.Plugin object at 0x7185723185d0>
2026-05-13 18:21:48,763 [DEBUG] yandextank.plugins.Console.screen screen.py:389	Terminal size: 120x30
2026-05-13 18:21:48,763 [DEBUG] yandextank.plugins.Console.screen screen.py:401	Left/right panels width: 78/37
2026-05-13 18:21:48,763 [DEBUG] yandextank.plugins.Console.screen screen.py:406	There are 3 info widgets
2026-05-13 18:21:48,763 [DEBUG] yandextank.plugins.Console.screen screen.py:410	Rendering info widget #0: <yandextank.plugins.Phantom.widget.PhantomProgressBarWidget object at 0x7185722b9150>
2026-05-13 18:21:48,763 [DEBUG] yandextank.plugins.Console.screen screen.py:410	Rendering info widget #2: <yandextank.plugins.Phantom.widget.PhantomInfoWidget object at 0x7185722b9190>
2026-05-13 18:21:48,763 [DEBUG] yandextank.plugins.Console.screen screen.py:410	Rendering info widget #25: <yandextank.plugins.Autostop.plugin.AutostopWidget object at 0x7185722b9290>
2026-05-13 18:21:48,763 [DEBUG] yandextank.plugins.Console.screen screen.py:367	Rendering left blocks
2026-05-13 18:21:48,779 [DEBUG] yandextank.plugins.Console.screen screen.py:418	Composing final screen output
2026-05-13 18:21:48,779 [DEBUG] yandextank.core.tankcore tankcore.py:286	Polling <yandextank.plugins.RCAssert.plugin.Plugin object at 0x7185723189d0>
2026-05-13 18:21:48,779 [DEBUG] yandextank.core.tankcore tankcore.py:286	Polling <yandextank.plugins.ResourceCheck.plugin.Plugin object at 0x718572318890>
2026-05-13 18:21:48,780 [DEBUG] yandextank.common.interfaces plugin.py:44	Checking tank resources...
2026-05-13 18:21:48,780 [DEBUG] yandextank.plugins.Console.plugin plugin.py:73	Writing console view to STDOUT
2026-05-13 18:21:48,780 [DEBUG] yandextank.core.tankcore tankcore.py:286	Polling <yandextank.plugins.JsonReport.plugin.Plugin object at 0x71857263ba50>
2026-05-13 18:21:48,780 [DEBUG] yandextank.core.tankcore tankcore.py:292	Polling took 0.0191979408264
2026-05-13 18:21:48,780 [DEBUG] yandextank.core.tankcore tankcore.py:293	Tank status: {"core": {"stage": "shoot"}, "stepper": {"progress": 100, "loop_count": 349, "speed": "40 Krps"}, "Plugin": {"eta": 32}}
2026-05-13 18:21:49,261 [DEBUG] yandextank.aggregator.tank_aggregator tank_aggregator.py:87	Data timestamps: []
2026-05-13 18:21:49,261 [DEBUG] yandextank.aggregator.tank_aggregator tank_aggregator.py:88	Stats timestamps: [1778696507]
2026-05-13 18:21:49,261 [DEBUG] yandextank.core.tankcore tankcore.py:286	Polling <yandextank.plugins.Phantom.plugin.Plugin object at 0x718572318290>
2026-05-13 18:21:49,261 [DEBUG] yandextank.common.interfaces interfaces.py:101	Publishing status: Plugin/eta: 31
2026-05-13 18:21:49,261 [DEBUG] yandextank.core.tankcore tankcore.py:286	Polling <yandextank.plugins.Autostop.plugin.Plugin object at 0x718572318990>
2026-05-13 18:21:49,261 [DEBUG] yandextank.core.tankcore tankcore.py:286	Polling <yandextank.plugins.ShellExec.plugin.Plugin object at 0x718572318110>
2026-05-13 18:21:49,261 [DEBUG] yandextank.core.tankcore tankcore.py:286	Polling <yandextank.plugins.Console.plugin.Plugin object at 0x7185723185d0>
2026-05-13 18:21:49,261 [DEBUG] yandextank.plugins.Console.screen screen.py:389	Terminal size: 120x30
2026-05-13 18:21:49,261 [DEBUG] yandextank.plugins.Console.screen screen.py:401	Left/right panels width: 78/37
2026-05-13 18:21:49,262 [DEBUG] yandextank.plugins.Console.screen screen.py:406	There are 3 info widgets
2026-05-13 18:21:49,262 [DEBUG] yandextank.plugins.Console.screen screen.py:410	Rendering info widget #0: <yandextank.plugins.Phantom.widget.PhantomProgressBarWidget object at 0x7185722b9150>
2026-05-13 18:21:49,262 [DEBUG] yandextank.plugins.Console.screen screen.py:410	Rendering info widget #2: <yandextank.plugins.Phantom.widget.PhantomInfoWidget object at 0x7185722b9190>
2026-05-13 18:21:49,262 [DEBUG] yandextank.plugins.Console.screen screen.py:410	Rendering info widget #25: <yandextank.plugins.Autostop.plugin.AutostopWidget object at 0x7185722b9290>
2026-05-13 18:21:49,262 [DEBUG] yandextank.plugins.Console.screen screen.py:367	Rendering left blocks
2026-05-13 18:21:49,278 [DEBUG] yandextank.plugins.Console.screen screen.py:418	Composing final screen output
2026-05-13 18:21:49,278 [DEBUG] yandextank.core.tankcore tankcore.py:286	Polling <yandextank.plugins.RCAssert.plugin.Plugin object at 0x7185723189d0>
2026-05-13 18:21:49,278 [DEBUG] yandextank.plugins.Console.plugin plugin.py:73	Writing console view to STDOUT
2026-05-13 18:21:49,278 [DEBUG] yandextank.core.tankcore tankcore.py:286	Polling <yandextank.plugins.ResourceCheck.plugin.Plugin object at 0x718572318890>
2026-05-13 18:21:49,278 [DEBUG] yandextank.common.interfaces plugin.py:44	Checking tank resources...
2026-05-13 18:21:49,278 [DEBUG] yandextank.core.tankcore tankcore.py:286	Polling <yandextank.plugins.JsonReport.plugin.Plugin object at 0x71857263ba50>
2026-05-13 18:21:49,278 [DEBUG] yandextank.core.tankcore tankcore.py:292	Polling took 0.0174150466919
2026-05-13 18:21:49,278 [DEBUG] yandextank.core.tankcore tankcore.py:293	Tank status: {"core": {"stage": "shoot"}, "stepper": {"progress": 100, "loop_count": 349, "speed": "40 Krps"}, "Plugin": {"eta": 31}}
2026-05-13 18:21:49,698 [DEBUG] yandextank.plugins.Phantom.reader reader.py:62	Chunk decode time: 5.80ms
2026-05-13 18:21:49,708 [DEBUG] yandextank.aggregator.aggregator aggregator.py:157	Aggregation time: 4.93ms
2026-05-13 18:21:49,762 [DEBUG] yandextank.aggregator.tank_aggregator tank_aggregator.py:87	Data timestamps: [1778696506]
2026-05-13 18:21:49,762 [DEBUG] yandextank.aggregator.tank_aggregator tank_aggregator.py:88	Stats timestamps: []
2026-05-13 18:21:49,762 [DEBUG] yandextank.plugins.Autostop.criterions criterions.py:95	HTTP codes matching mask 5xx: 0.0/0.1
2026-05-13 18:21:49,763 [DEBUG] yandextank.plugins.Phantom.plugin plugin.py:193	Processed ammo count: 284/
2026-05-13 18:21:49,764 [DEBUG] yandextank.core.tankcore tankcore.py:286	Polling <yandextank.plugins.Phantom.plugin.Plugin object at 0x718572318290>
2026-05-13 18:21:49,764 [DEBUG] yandextank.common.interfaces interfaces.py:101	Publishing status: Plugin/eta: 31
2026-05-13 18:21:49,764 [DEBUG] yandextank.core.tankcore tankcore.py:286	Polling <yandextank.plugins.Autostop.plugin.Plugin object at 0x718572318990>
2026-05-13 18:21:49,764 [DEBUG] yandextank.core.tankcore tankcore.py:286	Polling <yandextank.plugins.ShellExec.plugin.Plugin object at 0x718572318110>
2026-05-13 18:21:49,764 [DEBUG] yandextank.core.tankcore tankcore.py:286	Polling <yandextank.plugins.Console.plugin.Plugin object at 0x7185723185d0>
2026-05-13 18:21:49,764 [DEBUG] yandextank.plugins.Console.screen screen.py:389	Terminal size: 120x30
2026-05-13 18:21:49,764 [DEBUG] yandextank.plugins.Console.screen screen.py:401	Left/right panels width: 78/37
2026-05-13 18:21:49,764 [DEBUG] yandextank.plugins.Console.screen screen.py:406	There are 3 info widgets
2026-05-13 18:21:49,764 [DEBUG] yandextank.plugins.Console.screen screen.py:410	Rendering info widget #0: <yandextank.plugins.Phantom.widget.PhantomProgressBarWidget object at 0x7185722b9150>
2026-05-13 18:21:49,764 [DEBUG] yandextank.plugins.Console.screen screen.py:410	Rendering info widget #2: <yandextank.plugins.Phantom.widget.PhantomInfoWidget object at 0x7185722b9190>
2026-05-13 18:21:49,764 [DEBUG] yandextank.plugins.Console.screen screen.py:410	Rendering info widget #25: <yandextank.plugins.Autostop.plugin.AutostopWidget object at 0x7185722b9290>
2026-05-13 18:21:49,764 [DEBUG] yandextank.plugins.Console.screen screen.py:367	Rendering left blocks
2026-05-13 18:21:49,780 [DEBUG] yandextank.plugins.Console.screen screen.py:418	Composing final screen output
2026-05-13 18:21:49,781 [DEBUG] yandextank.core.tankcore tankcore.py:286	Polling <yandextank.plugins.RCAssert.plugin.Plugin object at 0x7185723189d0>
2026-05-13 18:21:49,781 [DEBUG] yandextank.plugins.Console.plugin plugin.py:73	Writing console view to STDOUT
2026-05-13 18:21:49,781 [DEBUG] yandextank.core.tankcore tankcore.py:286	Polling <yandextank.plugins.ResourceCheck.plugin.Plugin object at 0x718572318890>
2026-05-13 18:21:49,781 [DEBUG] yandextank.common.interfaces plugin.py:44	Checking tank resources...
2026-05-13 18:21:49,781 [DEBUG] yandextank.core.tankcore tankcore.py:286	Polling <yandextank.plugins.JsonReport.plugin.Plugin object at 0x71857263ba50>
2026-05-13 18:21:49,781 [DEBUG] yandextank.core.tankcore tankcore.py:292	Polling took 0.0194270610809
2026-05-13 18:21:49,781 [DEBUG] yandextank.core.tankcore tankcore.py:293	Tank status: {"core": {"stage": "shoot"}, "stepper": {"progress": 100, "loop_count": 349, "speed": "40 Krps"}, "Plugin": {"eta": 31}}
2026-05-13 18:21:50,262 [DEBUG] yandextank.aggregator.tank_aggregator tank_aggregator.py:87	Data timestamps: []
2026-05-13 18:21:50,263 [DEBUG] yandextank.aggregator.tank_aggregator tank_aggregator.py:88	Stats timestamps: [1778696508]
2026-05-13 18:21:50,263 [DEBUG] yandextank.core.tankcore tankcore.py:286	Polling <yandextank.plugins.Phantom.plugin.Plugin object at 0x718572318290>
2026-05-13 18:21:50,263 [DEBUG] yandextank.common.interfaces interfaces.py:101	Publishing status: Plugin/eta: 30
2026-05-13 18:21:50,263 [DEBUG] yandextank.core.tankcore tankcore.py:286	Polling <yandextank.plugins.Autostop.plugin.Plugin object at 0x718572318990>
2026-05-13 18:21:50,263 [DEBUG] yandextank.core.tankcore tankcore.py:286	Polling <yandextank.plugins.ShellExec.plugin.Plugin object at 0x718572318110>
2026-05-13 18:21:50,263 [DEBUG] yandextank.core.tankcore tankcore.py:286	Polling <yandextank.plugins.Console.plugin.Plugin object at 0x7185723185d0>
2026-05-13 18:21:50,263 [DEBUG] yandextank.plugins.Console.screen screen.py:389	Terminal size: 120x30
2026-05-13 18:21:50,263 [DEBUG] yandextank.plugins.Console.screen screen.py:401	Left/right panels width: 78/37
2026-05-13 18:21:50,263 [DEBUG] yandextank.plugins.Console.screen screen.py:406	There are 3 info widgets
2026-05-13 18:21:50,263 [DEBUG] yandextank.plugins.Console.screen screen.py:410	Rendering info widget #0: <yandextank.plugins.Phantom.widget.PhantomProgressBarWidget object at 0x7185722b9150>
2026-05-13 18:21:50,263 [DEBUG] yandextank.plugins.Console.screen screen.py:410	Rendering info widget #2: <yandextank.plugins.Phantom.widget.PhantomInfoWidget object at 0x7185722b9190>
2026-05-13 18:21:50,263 [DEBUG] yandextank.plugins.Console.screen screen.py:410	Rendering info widget #25: <yandextank.plugins.Autostop.plugin.AutostopWidget object at 0x7185722b9290>
2026-05-13 18:21:50,263 [DEBUG] yandextank.plugins.Console.screen screen.py:367	Rendering left blocks
2026-05-13 18:21:50,279 [DEBUG] yandextank.plugins.Console.screen screen.py:418	Composing final screen output
2026-05-13 18:21:50,280 [DEBUG] yandextank.core.tankcore tankcore.py:286	Polling <yandextank.plugins.RCAssert.plugin.Plugin object at 0x7185723189d0>
2026-05-13 18:21:50,280 [DEBUG] yandextank.core.tankcore tankcore.py:286	Polling <yandextank.plugins.ResourceCheck.plugin.Plugin object at 0x718572318890>
2026-05-13 18:21:50,280 [DEBUG] yandextank.plugins.Console.plugin plugin.py:73	Writing console view to STDOUT
2026-05-13 18:21:50,280 [DEBUG] yandextank.common.interfaces plugin.py:44	Checking tank resources...
2026-05-13 18:21:50,280 [DEBUG] netort.process process.py:23	Starting: sh -c "df --no-sync -m -P -l -x fuse -x tmpfs -x devtmpfs -x davfs -x nfs /var/loadtest/logs | tail -n 1 | awk '{print \$4}' "
2026-05-13 18:21:50,289 [DEBUG] netort.process process.py:46	Process output:
3022

2026-05-13 18:21:50,289 [DEBUG] netort.process process.py:48	Process exit code: 0
2026-05-13 18:21:50,289 [DEBUG] root plugin.py:58	Result: (0, '3022\n', '')
2026-05-13 18:21:50,289 [DEBUG] yandextank.common.interfaces plugin.py:64	Disk free space: 3022/2048
2026-05-13 18:21:50,289 [DEBUG] yandextank.common.interfaces plugin.py:75	Memory free: 1476/512
2026-05-13 18:21:50,289 [DEBUG] yandextank.core.tankcore tankcore.py:286	Polling <yandextank.plugins.JsonReport.plugin.Plugin object at 0x71857263ba50>
2026-05-13 18:21:50,289 [DEBUG] yandextank.core.tankcore tankcore.py:292	Polling took 0.0269229412079
2026-05-13 18:21:50,289 [DEBUG] yandextank.core.tankcore tankcore.py:293	Tank status: {"core": {"stage": "shoot"}, "stepper": {"progress": 100, "loop_count": 349, "speed": "40 Krps"}, "Plugin": {"eta": 30}}
2026-05-13 18:21:50,715 [DEBUG] yandextank.plugins.Phantom.reader reader.py:62	Chunk decode time: 6.35ms
2026-05-13 18:21:50,726 [DEBUG] yandextank.aggregator.aggregator aggregator.py:157	Aggregation time: 5.12ms
2026-05-13 18:21:50,763 [DEBUG] yandextank.aggregator.tank_aggregator tank_aggregator.py:87	Data timestamps: [1778696507]
2026-05-13 18:21:50,763 [DEBUG] yandextank.aggregator.tank_aggregator tank_aggregator.py:88	Stats timestamps: []
2026-05-13 18:21:50,763 [DEBUG] yandextank.plugins.Autostop.criterions criterions.py:95	HTTP codes matching mask 5xx: 0.0/0.1
2026-05-13 18:21:50,764 [DEBUG] yandextank.plugins.Phantom.plugin plugin.py:193	Processed ammo count: 300/
2026-05-13 18:21:50,764 [DEBUG] yandextank.core.tankcore tankcore.py:286	Polling <yandextank.plugins.Phantom.plugin.Plugin object at 0x718572318290>
2026-05-13 18:21:50,765 [DEBUG] yandextank.common.interfaces interfaces.py:101	Publishing status: Plugin/eta: 30
2026-05-13 18:21:50,765 [DEBUG] yandextank.core.tankcore tankcore.py:286	Polling <yandextank.plugins.Autostop.plugin.Plugin object at 0x718572318990>
2026-05-13 18:21:50,765 [DEBUG] yandextank.core.tankcore tankcore.py:286	Polling <yandextank.plugins.ShellExec.plugin.Plugin object at 0x718572318110>
2026-05-13 18:21:50,765 [DEBUG] yandextank.core.tankcore tankcore.py:286	Polling <yandextank.plugins.Console.plugin.Plugin object at 0x7185723185d0>
2026-05-13 18:21:50,765 [DEBUG] yandextank.plugins.Console.screen screen.py:389	Terminal size: 120x30
2026-05-13 18:21:50,765 [DEBUG] yandextank.plugins.Console.screen screen.py:401	Left/right panels width: 78/37
2026-05-13 18:21:50,765 [DEBUG] yandextank.plugins.Console.screen screen.py:406	There are 3 info widgets
2026-05-13 18:21:50,765 [DEBUG] yandextank.plugins.Console.screen screen.py:410	Rendering info widget #0: <yandextank.plugins.Phantom.widget.PhantomProgressBarWidget object at 0x7185722b9150>
2026-05-13 18:21:50,765 [DEBUG] yandextank.plugins.Console.screen screen.py:410	Rendering info widget #2: <yandextank.plugins.Phantom.widget.PhantomInfoWidget object at 0x7185722b9190>
2026-05-13 18:21:50,765 [DEBUG] yandextank.plugins.Console.screen screen.py:410	Rendering info widget #25: <yandextank.plugins.Autostop.plugin.AutostopWidget object at 0x7185722b9290>
2026-05-13 18:21:50,765 [DEBUG] yandextank.plugins.Console.screen screen.py:367	Rendering left blocks
2026-05-13 18:21:50,781 [DEBUG] yandextank.plugins.Console.screen screen.py:418	Composing final screen output
2026-05-13 18:21:50,781 [DEBUG] yandextank.core.tankcore tankcore.py:286	Polling <yandextank.plugins.RCAssert.plugin.Plugin object at 0x7185723189d0>
2026-05-13 18:21:50,781 [DEBUG] yandextank.core.tankcore tankcore.py:286	Polling <yandextank.plugins.ResourceCheck.plugin.Plugin object at 0x718572318890>
2026-05-13 18:21:50,781 [DEBUG] yandextank.common.interfaces plugin.py:44	Checking tank resources...
2026-05-13 18:21:50,781 [DEBUG] yandextank.plugins.Console.plugin plugin.py:73	Writing console view to STDOUT
2026-05-13 18:21:50,781 [DEBUG] yandextank.core.tankcore tankcore.py:286	Polling <yandextank.plugins.JsonReport.plugin.Plugin object at 0x71857263ba50>
2026-05-13 18:21:50,782 [DEBUG] yandextank.core.tankcore tankcore.py:292	Polling took 0.0190200805664
2026-05-13 18:21:50,782 [DEBUG] yandextank.core.tankcore tankcore.py:293	Tank status: {"core": {"stage": "shoot"}, "stepper": {"progress": 100, "loop_count": 349, "speed": "40 Krps"}, "Plugin": {"eta": 30}}
2026-05-13 18:21:51,263 [DEBUG] yandextank.aggregator.tank_aggregator tank_aggregator.py:87	Data timestamps: []
2026-05-13 18:21:51,263 [DEBUG] yandextank.aggregator.tank_aggregator tank_aggregator.py:88	Stats timestamps: [1778696509]
2026-05-13 18:21:51,263 [DEBUG] yandextank.core.tankcore tankcore.py:286	Polling <yandextank.plugins.Phantom.plugin.Plugin object at 0x718572318290>
2026-05-13 18:21:51,264 [DEBUG] yandextank.common.interfaces interfaces.py:101	Publishing status: Plugin/eta: 29
2026-05-13 18:21:51,264 [DEBUG] yandextank.core.tankcore tankcore.py:286	Polling <yandextank.plugins.Autostop.plugin.Plugin object at 0x718572318990>
2026-05-13 18:21:51,264 [DEBUG] yandextank.core.tankcore tankcore.py:286	Polling <yandextank.plugins.ShellExec.plugin.Plugin object at 0x718572318110>
2026-05-13 18:21:51,264 [DEBUG] yandextank.core.tankcore tankcore.py:286	Polling <yandextank.plugins.Console.plugin.Plugin object at 0x7185723185d0>
2026-05-13 18:21:51,264 [DEBUG] yandextank.plugins.Console.screen screen.py:389	Terminal size: 120x30
2026-05-13 18:21:51,264 [DEBUG] yandextank.plugins.Console.screen screen.py:401	Left/right panels width: 78/37
2026-05-13 18:21:51,264 [DEBUG] yandextank.plugins.Console.screen screen.py:406	There are 3 info widgets
2026-05-13 18:21:51,264 [DEBUG] yandextank.plugins.Console.screen screen.py:410	Rendering info widget #0: <yandextank.plugins.Phantom.widget.PhantomProgressBarWidget object at 0x7185722b9150>
2026-05-13 18:21:51,264 [DEBUG] yandextank.plugins.Console.screen screen.py:410	Rendering info widget #2: <yandextank.plugins.Phantom.widget.PhantomInfoWidget object at 0x7185722b9190>
2026-05-13 18:21:51,264 [DEBUG] yandextank.plugins.Console.screen screen.py:410	Rendering info widget #25: <yandextank.plugins.Autostop.plugin.AutostopWidget object at 0x7185722b9290>
2026-05-13 18:21:51,264 [DEBUG] yandextank.plugins.Console.screen screen.py:367	Rendering left blocks
2026-05-13 18:21:51,282 [DEBUG] yandextank.plugins.Console.screen screen.py:418	Composing final screen output
2026-05-13 18:21:51,282 [DEBUG] yandextank.core.tankcore tankcore.py:286	Polling <yandextank.plugins.RCAssert.plugin.Plugin object at 0x7185723189d0>
2026-05-13 18:21:51,282 [DEBUG] yandextank.plugins.Console.plugin plugin.py:73	Writing console view to STDOUT
2026-05-13 18:21:51,282 [DEBUG] yandextank.core.tankcore tankcore.py:286	Polling <yandextank.plugins.ResourceCheck.plugin.Plugin object at 0x718572318890>
2026-05-13 18:21:51,282 [DEBUG] yandextank.common.interfaces plugin.py:44	Checking tank resources...
2026-05-13 18:21:51,282 [DEBUG] yandextank.core.tankcore tankcore.py:286	Polling <yandextank.plugins.JsonReport.plugin.Plugin object at 0x71857263ba50>
2026-05-13 18:21:51,282 [DEBUG] yandextank.core.tankcore tankcore.py:292	Polling took 0.0192489624023
2026-05-13 18:21:51,283 [DEBUG] yandextank.core.tankcore tankcore.py:293	Tank status: {"core": {"stage": "shoot"}, "stepper": {"progress": 100, "loop_count": 349, "speed": "40 Krps"}, "Plugin": {"eta": 29}}
2026-05-13 18:21:51,731 [DEBUG] yandextank.plugins.Phantom.reader reader.py:62	Chunk decode time: 5.12ms
2026-05-13 18:21:51,742 [DEBUG] yandextank.aggregator.aggregator aggregator.py:157	Aggregation time: 5.19ms
2026-05-13 18:21:51,764 [DEBUG] yandextank.aggregator.tank_aggregator tank_aggregator.py:87	Data timestamps: [1778696508]
2026-05-13 18:21:51,764 [DEBUG] yandextank.aggregator.tank_aggregator tank_aggregator.py:88	Stats timestamps: []
2026-05-13 18:21:51,764 [DEBUG] yandextank.plugins.Autostop.criterions criterions.py:95	HTTP codes matching mask 5xx: 0.0/0.1
2026-05-13 18:21:51,766 [DEBUG] yandextank.plugins.Phantom.plugin plugin.py:193	Processed ammo count: 317/
2026-05-13 18:21:51,766 [DEBUG] yandextank.core.tankcore tankcore.py:286	Polling <yandextank.plugins.Phantom.plugin.Plugin object at 0x718572318290>
2026-05-13 18:21:51,766 [DEBUG] yandextank.common.interfaces interfaces.py:101	Publishing status: Plugin/eta: 29
2026-05-13 18:21:51,766 [DEBUG] yandextank.core.tankcore tankcore.py:286	Polling <yandextank.plugins.Autostop.plugin.Plugin object at 0x718572318990>
2026-05-13 18:21:51,766 [DEBUG] yandextank.core.tankcore tankcore.py:286	Polling <yandextank.plugins.ShellExec.plugin.Plugin object at 0x718572318110>
2026-05-13 18:21:51,766 [DEBUG] yandextank.core.tankcore tankcore.py:286	Polling <yandextank.plugins.Console.plugin.Plugin object at 0x7185723185d0>
2026-05-13 18:21:51,766 [DEBUG] yandextank.plugins.Console.screen screen.py:389	Terminal size: 120x30
2026-05-13 18:21:51,766 [DEBUG] yandextank.plugins.Console.screen screen.py:401	Left/right panels width: 78/37
2026-05-13 18:21:51,766 [DEBUG] yandextank.plugins.Console.screen screen.py:406	There are 3 info widgets
2026-05-13 18:21:51,766 [DEBUG] yandextank.plugins.Console.screen screen.py:410	Rendering info widget #0: <yandextank.plugins.Phantom.widget.PhantomProgressBarWidget object at 0x7185722b9150>
2026-05-13 18:21:51,766 [DEBUG] yandextank.plugins.Console.screen screen.py:410	Rendering info widget #2: <yandextank.plugins.Phantom.widget.PhantomInfoWidget object at 0x7185722b9190>
2026-05-13 18:21:51,766 [DEBUG] yandextank.plugins.Console.screen screen.py:410	Rendering info widget #25: <yandextank.plugins.Autostop.plugin.AutostopWidget object at 0x7185722b9290>
2026-05-13 18:21:51,766 [DEBUG] yandextank.plugins.Console.screen screen.py:367	Rendering left blocks
2026-05-13 18:21:51,784 [DEBUG] yandextank.plugins.Console.screen screen.py:418	Composing final screen output
2026-05-13 18:21:51,784 [DEBUG] yandextank.core.tankcore tankcore.py:286	Polling <yandextank.plugins.RCAssert.plugin.Plugin object at 0x7185723189d0>
2026-05-13 18:21:51,784 [DEBUG] yandextank.plugins.Console.plugin plugin.py:73	Writing console view to STDOUT
2026-05-13 18:21:51,784 [DEBUG] yandextank.core.tankcore tankcore.py:286	Polling <yandextank.plugins.ResourceCheck.plugin.Plugin object at 0x718572318890>
2026-05-13 18:21:51,784 [DEBUG] yandextank.common.interfaces plugin.py:44	Checking tank resources...
2026-05-13 18:21:51,784 [DEBUG] yandextank.core.tankcore tankcore.py:286	Polling <yandextank.plugins.JsonReport.plugin.Plugin object at 0x71857263ba50>
2026-05-13 18:21:51,784 [DEBUG] yandextank.core.tankcore tankcore.py:292	Polling took 0.0204010009766
2026-05-13 18:21:51,784 [DEBUG] yandextank.core.tankcore tankcore.py:293	Tank status: {"core": {"stage": "shoot"}, "stepper": {"progress": 100, "loop_count": 349, "speed": "40 Krps"}, "Plugin": {"eta": 29}}
2026-05-13 18:21:52,265 [DEBUG] yandextank.aggregator.tank_aggregator tank_aggregator.py:87	Data timestamps: []
2026-05-13 18:21:52,265 [DEBUG] yandextank.aggregator.tank_aggregator tank_aggregator.py:88	Stats timestamps: [1778696510]
2026-05-13 18:21:52,265 [DEBUG] yandextank.core.tankcore tankcore.py:286	Polling <yandextank.plugins.Phantom.plugin.Plugin object at 0x718572318290>
2026-05-13 18:21:52,265 [DEBUG] yandextank.common.interfaces interfaces.py:101	Publishing status: Plugin/eta: 28
2026-05-13 18:21:52,265 [DEBUG] yandextank.core.tankcore tankcore.py:286	Polling <yandextank.plugins.Autostop.plugin.Plugin object at 0x718572318990>
2026-05-13 18:21:52,265 [DEBUG] yandextank.core.tankcore tankcore.py:286	Polling <yandextank.plugins.ShellExec.plugin.Plugin object at 0x718572318110>
2026-05-13 18:21:52,265 [DEBUG] yandextank.core.tankcore tankcore.py:286	Polling <yandextank.plugins.Console.plugin.Plugin object at 0x7185723185d0>
2026-05-13 18:21:52,265 [DEBUG] yandextank.plugins.Console.screen screen.py:389	Terminal size: 120x30
2026-05-13 18:21:52,265 [DEBUG] yandextank.plugins.Console.screen screen.py:401	Left/right panels width: 78/37
2026-05-13 18:21:52,265 [DEBUG] yandextank.plugins.Console.screen screen.py:406	There are 3 info widgets
2026-05-13 18:21:52,265 [DEBUG] yandextank.plugins.Console.screen screen.py:410	Rendering info widget #0: <yandextank.plugins.Phantom.widget.PhantomProgressBarWidget object at 0x7185722b9150>
2026-05-13 18:21:52,265 [DEBUG] yandextank.plugins.Console.screen screen.py:410	Rendering info widget #2: <yandextank.plugins.Phantom.widget.PhantomInfoWidget object at 0x7185722b9190>
2026-05-13 18:21:52,265 [DEBUG] yandextank.plugins.Console.screen screen.py:410	Rendering info widget #25: <yandextank.plugins.Autostop.plugin.AutostopWidget object at 0x7185722b9290>
2026-05-13 18:21:52,265 [DEBUG] yandextank.plugins.Console.screen screen.py:367	Rendering left blocks
2026-05-13 18:21:52,283 [DEBUG] yandextank.plugins.Console.screen screen.py:418	Composing final screen output
2026-05-13 18:21:52,283 [DEBUG] yandextank.core.tankcore tankcore.py:286	Polling <yandextank.plugins.RCAssert.plugin.Plugin object at 0x7185723189d0>
2026-05-13 18:21:52,284 [DEBUG] yandextank.plugins.Console.plugin plugin.py:73	Writing console view to STDOUT
2026-05-13 18:21:52,284 [DEBUG] yandextank.core.tankcore tankcore.py:286	Polling <yandextank.plugins.ResourceCheck.plugin.Plugin object at 0x718572318890>
2026-05-13 18:21:52,284 [DEBUG] yandextank.common.interfaces plugin.py:44	Checking tank resources...
2026-05-13 18:21:52,284 [DEBUG] yandextank.core.tankcore tankcore.py:286	Polling <yandextank.plugins.JsonReport.plugin.Plugin object at 0x71857263ba50>
2026-05-13 18:21:52,284 [DEBUG] yandextank.core.tankcore tankcore.py:292	Polling took 0.0192229747772
2026-05-13 18:21:52,284 [DEBUG] yandextank.core.tankcore tankcore.py:293	Tank status: {"core": {"stage": "shoot"}, "stepper": {"progress": 100, "loop_count": 349, "speed": "40 Krps"}, "Plugin": {"eta": 28}}
2026-05-13 18:21:52,748 [DEBUG] yandextank.plugins.Phantom.reader reader.py:62	Chunk decode time: 5.37ms
2026-05-13 18:21:52,758 [DEBUG] yandextank.aggregator.aggregator aggregator.py:157	Aggregation time: 4.74ms
2026-05-13 18:21:52,765 [DEBUG] yandextank.aggregator.tank_aggregator tank_aggregator.py:87	Data timestamps: [1778696509]
2026-05-13 18:21:52,765 [DEBUG] yandextank.aggregator.tank_aggregator tank_aggregator.py:88	Stats timestamps: []
2026-05-13 18:21:52,765 [DEBUG] yandextank.plugins.Autostop.criterions criterions.py:95	HTTP codes matching mask 5xx: 0.0/0.1
2026-05-13 18:21:52,767 [DEBUG] yandextank.plugins.Phantom.plugin plugin.py:193	Processed ammo count: 334/
2026-05-13 18:21:52,767 [DEBUG] yandextank.core.tankcore tankcore.py:286	Polling <yandextank.plugins.Phantom.plugin.Plugin object at 0x718572318290>
2026-05-13 18:21:52,767 [DEBUG] yandextank.common.interfaces interfaces.py:101	Publishing status: Plugin/eta: 28
2026-05-13 18:21:52,767 [DEBUG] yandextank.core.tankcore tankcore.py:286	Polling <yandextank.plugins.Autostop.plugin.Plugin object at 0x718572318990>
2026-05-13 18:21:52,767 [DEBUG] yandextank.core.tankcore tankcore.py:286	Polling <yandextank.plugins.ShellExec.plugin.Plugin object at 0x718572318110>
2026-05-13 18:21:52,767 [DEBUG] yandextank.core.tankcore tankcore.py:286	Polling <yandextank.plugins.Console.plugin.Plugin object at 0x7185723185d0>
2026-05-13 18:21:52,767 [DEBUG] yandextank.plugins.Console.screen screen.py:389	Terminal size: 120x30
2026-05-13 18:21:52,767 [DEBUG] yandextank.plugins.Console.screen screen.py:401	Left/right panels width: 78/37
2026-05-13 18:21:52,767 [DEBUG] yandextank.plugins.Console.screen screen.py:406	There are 3 info widgets
2026-05-13 18:21:52,767 [DEBUG] yandextank.plugins.Console.screen screen.py:410	Rendering info widget #0: <yandextank.plugins.Phantom.widget.PhantomProgressBarWidget object at 0x7185722b9150>
2026-05-13 18:21:52,767 [DEBUG] yandextank.plugins.Console.screen screen.py:410	Rendering info widget #2: <yandextank.plugins.Phantom.widget.PhantomInfoWidget object at 0x7185722b9190>
2026-05-13 18:21:52,767 [DEBUG] yandextank.plugins.Console.screen screen.py:410	Rendering info widget #25: <yandextank.plugins.Autostop.plugin.AutostopWidget object at 0x7185722b9290>
2026-05-13 18:21:52,767 [DEBUG] yandextank.plugins.Console.screen screen.py:367	Rendering left blocks
2026-05-13 18:21:52,784 [DEBUG] yandextank.plugins.Console.screen screen.py:418	Composing final screen output
2026-05-13 18:21:52,785 [DEBUG] yandextank.core.tankcore tankcore.py:286	Polling <yandextank.plugins.RCAssert.plugin.Plugin object at 0x7185723189d0>
2026-05-13 18:21:52,785 [DEBUG] yandextank.plugins.Console.plugin plugin.py:73	Writing console view to STDOUT
2026-05-13 18:21:52,785 [DEBUG] yandextank.core.tankcore tankcore.py:286	Polling <yandextank.plugins.ResourceCheck.plugin.Plugin object at 0x718572318890>
2026-05-13 18:21:52,785 [DEBUG] yandextank.common.interfaces plugin.py:44	Checking tank resources...
2026-05-13 18:21:52,785 [DEBUG] yandextank.core.tankcore tankcore.py:286	Polling <yandextank.plugins.JsonReport.plugin.Plugin object at 0x71857263ba50>
2026-05-13 18:21:52,785 [DEBUG] yandextank.core.tankcore tankcore.py:292	Polling took 0.0198669433594
2026-05-13 18:21:52,785 [DEBUG] yandextank.core.tankcore tankcore.py:293	Tank status: {"core": {"stage": "shoot"}, "stepper": {"progress": 100, "loop_count": 349, "speed": "40 Krps"}, "Plugin": {"eta": 28}}
2026-05-13 18:21:53,266 [DEBUG] yandextank.aggregator.tank_aggregator tank_aggregator.py:87	Data timestamps: []
2026-05-13 18:21:53,266 [DEBUG] yandextank.aggregator.tank_aggregator tank_aggregator.py:88	Stats timestamps: [1778696511]
2026-05-13 18:21:53,266 [DEBUG] yandextank.core.tankcore tankcore.py:286	Polling <yandextank.plugins.Phantom.plugin.Plugin object at 0x718572318290>
2026-05-13 18:21:53,266 [DEBUG] yandextank.common.interfaces interfaces.py:101	Publishing status: Plugin/eta: 27
2026-05-13 18:21:53,266 [DEBUG] yandextank.core.tankcore tankcore.py:286	Polling <yandextank.plugins.Autostop.plugin.Plugin object at 0x718572318990>
2026-05-13 18:21:53,266 [DEBUG] yandextank.core.tankcore tankcore.py:286	Polling <yandextank.plugins.ShellExec.plugin.Plugin object at 0x718572318110>
2026-05-13 18:21:53,266 [DEBUG] yandextank.core.tankcore tankcore.py:286	Polling <yandextank.plugins.Console.plugin.Plugin object at 0x7185723185d0>
2026-05-13 18:21:53,266 [DEBUG] yandextank.plugins.Console.screen screen.py:389	Terminal size: 120x30
2026-05-13 18:21:53,266 [DEBUG] yandextank.plugins.Console.screen screen.py:401	Left/right panels width: 78/37
2026-05-13 18:21:53,266 [DEBUG] yandextank.plugins.Console.screen screen.py:406	There are 3 info widgets
2026-05-13 18:21:53,266 [DEBUG] yandextank.plugins.Console.screen screen.py:410	Rendering info widget #0: <yandextank.plugins.Phantom.widget.PhantomProgressBarWidget object at 0x7185722b9150>
2026-05-13 18:21:53,266 [DEBUG] yandextank.plugins.Console.screen screen.py:410	Rendering info widget #2: <yandextank.plugins.Phantom.widget.PhantomInfoWidget object at 0x7185722b9190>
2026-05-13 18:21:53,267 [DEBUG] yandextank.plugins.Console.screen screen.py:410	Rendering info widget #25: <yandextank.plugins.Autostop.plugin.AutostopWidget object at 0x7185722b9290>
2026-05-13 18:21:53,267 [DEBUG] yandextank.plugins.Console.screen screen.py:367	Rendering left blocks
2026-05-13 18:21:53,284 [DEBUG] yandextank.plugins.Console.screen screen.py:418	Composing final screen output
2026-05-13 18:21:53,284 [DEBUG] yandextank.core.tankcore tankcore.py:286	Polling <yandextank.plugins.RCAssert.plugin.Plugin object at 0x7185723189d0>
2026-05-13 18:21:53,284 [DEBUG] yandextank.plugins.Console.plugin plugin.py:73	Writing console view to STDOUT
2026-05-13 18:21:53,284 [DEBUG] yandextank.core.tankcore tankcore.py:286	Polling <yandextank.plugins.ResourceCheck.plugin.Plugin object at 0x718572318890>
2026-05-13 18:21:53,284 [DEBUG] yandextank.common.interfaces plugin.py:44	Checking tank resources...
2026-05-13 18:21:53,284 [DEBUG] yandextank.core.tankcore tankcore.py:286	Polling <yandextank.plugins.JsonReport.plugin.Plugin object at 0x71857263ba50>
2026-05-13 18:21:53,284 [DEBUG] yandextank.core.tankcore tankcore.py:292	Polling took 0.0184199810028
2026-05-13 18:21:53,284 [DEBUG] yandextank.core.tankcore tankcore.py:293	Tank status: {"core": {"stage": "shoot"}, "stepper": {"progress": 100, "loop_count": 349, "speed": "40 Krps"}, "Plugin": {"eta": 27}}
2026-05-13 18:21:53,767 [DEBUG] yandextank.aggregator.tank_aggregator tank_aggregator.py:87	Data timestamps: []
2026-05-13 18:21:53,768 [DEBUG] yandextank.plugins.Phantom.reader reader.py:62	Chunk decode time: 8.55ms
2026-05-13 18:21:53,768 [DEBUG] yandextank.aggregator.tank_aggregator tank_aggregator.py:88	Stats timestamps: []
2026-05-13 18:21:53,772 [DEBUG] yandextank.core.tankcore tankcore.py:286	Polling <yandextank.plugins.Phantom.plugin.Plugin object at 0x718572318290>
2026-05-13 18:21:53,776 [DEBUG] yandextank.common.interfaces interfaces.py:101	Publishing status: Plugin/eta: 27
2026-05-13 18:21:53,776 [DEBUG] yandextank.core.tankcore tankcore.py:286	Polling <yandextank.plugins.Autostop.plugin.Plugin object at 0x718572318990>
2026-05-13 18:21:53,778 [DEBUG] yandextank.core.tankcore tankcore.py:286	Polling <yandextank.plugins.ShellExec.plugin.Plugin object at 0x718572318110>
2026-05-13 18:21:53,778 [DEBUG] yandextank.core.tankcore tankcore.py:286	Polling <yandextank.plugins.Console.plugin.Plugin object at 0x7185723185d0>
2026-05-13 18:21:53,779 [DEBUG] yandextank.plugins.Console.screen screen.py:389	Terminal size: 120x30
2026-05-13 18:21:53,780 [DEBUG] yandextank.plugins.Console.screen screen.py:401	Left/right panels width: 78/37
2026-05-13 18:21:53,781 [DEBUG] yandextank.plugins.Console.screen screen.py:406	There are 3 info widgets
2026-05-13 18:21:53,783 [DEBUG] yandextank.plugins.Console.screen screen.py:410	Rendering info widget #0: <yandextank.plugins.Phantom.widget.PhantomProgressBarWidget object at 0x7185722b9150>
2026-05-13 18:21:53,783 [DEBUG] yandextank.plugins.Console.screen screen.py:410	Rendering info widget #2: <yandextank.plugins.Phantom.widget.PhantomInfoWidget object at 0x7185722b9190>
2026-05-13 18:21:53,784 [DEBUG] yandextank.plugins.Console.screen screen.py:410	Rendering info widget #25: <yandextank.plugins.Autostop.plugin.AutostopWidget object at 0x7185722b9290>
2026-05-13 18:21:53,784 [DEBUG] yandextank.plugins.Console.screen screen.py:367	Rendering left blocks
2026-05-13 18:21:53,815 [DEBUG] yandextank.aggregator.aggregator aggregator.py:157	Aggregation time: 36.56ms
2026-05-13 18:21:53,821 [DEBUG] yandextank.plugins.Console.screen screen.py:418	Composing final screen output
2026-05-13 18:21:53,821 [DEBUG] yandextank.core.tankcore tankcore.py:286	Polling <yandextank.plugins.RCAssert.plugin.Plugin object at 0x7185723189d0>
2026-05-13 18:21:53,821 [DEBUG] yandextank.plugins.Console.plugin plugin.py:73	Writing console view to STDOUT
2026-05-13 18:21:53,821 [DEBUG] yandextank.core.tankcore tankcore.py:286	Polling <yandextank.plugins.ResourceCheck.plugin.Plugin object at 0x718572318890>
2026-05-13 18:21:53,821 [DEBUG] yandextank.common.interfaces plugin.py:44	Checking tank resources...
2026-05-13 18:21:53,822 [DEBUG] yandextank.core.tankcore tankcore.py:286	Polling <yandextank.plugins.JsonReport.plugin.Plugin object at 0x71857263ba50>
2026-05-13 18:21:53,822 [DEBUG] yandextank.core.tankcore tankcore.py:292	Polling took 0.0548460483551
2026-05-13 18:21:53,822 [DEBUG] yandextank.core.tankcore tankcore.py:293	Tank status: {"core": {"stage": "shoot"}, "stepper": {"progress": 100, "loop_count": 349, "speed": "40 Krps"}, "Plugin": {"eta": 27}}
2026-05-13 18:21:54,267 [DEBUG] yandextank.aggregator.tank_aggregator tank_aggregator.py:87	Data timestamps: [1778696510]
2026-05-13 18:21:54,268 [DEBUG] yandextank.aggregator.tank_aggregator tank_aggregator.py:88	Stats timestamps: [1778696512]
2026-05-13 18:21:54,268 [DEBUG] yandextank.plugins.Autostop.criterions criterions.py:95	HTTP codes matching mask 5xx: 0.0/0.1
2026-05-13 18:21:54,269 [DEBUG] yandextank.plugins.Phantom.plugin plugin.py:193	Processed ammo count: 352/
2026-05-13 18:21:54,269 [DEBUG] yandextank.core.tankcore tankcore.py:286	Polling <yandextank.plugins.Phantom.plugin.Plugin object at 0x718572318290>
2026-05-13 18:21:54,269 [DEBUG] yandextank.common.interfaces interfaces.py:101	Publishing status: Plugin/eta: 26
2026-05-13 18:21:54,269 [DEBUG] yandextank.core.tankcore tankcore.py:286	Polling <yandextank.plugins.Autostop.plugin.Plugin object at 0x718572318990>
2026-05-13 18:21:54,269 [DEBUG] yandextank.core.tankcore tankcore.py:286	Polling <yandextank.plugins.ShellExec.plugin.Plugin object at 0x718572318110>
2026-05-13 18:21:54,269 [DEBUG] yandextank.core.tankcore tankcore.py:286	Polling <yandextank.plugins.Console.plugin.Plugin object at 0x7185723185d0>
2026-05-13 18:21:54,269 [DEBUG] yandextank.plugins.Console.screen screen.py:389	Terminal size: 120x30
2026-05-13 18:21:54,269 [DEBUG] yandextank.plugins.Console.screen screen.py:401	Left/right panels width: 78/37
2026-05-13 18:21:54,269 [DEBUG] yandextank.plugins.Console.screen screen.py:406	There are 3 info widgets
2026-05-13 18:21:54,270 [DEBUG] yandextank.plugins.Console.screen screen.py:410	Rendering info widget #0: <yandextank.plugins.Phantom.widget.PhantomProgressBarWidget object at 0x7185722b9150>
2026-05-13 18:21:54,270 [DEBUG] yandextank.plugins.Console.screen screen.py:410	Rendering info widget #2: <yandextank.plugins.Phantom.widget.PhantomInfoWidget object at 0x7185722b9190>
2026-05-13 18:21:54,270 [DEBUG] yandextank.plugins.Console.screen screen.py:410	Rendering info widget #25: <yandextank.plugins.Autostop.plugin.AutostopWidget object at 0x7185722b9290>
2026-05-13 18:21:54,270 [DEBUG] yandextank.plugins.Console.screen screen.py:367	Rendering left blocks
2026-05-13 18:21:54,289 [DEBUG] yandextank.plugins.Console.screen screen.py:418	Composing final screen output
2026-05-13 18:21:54,289 [DEBUG] yandextank.core.tankcore tankcore.py:286	Polling <yandextank.plugins.RCAssert.plugin.Plugin object at 0x7185723189d0>
2026-05-13 18:21:54,289 [DEBUG] yandextank.core.tankcore tankcore.py:286	Polling <yandextank.plugins.ResourceCheck.plugin.Plugin object at 0x718572318890>
2026-05-13 18:21:54,289 [DEBUG] yandextank.plugins.Console.plugin plugin.py:73	Writing console view to STDOUT
2026-05-13 18:21:54,289 [DEBUG] yandextank.common.interfaces plugin.py:44	Checking tank resources...
2026-05-13 18:21:54,289 [DEBUG] yandextank.core.tankcore tankcore.py:286	Polling <yandextank.plugins.JsonReport.plugin.Plugin object at 0x71857263ba50>
2026-05-13 18:21:54,289 [DEBUG] yandextank.core.tankcore tankcore.py:292	Polling took 0.0219168663025
2026-05-13 18:21:54,289 [DEBUG] yandextank.core.tankcore tankcore.py:293	Tank status: {"core": {"stage": "shoot"}, "stepper": {"progress": 100, "loop_count": 349, "speed": "40 Krps"}, "Plugin": {"eta": 26}}
2026-05-13 18:21:54,768 [DEBUG] yandextank.aggregator.tank_aggregator tank_aggregator.py:87	Data timestamps: []
2026-05-13 18:21:54,768 [DEBUG] yandextank.aggregator.tank_aggregator tank_aggregator.py:88	Stats timestamps: []
2026-05-13 18:21:54,768 [DEBUG] yandextank.core.tankcore tankcore.py:286	Polling <yandextank.plugins.Phantom.plugin.Plugin object at 0x718572318290>
2026-05-13 18:21:54,768 [DEBUG] yandextank.common.interfaces interfaces.py:101	Publishing status: Plugin/eta: 26
2026-05-13 18:21:54,768 [DEBUG] yandextank.core.tankcore tankcore.py:286	Polling <yandextank.plugins.Autostop.plugin.Plugin object at 0x718572318990>
2026-05-13 18:21:54,768 [DEBUG] yandextank.core.tankcore tankcore.py:286	Polling <yandextank.plugins.ShellExec.plugin.Plugin object at 0x718572318110>
2026-05-13 18:21:54,769 [DEBUG] yandextank.core.tankcore tankcore.py:286	Polling <yandextank.plugins.Console.plugin.Plugin object at 0x7185723185d0>
2026-05-13 18:21:54,769 [DEBUG] yandextank.plugins.Console.screen screen.py:389	Terminal size: 120x30
2026-05-13 18:21:54,769 [DEBUG] yandextank.plugins.Console.screen screen.py:401	Left/right panels width: 78/37
2026-05-13 18:21:54,769 [DEBUG] yandextank.plugins.Console.screen screen.py:406	There are 3 info widgets
2026-05-13 18:21:54,769 [DEBUG] yandextank.plugins.Console.screen screen.py:410	Rendering info widget #0: <yandextank.plugins.Phantom.widget.PhantomProgressBarWidget object at 0x7185722b9150>
2026-05-13 18:21:54,769 [DEBUG] yandextank.plugins.Console.screen screen.py:410	Rendering info widget #2: <yandextank.plugins.Phantom.widget.PhantomInfoWidget object at 0x7185722b9190>
2026-05-13 18:21:54,769 [DEBUG] yandextank.plugins.Console.screen screen.py:410	Rendering info widget #25: <yandextank.plugins.Autostop.plugin.AutostopWidget object at 0x7185722b9290>
2026-05-13 18:21:54,769 [DEBUG] yandextank.plugins.Console.screen screen.py:367	Rendering left blocks
2026-05-13 18:21:54,787 [DEBUG] yandextank.plugins.Console.screen screen.py:418	Composing final screen output
2026-05-13 18:21:54,788 [DEBUG] yandextank.core.tankcore tankcore.py:286	Polling <yandextank.plugins.RCAssert.plugin.Plugin object at 0x7185723189d0>
2026-05-13 18:21:54,788 [DEBUG] yandextank.plugins.Console.plugin plugin.py:73	Writing console view to STDOUT
2026-05-13 18:21:54,788 [DEBUG] yandextank.core.tankcore tankcore.py:286	Polling <yandextank.plugins.ResourceCheck.plugin.Plugin object at 0x718572318890>
2026-05-13 18:21:54,788 [DEBUG] yandextank.common.interfaces plugin.py:44	Checking tank resources...
2026-05-13 18:21:54,788 [DEBUG] yandextank.core.tankcore tankcore.py:286	Polling <yandextank.plugins.JsonReport.plugin.Plugin object at 0x71857263ba50>
2026-05-13 18:21:54,788 [DEBUG] yandextank.core.tankcore tankcore.py:292	Polling took 0.0198969841003
2026-05-13 18:21:54,788 [DEBUG] yandextank.core.tankcore tankcore.py:293	Tank status: {"core": {"stage": "shoot"}, "stepper": {"progress": 100, "loop_count": 349, "speed": "40 Krps"}, "Plugin": {"eta": 26}}
2026-05-13 18:21:54,825 [DEBUG] yandextank.plugins.Phantom.reader reader.py:62	Chunk decode time: 5.31ms
2026-05-13 18:21:54,835 [DEBUG] yandextank.aggregator.aggregator aggregator.py:157	Aggregation time: 5.05ms
2026-05-13 18:21:55,269 [DEBUG] yandextank.aggregator.tank_aggregator tank_aggregator.py:87	Data timestamps: [1778696511]
2026-05-13 18:21:55,269 [DEBUG] yandextank.aggregator.tank_aggregator tank_aggregator.py:88	Stats timestamps: [1778696513]
2026-05-13 18:21:55,269 [DEBUG] yandextank.plugins.Autostop.criterions criterions.py:95	HTTP codes matching mask 5xx: 0.0/0.1
2026-05-13 18:21:55,270 [DEBUG] yandextank.plugins.Phantom.plugin plugin.py:193	Processed ammo count: 370/
2026-05-13 18:21:55,271 [DEBUG] yandextank.core.tankcore tankcore.py:286	Polling <yandextank.plugins.Phantom.plugin.Plugin object at 0x718572318290>
2026-05-13 18:21:55,271 [DEBUG] yandextank.common.interfaces interfaces.py:101	Publishing status: Plugin/eta: 25
2026-05-13 18:21:55,271 [DEBUG] yandextank.core.tankcore tankcore.py:286	Polling <yandextank.plugins.Autostop.plugin.Plugin object at 0x718572318990>
2026-05-13 18:21:55,271 [DEBUG] yandextank.core.tankcore tankcore.py:286	Polling <yandextank.plugins.ShellExec.plugin.Plugin object at 0x718572318110>
2026-05-13 18:21:55,271 [DEBUG] yandextank.core.tankcore tankcore.py:286	Polling <yandextank.plugins.Console.plugin.Plugin object at 0x7185723185d0>
2026-05-13 18:21:55,271 [DEBUG] yandextank.plugins.Console.screen screen.py:389	Terminal size: 120x30
2026-05-13 18:21:55,271 [DEBUG] yandextank.plugins.Console.screen screen.py:401	Left/right panels width: 78/37
2026-05-13 18:21:55,271 [DEBUG] yandextank.plugins.Console.screen screen.py:406	There are 3 info widgets
2026-05-13 18:21:55,271 [DEBUG] yandextank.plugins.Console.screen screen.py:410	Rendering info widget #0: <yandextank.plugins.Phantom.widget.PhantomProgressBarWidget object at 0x7185722b9150>
2026-05-13 18:21:55,271 [DEBUG] yandextank.plugins.Console.screen screen.py:410	Rendering info widget #2: <yandextank.plugins.Phantom.widget.PhantomInfoWidget object at 0x7185722b9190>
2026-05-13 18:21:55,271 [DEBUG] yandextank.plugins.Console.screen screen.py:410	Rendering info widget #25: <yandextank.plugins.Autostop.plugin.AutostopWidget object at 0x7185722b9290>
2026-05-13 18:21:55,271 [DEBUG] yandextank.plugins.Console.screen screen.py:367	Rendering left blocks
2026-05-13 18:21:55,289 [DEBUG] yandextank.plugins.Console.screen screen.py:418	Composing final screen output
2026-05-13 18:21:55,290 [DEBUG] yandextank.core.tankcore tankcore.py:286	Polling <yandextank.plugins.RCAssert.plugin.Plugin object at 0x7185723189d0>
2026-05-13 18:21:55,290 [DEBUG] yandextank.core.tankcore tankcore.py:286	Polling <yandextank.plugins.ResourceCheck.plugin.Plugin object at 0x718572318890>
2026-05-13 18:21:55,290 [DEBUG] yandextank.plugins.Console.plugin plugin.py:73	Writing console view to STDOUT
2026-05-13 18:21:55,290 [DEBUG] yandextank.common.interfaces plugin.py:44	Checking tank resources...
2026-05-13 18:21:55,290 [DEBUG] yandextank.core.tankcore tankcore.py:286	Polling <yandextank.plugins.JsonReport.plugin.Plugin object at 0x71857263ba50>
2026-05-13 18:21:55,290 [DEBUG] yandextank.core.tankcore tankcore.py:292	Polling took 0.0215089321136
2026-05-13 18:21:55,291 [DEBUG] yandextank.core.tankcore tankcore.py:293	Tank status: {"core": {"stage": "shoot"}, "stepper": {"progress": 100, "loop_count": 349, "speed": "40 Krps"}, "Plugin": {"eta": 25}}
2026-05-13 18:21:55,770 [DEBUG] yandextank.aggregator.tank_aggregator tank_aggregator.py:87	Data timestamps: []
2026-05-13 18:21:55,770 [DEBUG] yandextank.aggregator.tank_aggregator tank_aggregator.py:88	Stats timestamps: []
2026-05-13 18:21:55,770 [DEBUG] yandextank.core.tankcore tankcore.py:286	Polling <yandextank.plugins.Phantom.plugin.Plugin object at 0x718572318290>
2026-05-13 18:21:55,770 [DEBUG] yandextank.common.interfaces interfaces.py:101	Publishing status: Plugin/eta: 25
2026-05-13 18:21:55,770 [DEBUG] yandextank.core.tankcore tankcore.py:286	Polling <yandextank.plugins.Autostop.plugin.Plugin object at 0x718572318990>
2026-05-13 18:21:55,770 [DEBUG] yandextank.core.tankcore tankcore.py:286	Polling <yandextank.plugins.ShellExec.plugin.Plugin object at 0x718572318110>
2026-05-13 18:21:55,770 [DEBUG] yandextank.core.tankcore tankcore.py:286	Polling <yandextank.plugins.Console.plugin.Plugin object at 0x7185723185d0>
2026-05-13 18:21:55,770 [DEBUG] yandextank.plugins.Console.screen screen.py:389	Terminal size: 120x30
2026-05-13 18:21:55,770 [DEBUG] yandextank.plugins.Console.screen screen.py:401	Left/right panels width: 78/37
2026-05-13 18:21:55,770 [DEBUG] yandextank.plugins.Console.screen screen.py:406	There are 3 info widgets
2026-05-13 18:21:55,771 [DEBUG] yandextank.plugins.Console.screen screen.py:410	Rendering info widget #0: <yandextank.plugins.Phantom.widget.PhantomProgressBarWidget object at 0x7185722b9150>
2026-05-13 18:21:55,771 [DEBUG] yandextank.plugins.Console.screen screen.py:410	Rendering info widget #2: <yandextank.plugins.Phantom.widget.PhantomInfoWidget object at 0x7185722b9190>
2026-05-13 18:21:55,771 [DEBUG] yandextank.plugins.Console.screen screen.py:410	Rendering info widget #25: <yandextank.plugins.Autostop.plugin.AutostopWidget object at 0x7185722b9290>
2026-05-13 18:21:55,771 [DEBUG] yandextank.plugins.Console.screen screen.py:367	Rendering left blocks
2026-05-13 18:21:55,790 [DEBUG] yandextank.plugins.Console.screen screen.py:418	Composing final screen output
2026-05-13 18:21:55,790 [DEBUG] yandextank.core.tankcore tankcore.py:286	Polling <yandextank.plugins.RCAssert.plugin.Plugin object at 0x7185723189d0>
2026-05-13 18:21:55,790 [DEBUG] yandextank.core.tankcore tankcore.py:286	Polling <yandextank.plugins.ResourceCheck.plugin.Plugin object at 0x718572318890>
2026-05-13 18:21:55,790 [DEBUG] yandextank.common.interfaces plugin.py:44	Checking tank resources...
2026-05-13 18:21:55,790 [DEBUG] yandextank.plugins.Console.plugin plugin.py:73	Writing console view to STDOUT
2026-05-13 18:21:55,790 [DEBUG] yandextank.core.tankcore tankcore.py:286	Polling <yandextank.plugins.JsonReport.plugin.Plugin object at 0x71857263ba50>
2026-05-13 18:21:55,791 [DEBUG] yandextank.core.tankcore tankcore.py:292	Polling took 0.0207469463348
2026-05-13 18:21:55,791 [DEBUG] yandextank.core.tankcore tankcore.py:293	Tank status: {"core": {"stage": "shoot"}, "stepper": {"progress": 100, "loop_count": 349, "speed": "40 Krps"}, "Plugin": {"eta": 25}}
2026-05-13 18:21:55,841 [DEBUG] yandextank.plugins.Phantom.reader reader.py:62	Chunk decode time: 5.36ms
2026-05-13 18:21:55,851 [DEBUG] yandextank.aggregator.aggregator aggregator.py:157	Aggregation time: 4.75ms
2026-05-13 18:21:56,270 [DEBUG] yandextank.aggregator.tank_aggregator tank_aggregator.py:87	Data timestamps: [1778696512]
2026-05-13 18:21:56,270 [DEBUG] yandextank.aggregator.tank_aggregator tank_aggregator.py:88	Stats timestamps: [1778696514]
2026-05-13 18:21:56,270 [DEBUG] yandextank.plugins.Autostop.criterions criterions.py:95	HTTP codes matching mask 5xx: 0.0/0.1
2026-05-13 18:21:56,272 [DEBUG] yandextank.plugins.Phantom.plugin plugin.py:193	Processed ammo count: 388/
2026-05-13 18:21:56,272 [DEBUG] yandextank.core.tankcore tankcore.py:286	Polling <yandextank.plugins.Phantom.plugin.Plugin object at 0x718572318290>
2026-05-13 18:21:56,272 [DEBUG] yandextank.common.interfaces interfaces.py:101	Publishing status: Plugin/eta: 24
2026-05-13 18:21:56,272 [DEBUG] yandextank.core.tankcore tankcore.py:286	Polling <yandextank.plugins.Autostop.plugin.Plugin object at 0x718572318990>
2026-05-13 18:21:56,272 [DEBUG] yandextank.core.tankcore tankcore.py:286	Polling <yandextank.plugins.ShellExec.plugin.Plugin object at 0x718572318110>
2026-05-13 18:21:56,272 [DEBUG] yandextank.core.tankcore tankcore.py:286	Polling <yandextank.plugins.Console.plugin.Plugin object at 0x7185723185d0>
2026-05-13 18:21:56,272 [DEBUG] yandextank.plugins.Console.screen screen.py:389	Terminal size: 120x30
2026-05-13 18:21:56,272 [DEBUG] yandextank.plugins.Console.screen screen.py:401	Left/right panels width: 78/37
2026-05-13 18:21:56,272 [DEBUG] yandextank.plugins.Console.screen screen.py:406	There are 3 info widgets
2026-05-13 18:21:56,272 [DEBUG] yandextank.plugins.Console.screen screen.py:410	Rendering info widget #0: <yandextank.plugins.Phantom.widget.PhantomProgressBarWidget object at 0x7185722b9150>
2026-05-13 18:21:56,272 [DEBUG] yandextank.plugins.Console.screen screen.py:410	Rendering info widget #2: <yandextank.plugins.Phantom.widget.PhantomInfoWidget object at 0x7185722b9190>
2026-05-13 18:21:56,272 [DEBUG] yandextank.plugins.Console.screen screen.py:410	Rendering info widget #25: <yandextank.plugins.Autostop.plugin.AutostopWidget object at 0x7185722b9290>
2026-05-13 18:21:56,272 [DEBUG] yandextank.plugins.Console.screen screen.py:367	Rendering left blocks
2026-05-13 18:21:56,292 [DEBUG] yandextank.plugins.Console.screen screen.py:418	Composing final screen output
2026-05-13 18:21:56,292 [DEBUG] yandextank.core.tankcore tankcore.py:286	Polling <yandextank.plugins.RCAssert.plugin.Plugin object at 0x7185723189d0>
2026-05-13 18:21:56,292 [DEBUG] yandextank.core.tankcore tankcore.py:286	Polling <yandextank.plugins.ResourceCheck.plugin.Plugin object at 0x718572318890>
2026-05-13 18:21:56,292 [DEBUG] yandextank.plugins.Console.plugin plugin.py:73	Writing console view to STDOUT
2026-05-13 18:21:56,292 [DEBUG] yandextank.common.interfaces plugin.py:44	Checking tank resources...
2026-05-13 18:21:56,292 [DEBUG] yandextank.core.tankcore tankcore.py:286	Polling <yandextank.plugins.JsonReport.plugin.Plugin object at 0x71857263ba50>
2026-05-13 18:21:56,293 [DEBUG] yandextank.core.tankcore tankcore.py:292	Polling took 0.0224769115448
2026-05-13 18:21:56,293 [DEBUG] yandextank.core.tankcore tankcore.py:293	Tank status: {"core": {"stage": "shoot"}, "stepper": {"progress": 100, "loop_count": 349, "speed": "40 Krps"}, "Plugin": {"eta": 24}}
2026-05-13 18:21:56,771 [DEBUG] yandextank.aggregator.tank_aggregator tank_aggregator.py:87	Data timestamps: []
2026-05-13 18:21:56,771 [DEBUG] yandextank.aggregator.tank_aggregator tank_aggregator.py:88	Stats timestamps: []
2026-05-13 18:21:56,771 [DEBUG] yandextank.core.tankcore tankcore.py:286	Polling <yandextank.plugins.Phantom.plugin.Plugin object at 0x718572318290>
2026-05-13 18:21:56,771 [DEBUG] yandextank.common.interfaces interfaces.py:101	Publishing status: Plugin/eta: 24
2026-05-13 18:21:56,771 [DEBUG] yandextank.core.tankcore tankcore.py:286	Polling <yandextank.plugins.Autostop.plugin.Plugin object at 0x718572318990>
2026-05-13 18:21:56,771 [DEBUG] yandextank.core.tankcore tankcore.py:286	Polling <yandextank.plugins.ShellExec.plugin.Plugin object at 0x718572318110>
2026-05-13 18:21:56,771 [DEBUG] yandextank.core.tankcore tankcore.py:286	Polling <yandextank.plugins.Console.plugin.Plugin object at 0x7185723185d0>
2026-05-13 18:21:56,771 [DEBUG] yandextank.plugins.Console.screen screen.py:389	Terminal size: 120x30
2026-05-13 18:21:56,771 [DEBUG] yandextank.plugins.Console.screen screen.py:401	Left/right panels width: 78/37
2026-05-13 18:21:56,771 [DEBUG] yandextank.plugins.Console.screen screen.py:406	There are 3 info widgets
2026-05-13 18:21:56,771 [DEBUG] yandextank.plugins.Console.screen screen.py:410	Rendering info widget #0: <yandextank.plugins.Phantom.widget.PhantomProgressBarWidget object at 0x7185722b9150>
2026-05-13 18:21:56,771 [DEBUG] yandextank.plugins.Console.screen screen.py:410	Rendering info widget #2: <yandextank.plugins.Phantom.widget.PhantomInfoWidget object at 0x7185722b9190>
2026-05-13 18:21:56,771 [DEBUG] yandextank.plugins.Console.screen screen.py:410	Rendering info widget #25: <yandextank.plugins.Autostop.plugin.AutostopWidget object at 0x7185722b9290>
2026-05-13 18:21:56,771 [DEBUG] yandextank.plugins.Console.screen screen.py:367	Rendering left blocks
2026-05-13 18:21:56,790 [DEBUG] yandextank.plugins.Console.screen screen.py:418	Composing final screen output
2026-05-13 18:21:56,791 [DEBUG] yandextank.core.tankcore tankcore.py:286	Polling <yandextank.plugins.RCAssert.plugin.Plugin object at 0x7185723189d0>
2026-05-13 18:21:56,791 [DEBUG] yandextank.plugins.Console.plugin plugin.py:73	Writing console view to STDOUT
2026-05-13 18:21:56,791 [DEBUG] yandextank.core.tankcore tankcore.py:286	Polling <yandextank.plugins.ResourceCheck.plugin.Plugin object at 0x718572318890>
2026-05-13 18:21:56,791 [DEBUG] yandextank.common.interfaces plugin.py:44	Checking tank resources...
2026-05-13 18:21:56,791 [DEBUG] yandextank.core.tankcore tankcore.py:286	Polling <yandextank.plugins.JsonReport.plugin.Plugin object at 0x71857263ba50>
2026-05-13 18:21:56,791 [DEBUG] yandextank.core.tankcore tankcore.py:292	Polling took 0.0205550193787
2026-05-13 18:21:56,791 [DEBUG] yandextank.core.tankcore tankcore.py:293	Tank status: {"core": {"stage": "shoot"}, "stepper": {"progress": 100, "loop_count": 349, "speed": "40 Krps"}, "Plugin": {"eta": 24}}
2026-05-13 18:21:56,857 [DEBUG] yandextank.plugins.Phantom.reader reader.py:62	Chunk decode time: 5.22ms
2026-05-13 18:21:56,869 [DEBUG] yandextank.aggregator.aggregator aggregator.py:157	Aggregation time: 5.88ms
2026-05-13 18:21:57,271 [DEBUG] yandextank.aggregator.tank_aggregator tank_aggregator.py:87	Data timestamps: [1778696513]
2026-05-13 18:21:57,272 [DEBUG] yandextank.aggregator.tank_aggregator tank_aggregator.py:88	Stats timestamps: [1778696515]
2026-05-13 18:21:57,272 [DEBUG] yandextank.plugins.Autostop.criterions criterions.py:95	HTTP codes matching mask 5xx: 0.0/0.1
2026-05-13 18:21:57,273 [DEBUG] yandextank.plugins.Phantom.plugin plugin.py:193	Processed ammo count: 407/
2026-05-13 18:21:57,273 [DEBUG] yandextank.core.tankcore tankcore.py:286	Polling <yandextank.plugins.Phantom.plugin.Plugin object at 0x718572318290>
2026-05-13 18:21:57,273 [DEBUG] yandextank.common.interfaces interfaces.py:101	Publishing status: Plugin/eta: 23
2026-05-13 18:21:57,273 [DEBUG] yandextank.core.tankcore tankcore.py:286	Polling <yandextank.plugins.Autostop.plugin.Plugin object at 0x718572318990>
2026-05-13 18:21:57,273 [DEBUG] yandextank.core.tankcore tankcore.py:286	Polling <yandextank.plugins.ShellExec.plugin.Plugin object at 0x718572318110>
2026-05-13 18:21:57,273 [DEBUG] yandextank.core.tankcore tankcore.py:286	Polling <yandextank.plugins.Console.plugin.Plugin object at 0x7185723185d0>
2026-05-13 18:21:57,273 [DEBUG] yandextank.plugins.Console.screen screen.py:389	Terminal size: 120x30
2026-05-13 18:21:57,273 [DEBUG] yandextank.plugins.Console.screen screen.py:401	Left/right panels width: 78/37
2026-05-13 18:21:57,273 [DEBUG] yandextank.plugins.Console.screen screen.py:406	There are 3 info widgets
2026-05-13 18:21:57,273 [DEBUG] yandextank.plugins.Console.screen screen.py:410	Rendering info widget #0: <yandextank.plugins.Phantom.widget.PhantomProgressBarWidget object at 0x7185722b9150>
2026-05-13 18:21:57,273 [DEBUG] yandextank.plugins.Console.screen screen.py:410	Rendering info widget #2: <yandextank.plugins.Phantom.widget.PhantomInfoWidget object at 0x7185722b9190>
2026-05-13 18:21:57,274 [DEBUG] yandextank.plugins.Console.screen screen.py:410	Rendering info widget #25: <yandextank.plugins.Autostop.plugin.AutostopWidget object at 0x7185722b9290>
2026-05-13 18:21:57,274 [DEBUG] yandextank.plugins.Console.screen screen.py:367	Rendering left blocks
2026-05-13 18:21:57,292 [DEBUG] yandextank.plugins.Console.screen screen.py:418	Composing final screen output
2026-05-13 18:21:57,293 [DEBUG] yandextank.core.tankcore tankcore.py:286	Polling <yandextank.plugins.RCAssert.plugin.Plugin object at 0x7185723189d0>
2026-05-13 18:21:57,293 [DEBUG] yandextank.plugins.Console.plugin plugin.py:73	Writing console view to STDOUT
2026-05-13 18:21:57,293 [DEBUG] yandextank.core.tankcore tankcore.py:286	Polling <yandextank.plugins.ResourceCheck.plugin.Plugin object at 0x718572318890>
2026-05-13 18:21:57,293 [DEBUG] yandextank.common.interfaces plugin.py:44	Checking tank resources...
2026-05-13 18:21:57,293 [DEBUG] yandextank.core.tankcore tankcore.py:286	Polling <yandextank.plugins.JsonReport.plugin.Plugin object at 0x71857263ba50>
2026-05-13 18:21:57,293 [DEBUG] yandextank.core.tankcore tankcore.py:292	Polling took 0.0219299793243
2026-05-13 18:21:57,293 [DEBUG] yandextank.core.tankcore tankcore.py:293	Tank status: {"core": {"stage": "shoot"}, "stepper": {"progress": 100, "loop_count": 349, "speed": "40 Krps"}, "Plugin": {"eta": 23}}
2026-05-13 18:21:57,772 [DEBUG] yandextank.aggregator.tank_aggregator tank_aggregator.py:87	Data timestamps: []
2026-05-13 18:21:57,772 [DEBUG] yandextank.aggregator.tank_aggregator tank_aggregator.py:88	Stats timestamps: []
2026-05-13 18:21:57,772 [DEBUG] yandextank.core.tankcore tankcore.py:286	Polling <yandextank.plugins.Phantom.plugin.Plugin object at 0x718572318290>
2026-05-13 18:21:57,772 [DEBUG] yandextank.common.interfaces interfaces.py:101	Publishing status: Plugin/eta: 23
2026-05-13 18:21:57,772 [DEBUG] yandextank.core.tankcore tankcore.py:286	Polling <yandextank.plugins.Autostop.plugin.Plugin object at 0x718572318990>
2026-05-13 18:21:57,772 [DEBUG] yandextank.core.tankcore tankcore.py:286	Polling <yandextank.plugins.ShellExec.plugin.Plugin object at 0x718572318110>
2026-05-13 18:21:57,772 [DEBUG] yandextank.core.tankcore tankcore.py:286	Polling <yandextank.plugins.Console.plugin.Plugin object at 0x7185723185d0>
2026-05-13 18:21:57,772 [DEBUG] yandextank.plugins.Console.screen screen.py:389	Terminal size: 120x30
2026-05-13 18:21:57,772 [DEBUG] yandextank.plugins.Console.screen screen.py:401	Left/right panels width: 78/37
2026-05-13 18:21:57,772 [DEBUG] yandextank.plugins.Console.screen screen.py:406	There are 3 info widgets
2026-05-13 18:21:57,772 [DEBUG] yandextank.plugins.Console.screen screen.py:410	Rendering info widget #0: <yandextank.plugins.Phantom.widget.PhantomProgressBarWidget object at 0x7185722b9150>
2026-05-13 18:21:57,772 [DEBUG] yandextank.plugins.Console.screen screen.py:410	Rendering info widget #2: <yandextank.plugins.Phantom.widget.PhantomInfoWidget object at 0x7185722b9190>
2026-05-13 18:21:57,773 [DEBUG] yandextank.plugins.Console.screen screen.py:410	Rendering info widget #25: <yandextank.plugins.Autostop.plugin.AutostopWidget object at 0x7185722b9290>
2026-05-13 18:21:57,773 [DEBUG] yandextank.plugins.Console.screen screen.py:367	Rendering left blocks
2026-05-13 18:21:57,792 [DEBUG] yandextank.plugins.Console.screen screen.py:418	Composing final screen output
2026-05-13 18:21:57,792 [DEBUG] yandextank.core.tankcore tankcore.py:286	Polling <yandextank.plugins.RCAssert.plugin.Plugin object at 0x7185723189d0>
2026-05-13 18:21:57,793 [DEBUG] yandextank.core.tankcore tankcore.py:286	Polling <yandextank.plugins.ResourceCheck.plugin.Plugin object at 0x718572318890>
2026-05-13 18:21:57,793 [DEBUG] yandextank.plugins.Console.plugin plugin.py:73	Writing console view to STDOUT
2026-05-13 18:21:57,793 [DEBUG] yandextank.common.interfaces plugin.py:44	Checking tank resources...
2026-05-13 18:21:57,793 [DEBUG] yandextank.core.tankcore tankcore.py:286	Polling <yandextank.plugins.JsonReport.plugin.Plugin object at 0x71857263ba50>
2026-05-13 18:21:57,793 [DEBUG] yandextank.core.tankcore tankcore.py:292	Polling took 0.021073102951
2026-05-13 18:21:57,793 [DEBUG] yandextank.core.tankcore tankcore.py:293	Tank status: {"core": {"stage": "shoot"}, "stepper": {"progress": 100, "loop_count": 349, "speed": "40 Krps"}, "Plugin": {"eta": 23}}
2026-05-13 18:21:57,875 [DEBUG] yandextank.plugins.Phantom.reader reader.py:62	Chunk decode time: 5.42ms
2026-05-13 18:21:57,886 [DEBUG] yandextank.aggregator.aggregator aggregator.py:157	Aggregation time: 5.09ms
2026-05-13 18:21:58,272 [DEBUG] yandextank.aggregator.tank_aggregator tank_aggregator.py:87	Data timestamps: [1778696514]
2026-05-13 18:21:58,272 [DEBUG] yandextank.aggregator.tank_aggregator tank_aggregator.py:88	Stats timestamps: [1778696516]
2026-05-13 18:21:58,272 [DEBUG] yandextank.plugins.Autostop.criterions criterions.py:95	HTTP codes matching mask 5xx: 0.0/0.1
2026-05-13 18:21:58,274 [DEBUG] yandextank.plugins.Phantom.plugin plugin.py:193	Processed ammo count: 426/
2026-05-13 18:21:58,274 [DEBUG] yandextank.core.tankcore tankcore.py:286	Polling <yandextank.plugins.Phantom.plugin.Plugin object at 0x718572318290>
2026-05-13 18:21:58,274 [DEBUG] yandextank.common.interfaces interfaces.py:101	Publishing status: Plugin/eta: 22
2026-05-13 18:21:58,274 [DEBUG] yandextank.core.tankcore tankcore.py:286	Polling <yandextank.plugins.Autostop.plugin.Plugin object at 0x718572318990>
2026-05-13 18:21:58,274 [DEBUG] yandextank.core.tankcore tankcore.py:286	Polling <yandextank.plugins.ShellExec.plugin.Plugin object at 0x718572318110>
2026-05-13 18:21:58,274 [DEBUG] yandextank.core.tankcore tankcore.py:286	Polling <yandextank.plugins.Console.plugin.Plugin object at 0x7185723185d0>
2026-05-13 18:21:58,274 [DEBUG] yandextank.plugins.Console.screen screen.py:389	Terminal size: 120x30
2026-05-13 18:21:58,274 [DEBUG] yandextank.plugins.Console.screen screen.py:401	Left/right panels width: 78/37
2026-05-13 18:21:58,274 [DEBUG] yandextank.plugins.Console.screen screen.py:406	There are 3 info widgets
2026-05-13 18:21:58,274 [DEBUG] yandextank.plugins.Console.screen screen.py:410	Rendering info widget #0: <yandextank.plugins.Phantom.widget.PhantomProgressBarWidget object at 0x7185722b9150>
2026-05-13 18:21:58,274 [DEBUG] yandextank.plugins.Console.screen screen.py:410	Rendering info widget #2: <yandextank.plugins.Phantom.widget.PhantomInfoWidget object at 0x7185722b9190>
2026-05-13 18:21:58,275 [DEBUG] yandextank.plugins.Console.screen screen.py:410	Rendering info widget #25: <yandextank.plugins.Autostop.plugin.AutostopWidget object at 0x7185722b9290>
2026-05-13 18:21:58,275 [DEBUG] yandextank.plugins.Console.screen screen.py:367	Rendering left blocks
2026-05-13 18:21:58,295 [DEBUG] yandextank.plugins.Console.screen screen.py:418	Composing final screen output
2026-05-13 18:21:58,295 [DEBUG] yandextank.core.tankcore tankcore.py:286	Polling <yandextank.plugins.RCAssert.plugin.Plugin object at 0x7185723189d0>
2026-05-13 18:21:58,296 [DEBUG] yandextank.plugins.Console.plugin plugin.py:73	Writing console view to STDOUT
2026-05-13 18:21:58,296 [DEBUG] yandextank.core.tankcore tankcore.py:286	Polling <yandextank.plugins.ResourceCheck.plugin.Plugin object at 0x718572318890>
2026-05-13 18:21:58,296 [DEBUG] yandextank.common.interfaces plugin.py:44	Checking tank resources...
2026-05-13 18:21:58,296 [DEBUG] yandextank.core.tankcore tankcore.py:286	Polling <yandextank.plugins.JsonReport.plugin.Plugin object at 0x71857263ba50>
2026-05-13 18:21:58,296 [DEBUG] yandextank.core.tankcore tankcore.py:292	Polling took 0.023717880249
2026-05-13 18:21:58,296 [DEBUG] yandextank.core.tankcore tankcore.py:293	Tank status: {"core": {"stage": "shoot"}, "stepper": {"progress": 100, "loop_count": 349, "speed": "40 Krps"}, "Plugin": {"eta": 22}}
2026-05-13 18:21:58,773 [DEBUG] yandextank.aggregator.tank_aggregator tank_aggregator.py:87	Data timestamps: []
2026-05-13 18:21:58,773 [DEBUG] yandextank.aggregator.tank_aggregator tank_aggregator.py:88	Stats timestamps: []
2026-05-13 18:21:58,773 [DEBUG] yandextank.core.tankcore tankcore.py:286	Polling <yandextank.plugins.Phantom.plugin.Plugin object at 0x718572318290>
2026-05-13 18:21:58,773 [DEBUG] yandextank.common.interfaces interfaces.py:101	Publishing status: Plugin/eta: 22
2026-05-13 18:21:58,773 [DEBUG] yandextank.core.tankcore tankcore.py:286	Polling <yandextank.plugins.Autostop.plugin.Plugin object at 0x718572318990>
2026-05-13 18:21:58,773 [DEBUG] yandextank.core.tankcore tankcore.py:286	Polling <yandextank.plugins.ShellExec.plugin.Plugin object at 0x718572318110>
2026-05-13 18:21:58,773 [DEBUG] yandextank.core.tankcore tankcore.py:286	Polling <yandextank.plugins.Console.plugin.Plugin object at 0x7185723185d0>
2026-05-13 18:21:58,773 [DEBUG] yandextank.plugins.Console.screen screen.py:389	Terminal size: 120x30
2026-05-13 18:21:58,773 [DEBUG] yandextank.plugins.Console.screen screen.py:401	Left/right panels width: 78/37
2026-05-13 18:21:58,773 [DEBUG] yandextank.plugins.Console.screen screen.py:406	There are 3 info widgets
2026-05-13 18:21:58,773 [DEBUG] yandextank.plugins.Console.screen screen.py:410	Rendering info widget #0: <yandextank.plugins.Phantom.widget.PhantomProgressBarWidget object at 0x7185722b9150>
2026-05-13 18:21:58,774 [DEBUG] yandextank.plugins.Console.screen screen.py:410	Rendering info widget #2: <yandextank.plugins.Phantom.widget.PhantomInfoWidget object at 0x7185722b9190>
2026-05-13 18:21:58,774 [DEBUG] yandextank.plugins.Console.screen screen.py:410	Rendering info widget #25: <yandextank.plugins.Autostop.plugin.AutostopWidget object at 0x7185722b9290>
2026-05-13 18:21:58,774 [DEBUG] yandextank.plugins.Console.screen screen.py:367	Rendering left blocks
2026-05-13 18:21:58,794 [DEBUG] yandextank.plugins.Console.screen screen.py:418	Composing final screen output
2026-05-13 18:21:58,794 [DEBUG] yandextank.core.tankcore tankcore.py:286	Polling <yandextank.plugins.RCAssert.plugin.Plugin object at 0x7185723189d0>
2026-05-13 18:21:58,794 [DEBUG] yandextank.plugins.Console.plugin plugin.py:73	Writing console view to STDOUT
2026-05-13 18:21:58,794 [DEBUG] yandextank.core.tankcore tankcore.py:286	Polling <yandextank.plugins.ResourceCheck.plugin.Plugin object at 0x718572318890>
2026-05-13 18:21:58,794 [DEBUG] yandextank.common.interfaces plugin.py:44	Checking tank resources...
2026-05-13 18:21:58,794 [DEBUG] yandextank.core.tankcore tankcore.py:286	Polling <yandextank.plugins.JsonReport.plugin.Plugin object at 0x71857263ba50>
2026-05-13 18:21:58,794 [DEBUG] yandextank.core.tankcore tankcore.py:292	Polling took 0.0214240550995
2026-05-13 18:21:58,794 [DEBUG] yandextank.core.tankcore tankcore.py:293	Tank status: {"core": {"stage": "shoot"}, "stepper": {"progress": 100, "loop_count": 349, "speed": "40 Krps"}, "Plugin": {"eta": 22}}
2026-05-13 18:21:58,892 [DEBUG] yandextank.plugins.Phantom.reader reader.py:62	Chunk decode time: 5.45ms
2026-05-13 18:21:58,903 [DEBUG] yandextank.aggregator.aggregator aggregator.py:157	Aggregation time: 5.74ms
2026-05-13 18:21:59,274 [DEBUG] yandextank.aggregator.tank_aggregator tank_aggregator.py:87	Data timestamps: [1778696515]
2026-05-13 18:21:59,274 [DEBUG] yandextank.aggregator.tank_aggregator tank_aggregator.py:88	Stats timestamps: [1778696517]
2026-05-13 18:21:59,274 [DEBUG] yandextank.plugins.Autostop.criterions criterions.py:95	HTTP codes matching mask 5xx: 0.0/0.1
2026-05-13 18:21:59,276 [DEBUG] yandextank.plugins.Phantom.plugin plugin.py:193	Processed ammo count: 446/
2026-05-13 18:21:59,276 [DEBUG] yandextank.core.tankcore tankcore.py:286	Polling <yandextank.plugins.Phantom.plugin.Plugin object at 0x718572318290>
2026-05-13 18:21:59,276 [DEBUG] yandextank.common.interfaces interfaces.py:101	Publishing status: Plugin/eta: 21
2026-05-13 18:21:59,276 [DEBUG] yandextank.core.tankcore tankcore.py:286	Polling <yandextank.plugins.Autostop.plugin.Plugin object at 0x718572318990>
2026-05-13 18:21:59,276 [DEBUG] yandextank.core.tankcore tankcore.py:286	Polling <yandextank.plugins.ShellExec.plugin.Plugin object at 0x718572318110>
2026-05-13 18:21:59,276 [DEBUG] yandextank.core.tankcore tankcore.py:286	Polling <yandextank.plugins.Console.plugin.Plugin object at 0x7185723185d0>
2026-05-13 18:21:59,276 [DEBUG] yandextank.plugins.Console.screen screen.py:389	Terminal size: 120x30
2026-05-13 18:21:59,276 [DEBUG] yandextank.plugins.Console.screen screen.py:401	Left/right panels width: 78/37
2026-05-13 18:21:59,276 [DEBUG] yandextank.plugins.Console.screen screen.py:406	There are 3 info widgets
2026-05-13 18:21:59,276 [DEBUG] yandextank.plugins.Console.screen screen.py:410	Rendering info widget #0: <yandextank.plugins.Phantom.widget.PhantomProgressBarWidget object at 0x7185722b9150>
2026-05-13 18:21:59,276 [DEBUG] yandextank.plugins.Console.screen screen.py:410	Rendering info widget #2: <yandextank.plugins.Phantom.widget.PhantomInfoWidget object at 0x7185722b9190>
2026-05-13 18:21:59,276 [DEBUG] yandextank.plugins.Console.screen screen.py:410	Rendering info widget #25: <yandextank.plugins.Autostop.plugin.AutostopWidget object at 0x7185722b9290>
2026-05-13 18:21:59,276 [DEBUG] yandextank.plugins.Console.screen screen.py:367	Rendering left blocks
2026-05-13 18:21:59,296 [DEBUG] yandextank.plugins.Console.screen screen.py:418	Composing final screen output
2026-05-13 18:21:59,296 [DEBUG] yandextank.core.tankcore tankcore.py:286	Polling <yandextank.plugins.RCAssert.plugin.Plugin object at 0x7185723189d0>
2026-05-13 18:21:59,297 [DEBUG] yandextank.plugins.Console.plugin plugin.py:73	Writing console view to STDOUT
2026-05-13 18:21:59,297 [DEBUG] yandextank.core.tankcore tankcore.py:286	Polling <yandextank.plugins.ResourceCheck.plugin.Plugin object at 0x718572318890>
2026-05-13 18:21:59,297 [DEBUG] yandextank.common.interfaces plugin.py:44	Checking tank resources...
2026-05-13 18:21:59,297 [DEBUG] yandextank.core.tankcore tankcore.py:286	Polling <yandextank.plugins.JsonReport.plugin.Plugin object at 0x71857263ba50>
2026-05-13 18:21:59,297 [DEBUG] yandextank.core.tankcore tankcore.py:292	Polling took 0.0233199596405
2026-05-13 18:21:59,297 [DEBUG] yandextank.core.tankcore tankcore.py:293	Tank status: {"core": {"stage": "shoot"}, "stepper": {"progress": 100, "loop_count": 349, "speed": "40 Krps"}, "Plugin": {"eta": 21}}
2026-05-13 18:21:59,774 [DEBUG] yandextank.aggregator.tank_aggregator tank_aggregator.py:87	Data timestamps: []
2026-05-13 18:21:59,775 [DEBUG] yandextank.aggregator.tank_aggregator tank_aggregator.py:88	Stats timestamps: []
2026-05-13 18:21:59,775 [DEBUG] yandextank.core.tankcore tankcore.py:286	Polling <yandextank.plugins.Phantom.plugin.Plugin object at 0x718572318290>
2026-05-13 18:21:59,775 [DEBUG] yandextank.common.interfaces interfaces.py:101	Publishing status: Plugin/eta: 21
2026-05-13 18:21:59,775 [DEBUG] yandextank.core.tankcore tankcore.py:286	Polling <yandextank.plugins.Autostop.plugin.Plugin object at 0x718572318990>
2026-05-13 18:21:59,775 [DEBUG] yandextank.core.tankcore tankcore.py:286	Polling <yandextank.plugins.ShellExec.plugin.Plugin object at 0x718572318110>
2026-05-13 18:21:59,775 [DEBUG] yandextank.core.tankcore tankcore.py:286	Polling <yandextank.plugins.Console.plugin.Plugin object at 0x7185723185d0>
2026-05-13 18:21:59,775 [DEBUG] yandextank.plugins.Console.screen screen.py:389	Terminal size: 120x30
2026-05-13 18:21:59,775 [DEBUG] yandextank.plugins.Console.screen screen.py:401	Left/right panels width: 78/37
2026-05-13 18:21:59,775 [DEBUG] yandextank.plugins.Console.screen screen.py:406	There are 3 info widgets
2026-05-13 18:21:59,775 [DEBUG] yandextank.plugins.Console.screen screen.py:410	Rendering info widget #0: <yandextank.plugins.Phantom.widget.PhantomProgressBarWidget object at 0x7185722b9150>
2026-05-13 18:21:59,775 [DEBUG] yandextank.plugins.Console.screen screen.py:410	Rendering info widget #2: <yandextank.plugins.Phantom.widget.PhantomInfoWidget object at 0x7185722b9190>
2026-05-13 18:21:59,775 [DEBUG] yandextank.plugins.Console.screen screen.py:410	Rendering info widget #25: <yandextank.plugins.Autostop.plugin.AutostopWidget object at 0x7185722b9290>
2026-05-13 18:21:59,775 [DEBUG] yandextank.plugins.Console.screen screen.py:367	Rendering left blocks
2026-05-13 18:21:59,795 [DEBUG] yandextank.plugins.Console.screen screen.py:418	Composing final screen output
2026-05-13 18:21:59,795 [DEBUG] yandextank.core.tankcore tankcore.py:286	Polling <yandextank.plugins.RCAssert.plugin.Plugin object at 0x7185723189d0>
2026-05-13 18:21:59,795 [DEBUG] yandextank.plugins.Console.plugin plugin.py:73	Writing console view to STDOUT
2026-05-13 18:21:59,795 [DEBUG] yandextank.core.tankcore tankcore.py:286	Polling <yandextank.plugins.ResourceCheck.plugin.Plugin object at 0x718572318890>
2026-05-13 18:21:59,796 [DEBUG] yandextank.common.interfaces plugin.py:44	Checking tank resources...
2026-05-13 18:21:59,796 [DEBUG] yandextank.core.tankcore tankcore.py:286	Polling <yandextank.plugins.JsonReport.plugin.Plugin object at 0x71857263ba50>
2026-05-13 18:21:59,796 [DEBUG] yandextank.core.tankcore tankcore.py:292	Polling took 0.0213868618011
2026-05-13 18:21:59,796 [DEBUG] yandextank.core.tankcore tankcore.py:293	Tank status: {"core": {"stage": "shoot"}, "stepper": {"progress": 100, "loop_count": 349, "speed": "40 Krps"}, "Plugin": {"eta": 21}}
2026-05-13 18:21:59,910 [DEBUG] yandextank.plugins.Phantom.reader reader.py:62	Chunk decode time: 5.40ms
2026-05-13 18:21:59,921 [DEBUG] yandextank.aggregator.aggregator aggregator.py:157	Aggregation time: 4.76ms
2026-05-13 18:22:00,275 [DEBUG] yandextank.aggregator.tank_aggregator tank_aggregator.py:87	Data timestamps: [1778696516]
2026-05-13 18:22:00,275 [DEBUG] yandextank.aggregator.tank_aggregator tank_aggregator.py:88	Stats timestamps: [1778696518]
2026-05-13 18:22:00,275 [DEBUG] yandextank.plugins.Autostop.criterions criterions.py:95	HTTP codes matching mask 5xx: 0.0/0.1
2026-05-13 18:22:00,277 [DEBUG] yandextank.plugins.Phantom.plugin plugin.py:193	Processed ammo count: 466/
2026-05-13 18:22:00,277 [DEBUG] yandextank.core.tankcore tankcore.py:286	Polling <yandextank.plugins.Phantom.plugin.Plugin object at 0x718572318290>
2026-05-13 18:22:00,277 [DEBUG] yandextank.common.interfaces interfaces.py:101	Publishing status: Plugin/eta: 20
2026-05-13 18:22:00,277 [DEBUG] yandextank.core.tankcore tankcore.py:286	Polling <yandextank.plugins.Autostop.plugin.Plugin object at 0x718572318990>
2026-05-13 18:22:00,277 [DEBUG] yandextank.core.tankcore tankcore.py:286	Polling <yandextank.plugins.ShellExec.plugin.Plugin object at 0x718572318110>
2026-05-13 18:22:00,277 [DEBUG] yandextank.core.tankcore tankcore.py:286	Polling <yandextank.plugins.Console.plugin.Plugin object at 0x7185723185d0>
2026-05-13 18:22:00,277 [DEBUG] yandextank.plugins.Console.screen screen.py:389	Terminal size: 120x30
2026-05-13 18:22:00,277 [DEBUG] yandextank.plugins.Console.screen screen.py:401	Left/right panels width: 78/37
2026-05-13 18:22:00,277 [DEBUG] yandextank.plugins.Console.screen screen.py:406	There are 3 info widgets
2026-05-13 18:22:00,277 [DEBUG] yandextank.plugins.Console.screen screen.py:410	Rendering info widget #0: <yandextank.plugins.Phantom.widget.PhantomProgressBarWidget object at 0x7185722b9150>
2026-05-13 18:22:00,277 [DEBUG] yandextank.plugins.Console.screen screen.py:410	Rendering info widget #2: <yandextank.plugins.Phantom.widget.PhantomInfoWidget object at 0x7185722b9190>
2026-05-13 18:22:00,277 [DEBUG] yandextank.plugins.Console.screen screen.py:410	Rendering info widget #25: <yandextank.plugins.Autostop.plugin.AutostopWidget object at 0x7185722b9290>
2026-05-13 18:22:00,277 [DEBUG] yandextank.plugins.Console.screen screen.py:367	Rendering left blocks
2026-05-13 18:22:00,298 [DEBUG] yandextank.plugins.Console.screen screen.py:418	Composing final screen output
2026-05-13 18:22:00,299 [DEBUG] yandextank.core.tankcore tankcore.py:286	Polling <yandextank.plugins.RCAssert.plugin.Plugin object at 0x7185723189d0>
2026-05-13 18:22:00,299 [DEBUG] yandextank.core.tankcore tankcore.py:286	Polling <yandextank.plugins.ResourceCheck.plugin.Plugin object at 0x718572318890>
2026-05-13 18:22:00,299 [DEBUG] yandextank.common.interfaces plugin.py:44	Checking tank resources...
2026-05-13 18:22:00,299 [DEBUG] netort.process process.py:23	Starting: sh -c "df --no-sync -m -P -l -x fuse -x tmpfs -x devtmpfs -x davfs -x nfs /var/loadtest/logs | tail -n 1 | awk '{print \$4}' "
2026-05-13 18:22:00,299 [DEBUG] yandextank.plugins.Console.plugin plugin.py:73	Writing console view to STDOUT
2026-05-13 18:22:00,310 [DEBUG] netort.process process.py:46	Process output:
3022

2026-05-13 18:22:00,310 [DEBUG] netort.process process.py:48	Process exit code: 0
2026-05-13 18:22:00,310 [DEBUG] root plugin.py:58	Result: (0, '3022\n', '')
2026-05-13 18:22:00,310 [DEBUG] yandextank.common.interfaces plugin.py:64	Disk free space: 3022/2048
2026-05-13 18:22:00,310 [DEBUG] yandextank.common.interfaces plugin.py:75	Memory free: 1474/512
2026-05-13 18:22:00,310 [DEBUG] yandextank.core.tankcore tankcore.py:286	Polling <yandextank.plugins.JsonReport.plugin.Plugin object at 0x71857263ba50>
2026-05-13 18:22:00,311 [DEBUG] yandextank.core.tankcore tankcore.py:292	Polling took 0.0355589389801
2026-05-13 18:22:00,311 [DEBUG] yandextank.core.tankcore tankcore.py:293	Tank status: {"core": {"stage": "shoot"}, "stepper": {"progress": 100, "loop_count": 349, "speed": "40 Krps"}, "Plugin": {"eta": 20}}
2026-05-13 18:22:00,775 [DEBUG] yandextank.aggregator.tank_aggregator tank_aggregator.py:87	Data timestamps: []
2026-05-13 18:22:00,775 [DEBUG] yandextank.aggregator.tank_aggregator tank_aggregator.py:88	Stats timestamps: []
2026-05-13 18:22:00,775 [DEBUG] yandextank.core.tankcore tankcore.py:286	Polling <yandextank.plugins.Phantom.plugin.Plugin object at 0x718572318290>
2026-05-13 18:22:00,776 [DEBUG] yandextank.common.interfaces interfaces.py:101	Publishing status: Plugin/eta: 20
2026-05-13 18:22:00,776 [DEBUG] yandextank.core.tankcore tankcore.py:286	Polling <yandextank.plugins.Autostop.plugin.Plugin object at 0x718572318990>
2026-05-13 18:22:00,776 [DEBUG] yandextank.core.tankcore tankcore.py:286	Polling <yandextank.plugins.ShellExec.plugin.Plugin object at 0x718572318110>
2026-05-13 18:22:00,776 [DEBUG] yandextank.core.tankcore tankcore.py:286	Polling <yandextank.plugins.Console.plugin.Plugin object at 0x7185723185d0>
2026-05-13 18:22:00,776 [DEBUG] yandextank.plugins.Console.screen screen.py:389	Terminal size: 120x30
2026-05-13 18:22:00,776 [DEBUG] yandextank.plugins.Console.screen screen.py:401	Left/right panels width: 78/37
2026-05-13 18:22:00,776 [DEBUG] yandextank.plugins.Console.screen screen.py:406	There are 3 info widgets
2026-05-13 18:22:00,776 [DEBUG] yandextank.plugins.Console.screen screen.py:410	Rendering info widget #0: <yandextank.plugins.Phantom.widget.PhantomProgressBarWidget object at 0x7185722b9150>
2026-05-13 18:22:00,776 [DEBUG] yandextank.plugins.Console.screen screen.py:410	Rendering info widget #2: <yandextank.plugins.Phantom.widget.PhantomInfoWidget object at 0x7185722b9190>
2026-05-13 18:22:00,776 [DEBUG] yandextank.plugins.Console.screen screen.py:410	Rendering info widget #25: <yandextank.plugins.Autostop.plugin.AutostopWidget object at 0x7185722b9290>
2026-05-13 18:22:00,776 [DEBUG] yandextank.plugins.Console.screen screen.py:367	Rendering left blocks
2026-05-13 18:22:00,798 [DEBUG] yandextank.plugins.Console.screen screen.py:418	Composing final screen output
2026-05-13 18:22:00,799 [DEBUG] yandextank.core.tankcore tankcore.py:286	Polling <yandextank.plugins.RCAssert.plugin.Plugin object at 0x7185723189d0>
2026-05-13 18:22:00,799 [DEBUG] yandextank.plugins.Console.plugin plugin.py:73	Writing console view to STDOUT
2026-05-13 18:22:00,799 [DEBUG] yandextank.core.tankcore tankcore.py:286	Polling <yandextank.plugins.ResourceCheck.plugin.Plugin object at 0x718572318890>
2026-05-13 18:22:00,799 [DEBUG] yandextank.common.interfaces plugin.py:44	Checking tank resources...
2026-05-13 18:22:00,799 [DEBUG] yandextank.core.tankcore tankcore.py:286	Polling <yandextank.plugins.JsonReport.plugin.Plugin object at 0x71857263ba50>
2026-05-13 18:22:00,799 [DEBUG] yandextank.core.tankcore tankcore.py:292	Polling took 0.0241689682007
2026-05-13 18:22:00,799 [DEBUG] yandextank.core.tankcore tankcore.py:293	Tank status: {"core": {"stage": "shoot"}, "stepper": {"progress": 100, "loop_count": 349, "speed": "40 Krps"}, "Plugin": {"eta": 20}}
2026-05-13 18:22:00,928 [DEBUG] yandextank.plugins.Phantom.reader reader.py:62	Chunk decode time: 6.30ms
2026-05-13 18:22:00,939 [DEBUG] yandextank.aggregator.aggregator aggregator.py:157	Aggregation time: 5.22ms
2026-05-13 18:22:01,276 [DEBUG] yandextank.aggregator.tank_aggregator tank_aggregator.py:87	Data timestamps: [1778696517]
2026-05-13 18:22:01,276 [DEBUG] yandextank.aggregator.tank_aggregator tank_aggregator.py:88	Stats timestamps: [1778696519]
2026-05-13 18:22:01,276 [DEBUG] yandextank.plugins.Autostop.criterions criterions.py:95	HTTP codes matching mask 5xx: 0.0/0.1
2026-05-13 18:22:01,278 [DEBUG] yandextank.plugins.Phantom.plugin plugin.py:193	Processed ammo count: 487/
2026-05-13 18:22:01,278 [DEBUG] yandextank.core.tankcore tankcore.py:286	Polling <yandextank.plugins.Phantom.plugin.Plugin object at 0x718572318290>
2026-05-13 18:22:01,278 [DEBUG] yandextank.common.interfaces interfaces.py:101	Publishing status: Plugin/eta: 19
2026-05-13 18:22:01,278 [DEBUG] yandextank.core.tankcore tankcore.py:286	Polling <yandextank.plugins.Autostop.plugin.Plugin object at 0x718572318990>
2026-05-13 18:22:01,278 [DEBUG] yandextank.core.tankcore tankcore.py:286	Polling <yandextank.plugins.ShellExec.plugin.Plugin object at 0x718572318110>
2026-05-13 18:22:01,278 [DEBUG] yandextank.core.tankcore tankcore.py:286	Polling <yandextank.plugins.Console.plugin.Plugin object at 0x7185723185d0>
2026-05-13 18:22:01,278 [DEBUG] yandextank.plugins.Console.screen screen.py:389	Terminal size: 120x30
2026-05-13 18:22:01,278 [DEBUG] yandextank.plugins.Console.screen screen.py:401	Left/right panels width: 78/37
2026-05-13 18:22:01,278 [DEBUG] yandextank.plugins.Console.screen screen.py:406	There are 3 info widgets
2026-05-13 18:22:01,278 [DEBUG] yandextank.plugins.Console.screen screen.py:410	Rendering info widget #0: <yandextank.plugins.Phantom.widget.PhantomProgressBarWidget object at 0x7185722b9150>
2026-05-13 18:22:01,278 [DEBUG] yandextank.plugins.Console.screen screen.py:410	Rendering info widget #2: <yandextank.plugins.Phantom.widget.PhantomInfoWidget object at 0x7185722b9190>
2026-05-13 18:22:01,278 [DEBUG] yandextank.plugins.Console.screen screen.py:410	Rendering info widget #25: <yandextank.plugins.Autostop.plugin.AutostopWidget object at 0x7185722b9290>
2026-05-13 18:22:01,278 [DEBUG] yandextank.plugins.Console.screen screen.py:367	Rendering left blocks
2026-05-13 18:22:01,300 [DEBUG] yandextank.plugins.Console.screen screen.py:418	Composing final screen output
2026-05-13 18:22:01,300 [DEBUG] yandextank.core.tankcore tankcore.py:286	Polling <yandextank.plugins.RCAssert.plugin.Plugin object at 0x7185723189d0>
2026-05-13 18:22:01,300 [DEBUG] yandextank.core.tankcore tankcore.py:286	Polling <yandextank.plugins.ResourceCheck.plugin.Plugin object at 0x718572318890>
2026-05-13 18:22:01,300 [DEBUG] yandextank.plugins.Console.plugin plugin.py:73	Writing console view to STDOUT
2026-05-13 18:22:01,300 [DEBUG] yandextank.common.interfaces plugin.py:44	Checking tank resources...
2026-05-13 18:22:01,300 [DEBUG] yandextank.core.tankcore tankcore.py:286	Polling <yandextank.plugins.JsonReport.plugin.Plugin object at 0x71857263ba50>
2026-05-13 18:22:01,300 [DEBUG] yandextank.core.tankcore tankcore.py:292	Polling took 0.0246448516846
2026-05-13 18:22:01,301 [DEBUG] yandextank.core.tankcore tankcore.py:293	Tank status: {"core": {"stage": "shoot"}, "stepper": {"progress": 100, "loop_count": 349, "speed": "40 Krps"}, "Plugin": {"eta": 19}}
2026-05-13 18:22:01,777 [DEBUG] yandextank.aggregator.tank_aggregator tank_aggregator.py:87	Data timestamps: []
2026-05-13 18:22:01,777 [DEBUG] yandextank.aggregator.tank_aggregator tank_aggregator.py:88	Stats timestamps: []
2026-05-13 18:22:01,777 [DEBUG] yandextank.core.tankcore tankcore.py:286	Polling <yandextank.plugins.Phantom.plugin.Plugin object at 0x718572318290>
2026-05-13 18:22:01,777 [DEBUG] yandextank.common.interfaces interfaces.py:101	Publishing status: Plugin/eta: 19
2026-05-13 18:22:01,777 [DEBUG] yandextank.core.tankcore tankcore.py:286	Polling <yandextank.plugins.Autostop.plugin.Plugin object at 0x718572318990>
2026-05-13 18:22:01,777 [DEBUG] yandextank.core.tankcore tankcore.py:286	Polling <yandextank.plugins.ShellExec.plugin.Plugin object at 0x718572318110>
2026-05-13 18:22:01,777 [DEBUG] yandextank.core.tankcore tankcore.py:286	Polling <yandextank.plugins.Console.plugin.Plugin object at 0x7185723185d0>
2026-05-13 18:22:01,777 [DEBUG] yandextank.plugins.Console.screen screen.py:389	Terminal size: 120x30
2026-05-13 18:22:01,777 [DEBUG] yandextank.plugins.Console.screen screen.py:401	Left/right panels width: 78/37
2026-05-13 18:22:01,777 [DEBUG] yandextank.plugins.Console.screen screen.py:406	There are 3 info widgets
2026-05-13 18:22:01,777 [DEBUG] yandextank.plugins.Console.screen screen.py:410	Rendering info widget #0: <yandextank.plugins.Phantom.widget.PhantomProgressBarWidget object at 0x7185722b9150>
2026-05-13 18:22:01,777 [DEBUG] yandextank.plugins.Console.screen screen.py:410	Rendering info widget #2: <yandextank.plugins.Phantom.widget.PhantomInfoWidget object at 0x7185722b9190>
2026-05-13 18:22:01,777 [DEBUG] yandextank.plugins.Console.screen screen.py:410	Rendering info widget #25: <yandextank.plugins.Autostop.plugin.AutostopWidget object at 0x7185722b9290>
2026-05-13 18:22:01,777 [DEBUG] yandextank.plugins.Console.screen screen.py:367	Rendering left blocks
2026-05-13 18:22:01,799 [DEBUG] yandextank.plugins.Console.screen screen.py:418	Composing final screen output
2026-05-13 18:22:01,799 [DEBUG] yandextank.core.tankcore tankcore.py:286	Polling <yandextank.plugins.RCAssert.plugin.Plugin object at 0x7185723189d0>
2026-05-13 18:22:01,799 [DEBUG] yandextank.core.tankcore tankcore.py:286	Polling <yandextank.plugins.ResourceCheck.plugin.Plugin object at 0x718572318890>
2026-05-13 18:22:01,800 [DEBUG] yandextank.common.interfaces plugin.py:44	Checking tank resources...
2026-05-13 18:22:01,800 [DEBUG] yandextank.core.tankcore tankcore.py:286	Polling <yandextank.plugins.JsonReport.plugin.Plugin object at 0x71857263ba50>
2026-05-13 18:22:01,800 [DEBUG] yandextank.core.tankcore tankcore.py:292	Polling took 0.0230438709259
2026-05-13 18:22:01,800 [DEBUG] yandextank.plugins.Console.plugin plugin.py:73	Writing console view to STDOUT
2026-05-13 18:22:01,800 [DEBUG] yandextank.core.tankcore tankcore.py:293	Tank status: {"core": {"stage": "shoot"}, "stepper": {"progress": 100, "loop_count": 349, "speed": "40 Krps"}, "Plugin": {"eta": 19}}
2026-05-13 18:22:01,946 [DEBUG] yandextank.plugins.Phantom.reader reader.py:62	Chunk decode time: 5.83ms
2026-05-13 18:22:01,956 [DEBUG] yandextank.aggregator.aggregator aggregator.py:157	Aggregation time: 4.97ms
2026-05-13 18:22:02,277 [DEBUG] yandextank.aggregator.tank_aggregator tank_aggregator.py:87	Data timestamps: [1778696518]
2026-05-13 18:22:02,277 [DEBUG] yandextank.aggregator.tank_aggregator tank_aggregator.py:88	Stats timestamps: [1778696520]
2026-05-13 18:22:02,277 [DEBUG] yandextank.plugins.Autostop.criterions criterions.py:95	HTTP codes matching mask 5xx: 0.0/0.1
2026-05-13 18:22:02,279 [DEBUG] yandextank.plugins.Phantom.plugin plugin.py:193	Processed ammo count: 508/
2026-05-13 18:22:02,279 [DEBUG] yandextank.core.tankcore tankcore.py:286	Polling <yandextank.plugins.Phantom.plugin.Plugin object at 0x718572318290>
2026-05-13 18:22:02,279 [DEBUG] yandextank.common.interfaces interfaces.py:101	Publishing status: Plugin/eta: 18
2026-05-13 18:22:02,279 [DEBUG] yandextank.core.tankcore tankcore.py:286	Polling <yandextank.plugins.Autostop.plugin.Plugin object at 0x718572318990>
2026-05-13 18:22:02,279 [DEBUG] yandextank.core.tankcore tankcore.py:286	Polling <yandextank.plugins.ShellExec.plugin.Plugin object at 0x718572318110>
2026-05-13 18:22:02,279 [DEBUG] yandextank.core.tankcore tankcore.py:286	Polling <yandextank.plugins.Console.plugin.Plugin object at 0x7185723185d0>
2026-05-13 18:22:02,279 [DEBUG] yandextank.plugins.Console.screen screen.py:389	Terminal size: 120x30
2026-05-13 18:22:02,279 [DEBUG] yandextank.plugins.Console.screen screen.py:401	Left/right panels width: 78/37
2026-05-13 18:22:02,279 [DEBUG] yandextank.plugins.Console.screen screen.py:406	There are 3 info widgets
2026-05-13 18:22:02,279 [DEBUG] yandextank.plugins.Console.screen screen.py:410	Rendering info widget #0: <yandextank.plugins.Phantom.widget.PhantomProgressBarWidget object at 0x7185722b9150>
2026-05-13 18:22:02,279 [DEBUG] yandextank.plugins.Console.screen screen.py:410	Rendering info widget #2: <yandextank.plugins.Phantom.widget.PhantomInfoWidget object at 0x7185722b9190>
2026-05-13 18:22:02,279 [DEBUG] yandextank.plugins.Console.screen screen.py:410	Rendering info widget #25: <yandextank.plugins.Autostop.plugin.AutostopWidget object at 0x7185722b9290>
2026-05-13 18:22:02,279 [DEBUG] yandextank.plugins.Console.screen screen.py:367	Rendering left blocks
2026-05-13 18:22:02,301 [DEBUG] yandextank.plugins.Console.screen screen.py:418	Composing final screen output
2026-05-13 18:22:02,302 [DEBUG] yandextank.core.tankcore tankcore.py:286	Polling <yandextank.plugins.RCAssert.plugin.Plugin object at 0x7185723189d0>
2026-05-13 18:22:02,302 [DEBUG] yandextank.plugins.Console.plugin plugin.py:73	Writing console view to STDOUT
2026-05-13 18:22:02,302 [DEBUG] yandextank.core.tankcore tankcore.py:286	Polling <yandextank.plugins.ResourceCheck.plugin.Plugin object at 0x718572318890>
2026-05-13 18:22:02,302 [DEBUG] yandextank.common.interfaces plugin.py:44	Checking tank resources...
2026-05-13 18:22:02,302 [DEBUG] yandextank.core.tankcore tankcore.py:286	Polling <yandextank.plugins.JsonReport.plugin.Plugin object at 0x71857263ba50>
2026-05-13 18:22:02,302 [DEBUG] yandextank.core.tankcore tankcore.py:292	Polling took 0.0252177715302
2026-05-13 18:22:02,302 [DEBUG] yandextank.core.tankcore tankcore.py:293	Tank status: {"core": {"stage": "shoot"}, "stepper": {"progress": 100, "loop_count": 349, "speed": "40 Krps"}, "Plugin": {"eta": 18}}
2026-05-13 18:22:02,778 [DEBUG] yandextank.aggregator.tank_aggregator tank_aggregator.py:87	Data timestamps: []
2026-05-13 18:22:02,778 [DEBUG] yandextank.aggregator.tank_aggregator tank_aggregator.py:88	Stats timestamps: []
2026-05-13 18:22:02,778 [DEBUG] yandextank.core.tankcore tankcore.py:286	Polling <yandextank.plugins.Phantom.plugin.Plugin object at 0x718572318290>
2026-05-13 18:22:02,778 [DEBUG] yandextank.common.interfaces interfaces.py:101	Publishing status: Plugin/eta: 18
2026-05-13 18:22:02,778 [DEBUG] yandextank.core.tankcore tankcore.py:286	Polling <yandextank.plugins.Autostop.plugin.Plugin object at 0x718572318990>
2026-05-13 18:22:02,778 [DEBUG] yandextank.core.tankcore tankcore.py:286	Polling <yandextank.plugins.ShellExec.plugin.Plugin object at 0x718572318110>
2026-05-13 18:22:02,778 [DEBUG] yandextank.core.tankcore tankcore.py:286	Polling <yandextank.plugins.Console.plugin.Plugin object at 0x7185723185d0>
2026-05-13 18:22:02,778 [DEBUG] yandextank.plugins.Console.screen screen.py:389	Terminal size: 120x30
2026-05-13 18:22:02,778 [DEBUG] yandextank.plugins.Console.screen screen.py:401	Left/right panels width: 78/37
2026-05-13 18:22:02,778 [DEBUG] yandextank.plugins.Console.screen screen.py:406	There are 3 info widgets
2026-05-13 18:22:02,778 [DEBUG] yandextank.plugins.Console.screen screen.py:410	Rendering info widget #0: <yandextank.plugins.Phantom.widget.PhantomProgressBarWidget object at 0x7185722b9150>
2026-05-13 18:22:02,778 [DEBUG] yandextank.plugins.Console.screen screen.py:410	Rendering info widget #2: <yandextank.plugins.Phantom.widget.PhantomInfoWidget object at 0x7185722b9190>
2026-05-13 18:22:02,778 [DEBUG] yandextank.plugins.Console.screen screen.py:410	Rendering info widget #25: <yandextank.plugins.Autostop.plugin.AutostopWidget object at 0x7185722b9290>
2026-05-13 18:22:02,778 [DEBUG] yandextank.plugins.Console.screen screen.py:367	Rendering left blocks
2026-05-13 18:22:02,801 [DEBUG] yandextank.plugins.Console.screen screen.py:418	Composing final screen output
2026-05-13 18:22:02,801 [DEBUG] yandextank.core.tankcore tankcore.py:286	Polling <yandextank.plugins.RCAssert.plugin.Plugin object at 0x7185723189d0>
2026-05-13 18:22:02,801 [DEBUG] yandextank.plugins.Console.plugin plugin.py:73	Writing console view to STDOUT
2026-05-13 18:22:02,801 [DEBUG] yandextank.core.tankcore tankcore.py:286	Polling <yandextank.plugins.ResourceCheck.plugin.Plugin object at 0x718572318890>
2026-05-13 18:22:02,801 [DEBUG] yandextank.common.interfaces plugin.py:44	Checking tank resources...
2026-05-13 18:22:02,801 [DEBUG] yandextank.core.tankcore tankcore.py:286	Polling <yandextank.plugins.JsonReport.plugin.Plugin object at 0x71857263ba50>
2026-05-13 18:22:02,801 [DEBUG] yandextank.core.tankcore tankcore.py:292	Polling took 0.0237848758698
2026-05-13 18:22:02,801 [DEBUG] yandextank.core.tankcore tankcore.py:293	Tank status: {"core": {"stage": "shoot"}, "stepper": {"progress": 100, "loop_count": 349, "speed": "40 Krps"}, "Plugin": {"eta": 18}}
2026-05-13 18:22:02,962 [DEBUG] yandextank.plugins.Phantom.reader reader.py:62	Chunk decode time: 6.03ms
2026-05-13 18:22:02,973 [DEBUG] yandextank.aggregator.aggregator aggregator.py:157	Aggregation time: 5.13ms
2026-05-13 18:22:03,278 [DEBUG] yandextank.aggregator.tank_aggregator tank_aggregator.py:87	Data timestamps: [1778696519]
2026-05-13 18:22:03,278 [DEBUG] yandextank.aggregator.tank_aggregator tank_aggregator.py:88	Stats timestamps: [1778696521]
2026-05-13 18:22:03,279 [DEBUG] yandextank.plugins.Autostop.criterions criterions.py:95	HTTP codes matching mask 5xx: 0.0/0.1
2026-05-13 18:22:03,280 [DEBUG] yandextank.plugins.Phantom.plugin plugin.py:193	Processed ammo count: 529/
2026-05-13 18:22:03,280 [DEBUG] yandextank.core.tankcore tankcore.py:286	Polling <yandextank.plugins.Phantom.plugin.Plugin object at 0x718572318290>
2026-05-13 18:22:03,280 [DEBUG] yandextank.common.interfaces interfaces.py:101	Publishing status: Plugin/eta: 17
2026-05-13 18:22:03,280 [DEBUG] yandextank.core.tankcore tankcore.py:286	Polling <yandextank.plugins.Autostop.plugin.Plugin object at 0x718572318990>
2026-05-13 18:22:03,280 [DEBUG] yandextank.core.tankcore tankcore.py:286	Polling <yandextank.plugins.ShellExec.plugin.Plugin object at 0x718572318110>
2026-05-13 18:22:03,280 [DEBUG] yandextank.core.tankcore tankcore.py:286	Polling <yandextank.plugins.Console.plugin.Plugin object at 0x7185723185d0>
2026-05-13 18:22:03,280 [DEBUG] yandextank.plugins.Console.screen screen.py:389	Terminal size: 120x30
2026-05-13 18:22:03,280 [DEBUG] yandextank.plugins.Console.screen screen.py:401	Left/right panels width: 78/37
2026-05-13 18:22:03,280 [DEBUG] yandextank.plugins.Console.screen screen.py:406	There are 3 info widgets
2026-05-13 18:22:03,281 [DEBUG] yandextank.plugins.Console.screen screen.py:410	Rendering info widget #0: <yandextank.plugins.Phantom.widget.PhantomProgressBarWidget object at 0x7185722b9150>
2026-05-13 18:22:03,281 [DEBUG] yandextank.plugins.Console.screen screen.py:410	Rendering info widget #2: <yandextank.plugins.Phantom.widget.PhantomInfoWidget object at 0x7185722b9190>
2026-05-13 18:22:03,281 [DEBUG] yandextank.plugins.Console.screen screen.py:410	Rendering info widget #25: <yandextank.plugins.Autostop.plugin.AutostopWidget object at 0x7185722b9290>
2026-05-13 18:22:03,281 [DEBUG] yandextank.plugins.Console.screen screen.py:367	Rendering left blocks
2026-05-13 18:22:03,303 [DEBUG] yandextank.plugins.Console.screen screen.py:418	Composing final screen output
2026-05-13 18:22:03,304 [DEBUG] yandextank.core.tankcore tankcore.py:286	Polling <yandextank.plugins.RCAssert.plugin.Plugin object at 0x7185723189d0>
2026-05-13 18:22:03,304 [DEBUG] yandextank.plugins.Console.plugin plugin.py:73	Writing console view to STDOUT
2026-05-13 18:22:03,304 [DEBUG] yandextank.core.tankcore tankcore.py:286	Polling <yandextank.plugins.ResourceCheck.plugin.Plugin object at 0x718572318890>
2026-05-13 18:22:03,304 [DEBUG] yandextank.common.interfaces plugin.py:44	Checking tank resources...
2026-05-13 18:22:03,304 [DEBUG] yandextank.core.tankcore tankcore.py:286	Polling <yandextank.plugins.JsonReport.plugin.Plugin object at 0x71857263ba50>
2026-05-13 18:22:03,304 [DEBUG] yandextank.core.tankcore tankcore.py:292	Polling took 0.0260438919067
2026-05-13 18:22:03,304 [DEBUG] yandextank.core.tankcore tankcore.py:293	Tank status: {"core": {"stage": "shoot"}, "stepper": {"progress": 100, "loop_count": 349, "speed": "40 Krps"}, "Plugin": {"eta": 17}}
2026-05-13 18:22:03,779 [DEBUG] yandextank.aggregator.tank_aggregator tank_aggregator.py:87	Data timestamps: []
2026-05-13 18:22:03,779 [DEBUG] yandextank.aggregator.tank_aggregator tank_aggregator.py:88	Stats timestamps: []
2026-05-13 18:22:03,779 [DEBUG] yandextank.core.tankcore tankcore.py:286	Polling <yandextank.plugins.Phantom.plugin.Plugin object at 0x718572318290>
2026-05-13 18:22:03,779 [DEBUG] yandextank.common.interfaces interfaces.py:101	Publishing status: Plugin/eta: 17
2026-05-13 18:22:03,779 [DEBUG] yandextank.core.tankcore tankcore.py:286	Polling <yandextank.plugins.Autostop.plugin.Plugin object at 0x718572318990>
2026-05-13 18:22:03,779 [DEBUG] yandextank.core.tankcore tankcore.py:286	Polling <yandextank.plugins.ShellExec.plugin.Plugin object at 0x718572318110>
2026-05-13 18:22:03,779 [DEBUG] yandextank.core.tankcore tankcore.py:286	Polling <yandextank.plugins.Console.plugin.Plugin object at 0x7185723185d0>
2026-05-13 18:22:03,779 [DEBUG] yandextank.plugins.Console.screen screen.py:389	Terminal size: 120x30
2026-05-13 18:22:03,779 [DEBUG] yandextank.plugins.Console.screen screen.py:401	Left/right panels width: 78/37
2026-05-13 18:22:03,779 [DEBUG] yandextank.plugins.Console.screen screen.py:406	There are 3 info widgets
2026-05-13 18:22:03,779 [DEBUG] yandextank.plugins.Console.screen screen.py:410	Rendering info widget #0: <yandextank.plugins.Phantom.widget.PhantomProgressBarWidget object at 0x7185722b9150>
2026-05-13 18:22:03,779 [DEBUG] yandextank.plugins.Console.screen screen.py:410	Rendering info widget #2: <yandextank.plugins.Phantom.widget.PhantomInfoWidget object at 0x7185722b9190>
2026-05-13 18:22:03,780 [DEBUG] yandextank.plugins.Console.screen screen.py:410	Rendering info widget #25: <yandextank.plugins.Autostop.plugin.AutostopWidget object at 0x7185722b9290>
2026-05-13 18:22:03,780 [DEBUG] yandextank.plugins.Console.screen screen.py:367	Rendering left blocks
2026-05-13 18:22:03,802 [DEBUG] yandextank.plugins.Console.screen screen.py:418	Composing final screen output
2026-05-13 18:22:03,802 [DEBUG] yandextank.core.tankcore tankcore.py:286	Polling <yandextank.plugins.RCAssert.plugin.Plugin object at 0x7185723189d0>
2026-05-13 18:22:03,802 [DEBUG] yandextank.plugins.Console.plugin plugin.py:73	Writing console view to STDOUT
2026-05-13 18:22:03,803 [DEBUG] yandextank.core.tankcore tankcore.py:286	Polling <yandextank.plugins.ResourceCheck.plugin.Plugin object at 0x718572318890>
2026-05-13 18:22:03,803 [DEBUG] yandextank.common.interfaces plugin.py:44	Checking tank resources...
2026-05-13 18:22:03,803 [DEBUG] yandextank.core.tankcore tankcore.py:286	Polling <yandextank.plugins.JsonReport.plugin.Plugin object at 0x71857263ba50>
2026-05-13 18:22:03,803 [DEBUG] yandextank.core.tankcore tankcore.py:292	Polling took 0.0241150856018
2026-05-13 18:22:03,803 [DEBUG] yandextank.core.tankcore tankcore.py:293	Tank status: {"core": {"stage": "shoot"}, "stepper": {"progress": 100, "loop_count": 349, "speed": "40 Krps"}, "Plugin": {"eta": 17}}
2026-05-13 18:22:03,979 [DEBUG] yandextank.plugins.Phantom.reader reader.py:62	Chunk decode time: 5.56ms
2026-05-13 18:22:03,990 [DEBUG] yandextank.aggregator.aggregator aggregator.py:157	Aggregation time: 5.12ms
2026-05-13 18:22:04,279 [DEBUG] yandextank.aggregator.tank_aggregator tank_aggregator.py:87	Data timestamps: [1778696520]
2026-05-13 18:22:04,279 [DEBUG] yandextank.aggregator.tank_aggregator tank_aggregator.py:88	Stats timestamps: [1778696522]
2026-05-13 18:22:04,279 [DEBUG] yandextank.plugins.Autostop.criterions criterions.py:95	HTTP codes matching mask 5xx: 0.0/0.1
2026-05-13 18:22:04,281 [DEBUG] yandextank.plugins.Phantom.plugin plugin.py:193	Processed ammo count: 551/
2026-05-13 18:22:04,281 [DEBUG] yandextank.core.tankcore tankcore.py:286	Polling <yandextank.plugins.Phantom.plugin.Plugin object at 0x718572318290>
2026-05-13 18:22:04,281 [DEBUG] yandextank.common.interfaces interfaces.py:101	Publishing status: Plugin/eta: 16
2026-05-13 18:22:04,281 [DEBUG] yandextank.core.tankcore tankcore.py:286	Polling <yandextank.plugins.Autostop.plugin.Plugin object at 0x718572318990>
2026-05-13 18:22:04,281 [DEBUG] yandextank.core.tankcore tankcore.py:286	Polling <yandextank.plugins.ShellExec.plugin.Plugin object at 0x718572318110>
2026-05-13 18:22:04,281 [DEBUG] yandextank.core.tankcore tankcore.py:286	Polling <yandextank.plugins.Console.plugin.Plugin object at 0x7185723185d0>
2026-05-13 18:22:04,281 [DEBUG] yandextank.plugins.Console.screen screen.py:389	Terminal size: 120x30
2026-05-13 18:22:04,281 [DEBUG] yandextank.plugins.Console.screen screen.py:401	Left/right panels width: 78/37
2026-05-13 18:22:04,281 [DEBUG] yandextank.plugins.Console.screen screen.py:406	There are 3 info widgets
2026-05-13 18:22:04,281 [DEBUG] yandextank.plugins.Console.screen screen.py:410	Rendering info widget #0: <yandextank.plugins.Phantom.widget.PhantomProgressBarWidget object at 0x7185722b9150>
2026-05-13 18:22:04,282 [DEBUG] yandextank.plugins.Console.screen screen.py:410	Rendering info widget #2: <yandextank.plugins.Phantom.widget.PhantomInfoWidget object at 0x7185722b9190>
2026-05-13 18:22:04,282 [DEBUG] yandextank.plugins.Console.screen screen.py:410	Rendering info widget #25: <yandextank.plugins.Autostop.plugin.AutostopWidget object at 0x7185722b9290>
2026-05-13 18:22:04,282 [DEBUG] yandextank.plugins.Console.screen screen.py:367	Rendering left blocks
2026-05-13 18:22:04,305 [DEBUG] yandextank.plugins.Console.screen screen.py:418	Composing final screen output
2026-05-13 18:22:04,305 [DEBUG] yandextank.core.tankcore tankcore.py:286	Polling <yandextank.plugins.RCAssert.plugin.Plugin object at 0x7185723189d0>
2026-05-13 18:22:04,305 [DEBUG] yandextank.plugins.Console.plugin plugin.py:73	Writing console view to STDOUT
2026-05-13 18:22:04,305 [DEBUG] yandextank.core.tankcore tankcore.py:286	Polling <yandextank.plugins.ResourceCheck.plugin.Plugin object at 0x718572318890>
2026-05-13 18:22:04,306 [DEBUG] yandextank.common.interfaces plugin.py:44	Checking tank resources...
2026-05-13 18:22:04,306 [DEBUG] yandextank.core.tankcore tankcore.py:286	Polling <yandextank.plugins.JsonReport.plugin.Plugin object at 0x71857263ba50>
2026-05-13 18:22:04,306 [DEBUG] yandextank.core.tankcore tankcore.py:292	Polling took 0.0265870094299
2026-05-13 18:22:04,306 [DEBUG] yandextank.core.tankcore tankcore.py:293	Tank status: {"core": {"stage": "shoot"}, "stepper": {"progress": 100, "loop_count": 349, "speed": "40 Krps"}, "Plugin": {"eta": 16}}
2026-05-13 18:22:04,780 [DEBUG] yandextank.aggregator.tank_aggregator tank_aggregator.py:87	Data timestamps: []
2026-05-13 18:22:04,780 [DEBUG] yandextank.aggregator.tank_aggregator tank_aggregator.py:88	Stats timestamps: []
2026-05-13 18:22:04,780 [DEBUG] yandextank.core.tankcore tankcore.py:286	Polling <yandextank.plugins.Phantom.plugin.Plugin object at 0x718572318290>
2026-05-13 18:22:04,780 [DEBUG] yandextank.common.interfaces interfaces.py:101	Publishing status: Plugin/eta: 16
2026-05-13 18:22:04,780 [DEBUG] yandextank.core.tankcore tankcore.py:286	Polling <yandextank.plugins.Autostop.plugin.Plugin object at 0x718572318990>
2026-05-13 18:22:04,780 [DEBUG] yandextank.core.tankcore tankcore.py:286	Polling <yandextank.plugins.ShellExec.plugin.Plugin object at 0x718572318110>
2026-05-13 18:22:04,780 [DEBUG] yandextank.core.tankcore tankcore.py:286	Polling <yandextank.plugins.Console.plugin.Plugin object at 0x7185723185d0>
2026-05-13 18:22:04,780 [DEBUG] yandextank.plugins.Console.screen screen.py:389	Terminal size: 120x30
2026-05-13 18:22:04,781 [DEBUG] yandextank.plugins.Console.screen screen.py:401	Left/right panels width: 78/37
2026-05-13 18:22:04,781 [DEBUG] yandextank.plugins.Console.screen screen.py:406	There are 3 info widgets
2026-05-13 18:22:04,781 [DEBUG] yandextank.plugins.Console.screen screen.py:410	Rendering info widget #0: <yandextank.plugins.Phantom.widget.PhantomProgressBarWidget object at 0x7185722b9150>
2026-05-13 18:22:04,781 [DEBUG] yandextank.plugins.Console.screen screen.py:410	Rendering info widget #2: <yandextank.plugins.Phantom.widget.PhantomInfoWidget object at 0x7185722b9190>
2026-05-13 18:22:04,781 [DEBUG] yandextank.plugins.Console.screen screen.py:410	Rendering info widget #25: <yandextank.plugins.Autostop.plugin.AutostopWidget object at 0x7185722b9290>
2026-05-13 18:22:04,781 [DEBUG] yandextank.plugins.Console.screen screen.py:367	Rendering left blocks
2026-05-13 18:22:04,803 [DEBUG] yandextank.plugins.Console.screen screen.py:418	Composing final screen output
2026-05-13 18:22:04,804 [DEBUG] yandextank.core.tankcore tankcore.py:286	Polling <yandextank.plugins.RCAssert.plugin.Plugin object at 0x7185723189d0>
2026-05-13 18:22:04,804 [DEBUG] yandextank.plugins.Console.plugin plugin.py:73	Writing console view to STDOUT
2026-05-13 18:22:04,804 [DEBUG] yandextank.core.tankcore tankcore.py:286	Polling <yandextank.plugins.ResourceCheck.plugin.Plugin object at 0x718572318890>
2026-05-13 18:22:04,804 [DEBUG] yandextank.common.interfaces plugin.py:44	Checking tank resources...
2026-05-13 18:22:04,804 [DEBUG] yandextank.core.tankcore tankcore.py:286	Polling <yandextank.plugins.JsonReport.plugin.Plugin object at 0x71857263ba50>
2026-05-13 18:22:04,804 [DEBUG] yandextank.core.tankcore tankcore.py:292	Polling took 0.0242409706116
2026-05-13 18:22:04,804 [DEBUG] yandextank.core.tankcore tankcore.py:293	Tank status: {"core": {"stage": "shoot"}, "stepper": {"progress": 100, "loop_count": 349, "speed": "40 Krps"}, "Plugin": {"eta": 16}}
2026-05-13 18:22:04,996 [DEBUG] yandextank.plugins.Phantom.reader reader.py:62	Chunk decode time: 5.46ms
2026-05-13 18:22:05,007 [DEBUG] yandextank.aggregator.aggregator aggregator.py:157	Aggregation time: 5.06ms
2026-05-13 18:22:05,280 [DEBUG] yandextank.aggregator.tank_aggregator tank_aggregator.py:87	Data timestamps: [1778696521]
2026-05-13 18:22:05,281 [DEBUG] yandextank.aggregator.tank_aggregator tank_aggregator.py:88	Stats timestamps: [1778696523]
2026-05-13 18:22:05,281 [DEBUG] yandextank.plugins.Autostop.criterions criterions.py:95	HTTP codes matching mask 5xx: 0.0/0.1
2026-05-13 18:22:05,282 [DEBUG] yandextank.plugins.Phantom.plugin plugin.py:193	Processed ammo count: 573/
2026-05-13 18:22:05,282 [DEBUG] yandextank.core.tankcore tankcore.py:286	Polling <yandextank.plugins.Phantom.plugin.Plugin object at 0x718572318290>
2026-05-13 18:22:05,282 [DEBUG] yandextank.common.interfaces interfaces.py:101	Publishing status: Plugin/eta: 15
2026-05-13 18:22:05,282 [DEBUG] yandextank.core.tankcore tankcore.py:286	Polling <yandextank.plugins.Autostop.plugin.Plugin object at 0x718572318990>
2026-05-13 18:22:05,282 [DEBUG] yandextank.core.tankcore tankcore.py:286	Polling <yandextank.plugins.ShellExec.plugin.Plugin object at 0x718572318110>
2026-05-13 18:22:05,282 [DEBUG] yandextank.core.tankcore tankcore.py:286	Polling <yandextank.plugins.Console.plugin.Plugin object at 0x7185723185d0>
2026-05-13 18:22:05,283 [DEBUG] yandextank.plugins.Console.screen screen.py:389	Terminal size: 120x30
2026-05-13 18:22:05,283 [DEBUG] yandextank.plugins.Console.screen screen.py:401	Left/right panels width: 78/37
2026-05-13 18:22:05,283 [DEBUG] yandextank.plugins.Console.screen screen.py:406	There are 3 info widgets
2026-05-13 18:22:05,283 [DEBUG] yandextank.plugins.Console.screen screen.py:410	Rendering info widget #0: <yandextank.plugins.Phantom.widget.PhantomProgressBarWidget object at 0x7185722b9150>
2026-05-13 18:22:05,283 [DEBUG] yandextank.plugins.Console.screen screen.py:410	Rendering info widget #2: <yandextank.plugins.Phantom.widget.PhantomInfoWidget object at 0x7185722b9190>
2026-05-13 18:22:05,283 [DEBUG] yandextank.plugins.Console.screen screen.py:410	Rendering info widget #25: <yandextank.plugins.Autostop.plugin.AutostopWidget object at 0x7185722b9290>
2026-05-13 18:22:05,283 [DEBUG] yandextank.plugins.Console.screen screen.py:367	Rendering left blocks
2026-05-13 18:22:05,306 [DEBUG] yandextank.plugins.Console.screen screen.py:418	Composing final screen output
2026-05-13 18:22:05,307 [DEBUG] yandextank.core.tankcore tankcore.py:286	Polling <yandextank.plugins.RCAssert.plugin.Plugin object at 0x7185723189d0>
2026-05-13 18:22:05,307 [DEBUG] yandextank.core.tankcore tankcore.py:286	Polling <yandextank.plugins.ResourceCheck.plugin.Plugin object at 0x718572318890>
2026-05-13 18:22:05,307 [DEBUG] yandextank.plugins.Console.plugin plugin.py:73	Writing console view to STDOUT
2026-05-13 18:22:05,307 [DEBUG] yandextank.common.interfaces plugin.py:44	Checking tank resources...
2026-05-13 18:22:05,307 [DEBUG] yandextank.core.tankcore tankcore.py:286	Polling <yandextank.plugins.JsonReport.plugin.Plugin object at 0x71857263ba50>
2026-05-13 18:22:05,307 [DEBUG] yandextank.core.tankcore tankcore.py:292	Polling took 0.0267951488495
2026-05-13 18:22:05,307 [DEBUG] yandextank.core.tankcore tankcore.py:293	Tank status: {"core": {"stage": "shoot"}, "stepper": {"progress": 100, "loop_count": 349, "speed": "40 Krps"}, "Plugin": {"eta": 15}}
2026-05-13 18:22:05,781 [DEBUG] yandextank.aggregator.tank_aggregator tank_aggregator.py:87	Data timestamps: []
2026-05-13 18:22:05,781 [DEBUG] yandextank.aggregator.tank_aggregator tank_aggregator.py:88	Stats timestamps: []
2026-05-13 18:22:05,781 [DEBUG] yandextank.core.tankcore tankcore.py:286	Polling <yandextank.plugins.Phantom.plugin.Plugin object at 0x718572318290>
2026-05-13 18:22:05,781 [DEBUG] yandextank.common.interfaces interfaces.py:101	Publishing status: Plugin/eta: 15
2026-05-13 18:22:05,781 [DEBUG] yandextank.core.tankcore tankcore.py:286	Polling <yandextank.plugins.Autostop.plugin.Plugin object at 0x718572318990>
2026-05-13 18:22:05,781 [DEBUG] yandextank.core.tankcore tankcore.py:286	Polling <yandextank.plugins.ShellExec.plugin.Plugin object at 0x718572318110>
2026-05-13 18:22:05,782 [DEBUG] yandextank.core.tankcore tankcore.py:286	Polling <yandextank.plugins.Console.plugin.Plugin object at 0x7185723185d0>
2026-05-13 18:22:05,782 [DEBUG] yandextank.plugins.Console.screen screen.py:389	Terminal size: 120x30
2026-05-13 18:22:05,782 [DEBUG] yandextank.plugins.Console.screen screen.py:401	Left/right panels width: 78/37
2026-05-13 18:22:05,782 [DEBUG] yandextank.plugins.Console.screen screen.py:406	There are 3 info widgets
2026-05-13 18:22:05,782 [DEBUG] yandextank.plugins.Console.screen screen.py:410	Rendering info widget #0: <yandextank.plugins.Phantom.widget.PhantomProgressBarWidget object at 0x7185722b9150>
2026-05-13 18:22:05,782 [DEBUG] yandextank.plugins.Console.screen screen.py:410	Rendering info widget #2: <yandextank.plugins.Phantom.widget.PhantomInfoWidget object at 0x7185722b9190>
2026-05-13 18:22:05,782 [DEBUG] yandextank.plugins.Console.screen screen.py:410	Rendering info widget #25: <yandextank.plugins.Autostop.plugin.AutostopWidget object at 0x7185722b9290>
2026-05-13 18:22:05,782 [DEBUG] yandextank.plugins.Console.screen screen.py:367	Rendering left blocks
2026-05-13 18:22:05,806 [DEBUG] yandextank.plugins.Console.screen screen.py:418	Composing final screen output
2026-05-13 18:22:05,807 [DEBUG] yandextank.core.tankcore tankcore.py:286	Polling <yandextank.plugins.RCAssert.plugin.Plugin object at 0x7185723189d0>
2026-05-13 18:22:05,807 [DEBUG] yandextank.plugins.Console.plugin plugin.py:73	Writing console view to STDOUT
2026-05-13 18:22:05,807 [DEBUG] yandextank.core.tankcore tankcore.py:286	Polling <yandextank.plugins.ResourceCheck.plugin.Plugin object at 0x718572318890>
2026-05-13 18:22:05,807 [DEBUG] yandextank.common.interfaces plugin.py:44	Checking tank resources...
2026-05-13 18:22:05,807 [DEBUG] yandextank.core.tankcore tankcore.py:286	Polling <yandextank.plugins.JsonReport.plugin.Plugin object at 0x71857263ba50>
2026-05-13 18:22:05,807 [DEBUG] yandextank.core.tankcore tankcore.py:292	Polling took 0.0259971618652
2026-05-13 18:22:05,807 [DEBUG] yandextank.core.tankcore tankcore.py:293	Tank status: {"core": {"stage": "shoot"}, "stepper": {"progress": 100, "loop_count": 349, "speed": "40 Krps"}, "Plugin": {"eta": 15}}
2026-05-13 18:22:06,014 [DEBUG] yandextank.plugins.Phantom.reader reader.py:62	Chunk decode time: 5.38ms
2026-05-13 18:22:06,022 [DEBUG] yandextank.aggregator.aggregator aggregator.py:157	Aggregation time: 4.98ms
2026-05-13 18:22:06,282 [DEBUG] yandextank.aggregator.tank_aggregator tank_aggregator.py:87	Data timestamps: [1778696522]
2026-05-13 18:22:06,282 [DEBUG] yandextank.aggregator.tank_aggregator tank_aggregator.py:88	Stats timestamps: [1778696524]
2026-05-13 18:22:06,282 [DEBUG] yandextank.plugins.Autostop.criterions criterions.py:95	HTTP codes matching mask 5xx: 0.0/0.1
2026-05-13 18:22:06,283 [DEBUG] yandextank.plugins.Phantom.plugin plugin.py:193	Processed ammo count: 596/
2026-05-13 18:22:06,283 [DEBUG] yandextank.core.tankcore tankcore.py:286	Polling <yandextank.plugins.Phantom.plugin.Plugin object at 0x718572318290>
2026-05-13 18:22:06,283 [DEBUG] yandextank.common.interfaces interfaces.py:101	Publishing status: Plugin/eta: 14
2026-05-13 18:22:06,283 [DEBUG] yandextank.core.tankcore tankcore.py:286	Polling <yandextank.plugins.Autostop.plugin.Plugin object at 0x718572318990>
2026-05-13 18:22:06,283 [DEBUG] yandextank.core.tankcore tankcore.py:286	Polling <yandextank.plugins.ShellExec.plugin.Plugin object at 0x718572318110>
2026-05-13 18:22:06,284 [DEBUG] yandextank.core.tankcore tankcore.py:286	Polling <yandextank.plugins.Console.plugin.Plugin object at 0x7185723185d0>
2026-05-13 18:22:06,284 [DEBUG] yandextank.plugins.Console.screen screen.py:389	Terminal size: 120x30
2026-05-13 18:22:06,284 [DEBUG] yandextank.plugins.Console.screen screen.py:401	Left/right panels width: 78/37
2026-05-13 18:22:06,284 [DEBUG] yandextank.plugins.Console.screen screen.py:406	There are 3 info widgets
2026-05-13 18:22:06,284 [DEBUG] yandextank.plugins.Console.screen screen.py:410	Rendering info widget #0: <yandextank.plugins.Phantom.widget.PhantomProgressBarWidget object at 0x7185722b9150>
2026-05-13 18:22:06,284 [DEBUG] yandextank.plugins.Console.screen screen.py:410	Rendering info widget #2: <yandextank.plugins.Phantom.widget.PhantomInfoWidget object at 0x7185722b9190>
2026-05-13 18:22:06,284 [DEBUG] yandextank.plugins.Console.screen screen.py:410	Rendering info widget #25: <yandextank.plugins.Autostop.plugin.AutostopWidget object at 0x7185722b9290>
2026-05-13 18:22:06,284 [DEBUG] yandextank.plugins.Console.screen screen.py:367	Rendering left blocks
2026-05-13 18:22:06,308 [DEBUG] yandextank.plugins.Console.screen screen.py:418	Composing final screen output
2026-05-13 18:22:06,308 [DEBUG] yandextank.core.tankcore tankcore.py:286	Polling <yandextank.plugins.RCAssert.plugin.Plugin object at 0x7185723189d0>
2026-05-13 18:22:06,308 [DEBUG] yandextank.plugins.Console.plugin plugin.py:73	Writing console view to STDOUT
2026-05-13 18:22:06,308 [DEBUG] yandextank.core.tankcore tankcore.py:286	Polling <yandextank.plugins.ResourceCheck.plugin.Plugin object at 0x718572318890>
2026-05-13 18:22:06,308 [DEBUG] yandextank.common.interfaces plugin.py:44	Checking tank resources...
2026-05-13 18:22:06,308 [DEBUG] yandextank.core.tankcore tankcore.py:286	Polling <yandextank.plugins.JsonReport.plugin.Plugin object at 0x71857263ba50>
2026-05-13 18:22:06,308 [DEBUG] yandextank.core.tankcore tankcore.py:292	Polling took 0.0268058776855
2026-05-13 18:22:06,308 [DEBUG] yandextank.core.tankcore tankcore.py:293	Tank status: {"core": {"stage": "shoot"}, "stepper": {"progress": 100, "loop_count": 349, "speed": "40 Krps"}, "Plugin": {"eta": 14}}
2026-05-13 18:22:06,782 [DEBUG] yandextank.aggregator.tank_aggregator tank_aggregator.py:87	Data timestamps: []
2026-05-13 18:22:06,782 [DEBUG] yandextank.aggregator.tank_aggregator tank_aggregator.py:88	Stats timestamps: []
2026-05-13 18:22:06,782 [DEBUG] yandextank.core.tankcore tankcore.py:286	Polling <yandextank.plugins.Phantom.plugin.Plugin object at 0x718572318290>
2026-05-13 18:22:06,783 [DEBUG] yandextank.common.interfaces interfaces.py:101	Publishing status: Plugin/eta: 14
2026-05-13 18:22:06,783 [DEBUG] yandextank.core.tankcore tankcore.py:286	Polling <yandextank.plugins.Autostop.plugin.Plugin object at 0x718572318990>
2026-05-13 18:22:06,783 [DEBUG] yandextank.core.tankcore tankcore.py:286	Polling <yandextank.plugins.ShellExec.plugin.Plugin object at 0x718572318110>
2026-05-13 18:22:06,783 [DEBUG] yandextank.core.tankcore tankcore.py:286	Polling <yandextank.plugins.Console.plugin.Plugin object at 0x7185723185d0>
2026-05-13 18:22:06,783 [DEBUG] yandextank.plugins.Console.screen screen.py:389	Terminal size: 120x30
2026-05-13 18:22:06,783 [DEBUG] yandextank.plugins.Console.screen screen.py:401	Left/right panels width: 78/37
2026-05-13 18:22:06,783 [DEBUG] yandextank.plugins.Console.screen screen.py:406	There are 3 info widgets
2026-05-13 18:22:06,783 [DEBUG] yandextank.plugins.Console.screen screen.py:410	Rendering info widget #0: <yandextank.plugins.Phantom.widget.PhantomProgressBarWidget object at 0x7185722b9150>
2026-05-13 18:22:06,783 [DEBUG] yandextank.plugins.Console.screen screen.py:410	Rendering info widget #2: <yandextank.plugins.Phantom.widget.PhantomInfoWidget object at 0x7185722b9190>
2026-05-13 18:22:06,783 [DEBUG] yandextank.plugins.Console.screen screen.py:410	Rendering info widget #25: <yandextank.plugins.Autostop.plugin.AutostopWidget object at 0x7185722b9290>
2026-05-13 18:22:06,783 [DEBUG] yandextank.plugins.Console.screen screen.py:367	Rendering left blocks
2026-05-13 18:22:06,834 [DEBUG] yandextank.plugins.Console.screen screen.py:418	Composing final screen output
2026-05-13 18:22:06,834 [DEBUG] yandextank.core.tankcore tankcore.py:286	Polling <yandextank.plugins.RCAssert.plugin.Plugin object at 0x7185723189d0>
2026-05-13 18:22:06,835 [DEBUG] yandextank.plugins.Console.plugin plugin.py:73	Writing console view to STDOUT
2026-05-13 18:22:06,835 [DEBUG] yandextank.core.tankcore tankcore.py:286	Polling <yandextank.plugins.ResourceCheck.plugin.Plugin object at 0x718572318890>
2026-05-13 18:22:06,835 [DEBUG] yandextank.common.interfaces plugin.py:44	Checking tank resources...
2026-05-13 18:22:06,835 [DEBUG] yandextank.core.tankcore tankcore.py:286	Polling <yandextank.plugins.JsonReport.plugin.Plugin object at 0x71857263ba50>
2026-05-13 18:22:06,835 [DEBUG] yandextank.core.tankcore tankcore.py:292	Polling took 0.0527949333191
2026-05-13 18:22:06,835 [DEBUG] yandextank.core.tankcore tankcore.py:293	Tank status: {"core": {"stage": "shoot"}, "stepper": {"progress": 100, "loop_count": 349, "speed": "40 Krps"}, "Plugin": {"eta": 14}}
2026-05-13 18:22:07,029 [DEBUG] yandextank.plugins.Phantom.reader reader.py:62	Chunk decode time: 5.86ms
2026-05-13 18:22:07,038 [DEBUG] yandextank.aggregator.aggregator aggregator.py:157	Aggregation time: 5.04ms
2026-05-13 18:22:07,045 [DEBUG] yandextank.aggregator.aggregator aggregator.py:157	Aggregation time: 4.91ms
2026-05-13 18:22:07,283 [DEBUG] yandextank.aggregator.tank_aggregator tank_aggregator.py:87	Data timestamps: [1778696523, 1778696524]
2026-05-13 18:22:07,283 [DEBUG] yandextank.aggregator.tank_aggregator tank_aggregator.py:88	Stats timestamps: [1778696525]
2026-05-13 18:22:07,283 [DEBUG] yandextank.plugins.Autostop.criterions criterions.py:95	HTTP codes matching mask 5xx: 0.0/0.1
2026-05-13 18:22:07,284 [DEBUG] yandextank.plugins.Phantom.plugin plugin.py:193	Processed ammo count: 619/
2026-05-13 18:22:07,284 [DEBUG] yandextank.plugins.Autostop.criterions criterions.py:95	HTTP codes matching mask 5xx: 0.0/0.1
2026-05-13 18:22:07,286 [DEBUG] yandextank.plugins.Phantom.plugin plugin.py:193	Processed ammo count: 642/
2026-05-13 18:22:07,286 [DEBUG] yandextank.core.tankcore tankcore.py:286	Polling <yandextank.plugins.Phantom.plugin.Plugin object at 0x718572318290>
2026-05-13 18:22:07,286 [DEBUG] yandextank.common.interfaces interfaces.py:101	Publishing status: Plugin/eta: 13
2026-05-13 18:22:07,286 [DEBUG] yandextank.core.tankcore tankcore.py:286	Polling <yandextank.plugins.Autostop.plugin.Plugin object at 0x718572318990>
2026-05-13 18:22:07,286 [DEBUG] yandextank.core.tankcore tankcore.py:286	Polling <yandextank.plugins.ShellExec.plugin.Plugin object at 0x718572318110>
2026-05-13 18:22:07,286 [DEBUG] yandextank.core.tankcore tankcore.py:286	Polling <yandextank.plugins.Console.plugin.Plugin object at 0x7185723185d0>
2026-05-13 18:22:07,286 [DEBUG] yandextank.plugins.Console.screen screen.py:389	Terminal size: 120x30
2026-05-13 18:22:07,286 [DEBUG] yandextank.plugins.Console.screen screen.py:401	Left/right panels width: 78/37
2026-05-13 18:22:07,286 [DEBUG] yandextank.plugins.Console.screen screen.py:406	There are 3 info widgets
2026-05-13 18:22:07,286 [DEBUG] yandextank.plugins.Console.screen screen.py:410	Rendering info widget #0: <yandextank.plugins.Phantom.widget.PhantomProgressBarWidget object at 0x7185722b9150>
2026-05-13 18:22:07,286 [DEBUG] yandextank.plugins.Console.screen screen.py:410	Rendering info widget #2: <yandextank.plugins.Phantom.widget.PhantomInfoWidget object at 0x7185722b9190>
2026-05-13 18:22:07,286 [DEBUG] yandextank.plugins.Console.screen screen.py:410	Rendering info widget #25: <yandextank.plugins.Autostop.plugin.AutostopWidget object at 0x7185722b9290>
2026-05-13 18:22:07,286 [DEBUG] yandextank.plugins.Console.screen screen.py:367	Rendering left blocks
2026-05-13 18:22:07,312 [DEBUG] yandextank.plugins.Console.screen screen.py:418	Composing final screen output
2026-05-13 18:22:07,312 [DEBUG] yandextank.core.tankcore tankcore.py:286	Polling <yandextank.plugins.RCAssert.plugin.Plugin object at 0x7185723189d0>
2026-05-13 18:22:07,312 [DEBUG] yandextank.plugins.Console.plugin plugin.py:73	Writing console view to STDOUT
2026-05-13 18:22:07,312 [DEBUG] yandextank.core.tankcore tankcore.py:286	Polling <yandextank.plugins.ResourceCheck.plugin.Plugin object at 0x718572318890>
2026-05-13 18:22:07,312 [DEBUG] yandextank.common.interfaces plugin.py:44	Checking tank resources...
2026-05-13 18:22:07,312 [DEBUG] yandextank.core.tankcore tankcore.py:286	Polling <yandextank.plugins.JsonReport.plugin.Plugin object at 0x71857263ba50>
2026-05-13 18:22:07,312 [DEBUG] yandextank.core.tankcore tankcore.py:292	Polling took 0.0297901630402
2026-05-13 18:22:07,313 [DEBUG] yandextank.core.tankcore tankcore.py:293	Tank status: {"core": {"stage": "shoot"}, "stepper": {"progress": 100, "loop_count": 349, "speed": "40 Krps"}, "Plugin": {"eta": 13}}
2026-05-13 18:22:07,783 [DEBUG] yandextank.aggregator.tank_aggregator tank_aggregator.py:87	Data timestamps: []
2026-05-13 18:22:07,784 [DEBUG] yandextank.aggregator.tank_aggregator tank_aggregator.py:88	Stats timestamps: []
2026-05-13 18:22:07,784 [DEBUG] yandextank.core.tankcore tankcore.py:286	Polling <yandextank.plugins.Phantom.plugin.Plugin object at 0x718572318290>
2026-05-13 18:22:07,784 [DEBUG] yandextank.common.interfaces interfaces.py:101	Publishing status: Plugin/eta: 13
2026-05-13 18:22:07,784 [DEBUG] yandextank.core.tankcore tankcore.py:286	Polling <yandextank.plugins.Autostop.plugin.Plugin object at 0x718572318990>
2026-05-13 18:22:07,784 [DEBUG] yandextank.core.tankcore tankcore.py:286	Polling <yandextank.plugins.ShellExec.plugin.Plugin object at 0x718572318110>
2026-05-13 18:22:07,784 [DEBUG] yandextank.core.tankcore tankcore.py:286	Polling <yandextank.plugins.Console.plugin.Plugin object at 0x7185723185d0>
2026-05-13 18:22:07,784 [DEBUG] yandextank.plugins.Console.screen screen.py:389	Terminal size: 120x30
2026-05-13 18:22:07,784 [DEBUG] yandextank.plugins.Console.screen screen.py:401	Left/right panels width: 78/37
2026-05-13 18:22:07,784 [DEBUG] yandextank.plugins.Console.screen screen.py:406	There are 3 info widgets
2026-05-13 18:22:07,784 [DEBUG] yandextank.plugins.Console.screen screen.py:410	Rendering info widget #0: <yandextank.plugins.Phantom.widget.PhantomProgressBarWidget object at 0x7185722b9150>
2026-05-13 18:22:07,784 [DEBUG] yandextank.plugins.Console.screen screen.py:410	Rendering info widget #2: <yandextank.plugins.Phantom.widget.PhantomInfoWidget object at 0x7185722b9190>
2026-05-13 18:22:07,784 [DEBUG] yandextank.plugins.Console.screen screen.py:410	Rendering info widget #25: <yandextank.plugins.Autostop.plugin.AutostopWidget object at 0x7185722b9290>
2026-05-13 18:22:07,784 [DEBUG] yandextank.plugins.Console.screen screen.py:367	Rendering left blocks
2026-05-13 18:22:07,809 [DEBUG] yandextank.plugins.Console.screen screen.py:418	Composing final screen output
2026-05-13 18:22:07,809 [DEBUG] yandextank.core.tankcore tankcore.py:286	Polling <yandextank.plugins.RCAssert.plugin.Plugin object at 0x7185723189d0>
2026-05-13 18:22:07,809 [DEBUG] yandextank.plugins.Console.plugin plugin.py:73	Writing console view to STDOUT
2026-05-13 18:22:07,809 [DEBUG] yandextank.core.tankcore tankcore.py:286	Polling <yandextank.plugins.ResourceCheck.plugin.Plugin object at 0x718572318890>
2026-05-13 18:22:07,809 [DEBUG] yandextank.common.interfaces plugin.py:44	Checking tank resources...
2026-05-13 18:22:07,809 [DEBUG] yandextank.core.tankcore tankcore.py:286	Polling <yandextank.plugins.JsonReport.plugin.Plugin object at 0x71857263ba50>
2026-05-13 18:22:07,809 [DEBUG] yandextank.core.tankcore tankcore.py:292	Polling took 0.0261328220367
2026-05-13 18:22:07,810 [DEBUG] yandextank.core.tankcore tankcore.py:293	Tank status: {"core": {"stage": "shoot"}, "stepper": {"progress": 100, "loop_count": 349, "speed": "40 Krps"}, "Plugin": {"eta": 13}}
2026-05-13 18:22:08,051 [DEBUG] yandextank.plugins.Phantom.reader reader.py:62	Chunk decode time: 5.41ms
2026-05-13 18:22:08,062 [DEBUG] yandextank.aggregator.aggregator aggregator.py:157	Aggregation time: 5.60ms
2026-05-13 18:22:08,284 [DEBUG] yandextank.aggregator.tank_aggregator tank_aggregator.py:87	Data timestamps: [1778696525]
2026-05-13 18:22:08,284 [DEBUG] yandextank.aggregator.tank_aggregator tank_aggregator.py:88	Stats timestamps: [1778696526]
2026-05-13 18:22:08,284 [DEBUG] yandextank.plugins.Autostop.criterions criterions.py:95	HTTP codes matching mask 5xx: 0.0/0.1
2026-05-13 18:22:08,286 [DEBUG] yandextank.plugins.Phantom.plugin plugin.py:193	Processed ammo count: 666/
2026-05-13 18:22:08,286 [DEBUG] yandextank.core.tankcore tankcore.py:286	Polling <yandextank.plugins.Phantom.plugin.Plugin object at 0x718572318290>
2026-05-13 18:22:08,286 [DEBUG] yandextank.common.interfaces interfaces.py:101	Publishing status: Plugin/eta: 12
2026-05-13 18:22:08,286 [DEBUG] yandextank.core.tankcore tankcore.py:286	Polling <yandextank.plugins.Autostop.plugin.Plugin object at 0x718572318990>
2026-05-13 18:22:08,286 [DEBUG] yandextank.core.tankcore tankcore.py:286	Polling <yandextank.plugins.ShellExec.plugin.Plugin object at 0x718572318110>
2026-05-13 18:22:08,286 [DEBUG] yandextank.core.tankcore tankcore.py:286	Polling <yandextank.plugins.Console.plugin.Plugin object at 0x7185723185d0>
2026-05-13 18:22:08,286 [DEBUG] yandextank.plugins.Console.screen screen.py:389	Terminal size: 120x30
2026-05-13 18:22:08,286 [DEBUG] yandextank.plugins.Console.screen screen.py:401	Left/right panels width: 78/37
2026-05-13 18:22:08,286 [DEBUG] yandextank.plugins.Console.screen screen.py:406	There are 3 info widgets
2026-05-13 18:22:08,286 [DEBUG] yandextank.plugins.Console.screen screen.py:410	Rendering info widget #0: <yandextank.plugins.Phantom.widget.PhantomProgressBarWidget object at 0x7185722b9150>
2026-05-13 18:22:08,286 [DEBUG] yandextank.plugins.Console.screen screen.py:410	Rendering info widget #2: <yandextank.plugins.Phantom.widget.PhantomInfoWidget object at 0x7185722b9190>
2026-05-13 18:22:08,286 [DEBUG] yandextank.plugins.Console.screen screen.py:410	Rendering info widget #25: <yandextank.plugins.Autostop.plugin.AutostopWidget object at 0x7185722b9290>
2026-05-13 18:22:08,286 [DEBUG] yandextank.plugins.Console.screen screen.py:367	Rendering left blocks
2026-05-13 18:22:08,312 [DEBUG] yandextank.plugins.Console.screen screen.py:418	Composing final screen output
2026-05-13 18:22:08,312 [DEBUG] yandextank.core.tankcore tankcore.py:286	Polling <yandextank.plugins.RCAssert.plugin.Plugin object at 0x7185723189d0>
2026-05-13 18:22:08,312 [DEBUG] yandextank.core.tankcore tankcore.py:286	Polling <yandextank.plugins.ResourceCheck.plugin.Plugin object at 0x718572318890>
2026-05-13 18:22:08,312 [DEBUG] yandextank.plugins.Console.plugin plugin.py:73	Writing console view to STDOUT
2026-05-13 18:22:08,313 [DEBUG] yandextank.common.interfaces plugin.py:44	Checking tank resources...
2026-05-13 18:22:08,313 [DEBUG] yandextank.core.tankcore tankcore.py:286	Polling <yandextank.plugins.JsonReport.plugin.Plugin object at 0x71857263ba50>
2026-05-13 18:22:08,313 [DEBUG] yandextank.core.tankcore tankcore.py:292	Polling took 0.0288200378418
2026-05-13 18:22:08,313 [DEBUG] yandextank.core.tankcore tankcore.py:293	Tank status: {"core": {"stage": "shoot"}, "stepper": {"progress": 100, "loop_count": 349, "speed": "40 Krps"}, "Plugin": {"eta": 12}}
2026-05-13 18:22:08,785 [DEBUG] yandextank.aggregator.tank_aggregator tank_aggregator.py:87	Data timestamps: []
2026-05-13 18:22:08,785 [DEBUG] yandextank.aggregator.tank_aggregator tank_aggregator.py:88	Stats timestamps: []
2026-05-13 18:22:08,785 [DEBUG] yandextank.core.tankcore tankcore.py:286	Polling <yandextank.plugins.Phantom.plugin.Plugin object at 0x718572318290>
2026-05-13 18:22:08,785 [DEBUG] yandextank.common.interfaces interfaces.py:101	Publishing status: Plugin/eta: 12
2026-05-13 18:22:08,785 [DEBUG] yandextank.core.tankcore tankcore.py:286	Polling <yandextank.plugins.Autostop.plugin.Plugin object at 0x718572318990>
2026-05-13 18:22:08,785 [DEBUG] yandextank.core.tankcore tankcore.py:286	Polling <yandextank.plugins.ShellExec.plugin.Plugin object at 0x718572318110>
2026-05-13 18:22:08,785 [DEBUG] yandextank.core.tankcore tankcore.py:286	Polling <yandextank.plugins.Console.plugin.Plugin object at 0x7185723185d0>
2026-05-13 18:22:08,785 [DEBUG] yandextank.plugins.Console.screen screen.py:389	Terminal size: 120x30
2026-05-13 18:22:08,785 [DEBUG] yandextank.plugins.Console.screen screen.py:401	Left/right panels width: 78/37
2026-05-13 18:22:08,785 [DEBUG] yandextank.plugins.Console.screen screen.py:406	There are 3 info widgets
2026-05-13 18:22:08,785 [DEBUG] yandextank.plugins.Console.screen screen.py:410	Rendering info widget #0: <yandextank.plugins.Phantom.widget.PhantomProgressBarWidget object at 0x7185722b9150>
2026-05-13 18:22:08,785 [DEBUG] yandextank.plugins.Console.screen screen.py:410	Rendering info widget #2: <yandextank.plugins.Phantom.widget.PhantomInfoWidget object at 0x7185722b9190>
2026-05-13 18:22:08,786 [DEBUG] yandextank.plugins.Console.screen screen.py:410	Rendering info widget #25: <yandextank.plugins.Autostop.plugin.AutostopWidget object at 0x7185722b9290>
2026-05-13 18:22:08,786 [DEBUG] yandextank.plugins.Console.screen screen.py:367	Rendering left blocks
2026-05-13 18:22:08,812 [DEBUG] yandextank.plugins.Console.screen screen.py:418	Composing final screen output
2026-05-13 18:22:08,812 [DEBUG] yandextank.core.tankcore tankcore.py:286	Polling <yandextank.plugins.RCAssert.plugin.Plugin object at 0x7185723189d0>
2026-05-13 18:22:08,812 [DEBUG] yandextank.core.tankcore tankcore.py:286	Polling <yandextank.plugins.ResourceCheck.plugin.Plugin object at 0x718572318890>
2026-05-13 18:22:08,812 [DEBUG] yandextank.plugins.Console.plugin plugin.py:73	Writing console view to STDOUT
2026-05-13 18:22:08,812 [DEBUG] yandextank.common.interfaces plugin.py:44	Checking tank resources...
2026-05-13 18:22:08,813 [DEBUG] yandextank.core.tankcore tankcore.py:286	Polling <yandextank.plugins.JsonReport.plugin.Plugin object at 0x71857263ba50>
2026-05-13 18:22:08,813 [DEBUG] yandextank.core.tankcore tankcore.py:292	Polling took 0.0278718471527
2026-05-13 18:22:08,813 [DEBUG] yandextank.core.tankcore tankcore.py:293	Tank status: {"core": {"stage": "shoot"}, "stepper": {"progress": 100, "loop_count": 349, "speed": "40 Krps"}, "Plugin": {"eta": 12}}
2026-05-13 18:22:09,068 [DEBUG] yandextank.plugins.Phantom.reader reader.py:62	Chunk decode time: 5.38ms
2026-05-13 18:22:09,078 [DEBUG] yandextank.aggregator.aggregator aggregator.py:157	Aggregation time: 5.13ms
2026-05-13 18:22:09,286 [DEBUG] yandextank.aggregator.tank_aggregator tank_aggregator.py:87	Data timestamps: [1778696526]
2026-05-13 18:22:09,286 [DEBUG] yandextank.aggregator.tank_aggregator tank_aggregator.py:88	Stats timestamps: [1778696527]
2026-05-13 18:22:09,286 [DEBUG] yandextank.plugins.Autostop.criterions criterions.py:95	HTTP codes matching mask 5xx: 0.0/0.1
2026-05-13 18:22:09,287 [DEBUG] yandextank.plugins.Phantom.plugin plugin.py:193	Processed ammo count: 690/
2026-05-13 18:22:09,287 [DEBUG] yandextank.core.tankcore tankcore.py:286	Polling <yandextank.plugins.Phantom.plugin.Plugin object at 0x718572318290>
2026-05-13 18:22:09,287 [DEBUG] yandextank.common.interfaces interfaces.py:101	Publishing status: Plugin/eta: 11
2026-05-13 18:22:09,287 [DEBUG] yandextank.core.tankcore tankcore.py:286	Polling <yandextank.plugins.Autostop.plugin.Plugin object at 0x718572318990>
2026-05-13 18:22:09,288 [DEBUG] yandextank.core.tankcore tankcore.py:286	Polling <yandextank.plugins.ShellExec.plugin.Plugin object at 0x718572318110>
2026-05-13 18:22:09,288 [DEBUG] yandextank.core.tankcore tankcore.py:286	Polling <yandextank.plugins.Console.plugin.Plugin object at 0x7185723185d0>
2026-05-13 18:22:09,288 [DEBUG] yandextank.plugins.Console.screen screen.py:389	Terminal size: 120x30
2026-05-13 18:22:09,288 [DEBUG] yandextank.plugins.Console.screen screen.py:401	Left/right panels width: 78/37
2026-05-13 18:22:09,288 [DEBUG] yandextank.plugins.Console.screen screen.py:406	There are 3 info widgets
2026-05-13 18:22:09,288 [DEBUG] yandextank.plugins.Console.screen screen.py:410	Rendering info widget #0: <yandextank.plugins.Phantom.widget.PhantomProgressBarWidget object at 0x7185722b9150>
2026-05-13 18:22:09,288 [DEBUG] yandextank.plugins.Console.screen screen.py:410	Rendering info widget #2: <yandextank.plugins.Phantom.widget.PhantomInfoWidget object at 0x7185722b9190>
2026-05-13 18:22:09,288 [DEBUG] yandextank.plugins.Console.screen screen.py:410	Rendering info widget #25: <yandextank.plugins.Autostop.plugin.AutostopWidget object at 0x7185722b9290>
2026-05-13 18:22:09,288 [DEBUG] yandextank.plugins.Console.screen screen.py:367	Rendering left blocks
2026-05-13 18:22:09,316 [DEBUG] yandextank.plugins.Console.screen screen.py:418	Composing final screen output
2026-05-13 18:22:09,316 [DEBUG] yandextank.core.tankcore tankcore.py:286	Polling <yandextank.plugins.RCAssert.plugin.Plugin object at 0x7185723189d0>
2026-05-13 18:22:09,316 [DEBUG] yandextank.plugins.Console.plugin plugin.py:73	Writing console view to STDOUT
2026-05-13 18:22:09,316 [DEBUG] yandextank.core.tankcore tankcore.py:286	Polling <yandextank.plugins.ResourceCheck.plugin.Plugin object at 0x718572318890>
2026-05-13 18:22:09,316 [DEBUG] yandextank.common.interfaces plugin.py:44	Checking tank resources...
2026-05-13 18:22:09,316 [DEBUG] yandextank.core.tankcore tankcore.py:286	Polling <yandextank.plugins.JsonReport.plugin.Plugin object at 0x71857263ba50>
2026-05-13 18:22:09,316 [DEBUG] yandextank.core.tankcore tankcore.py:292	Polling took 0.0309770107269
2026-05-13 18:22:09,317 [DEBUG] yandextank.core.tankcore tankcore.py:293	Tank status: {"core": {"stage": "shoot"}, "stepper": {"progress": 100, "loop_count": 349, "speed": "40 Krps"}, "Plugin": {"eta": 11}}
2026-05-13 18:22:09,786 [DEBUG] yandextank.aggregator.tank_aggregator tank_aggregator.py:87	Data timestamps: []
2026-05-13 18:22:09,786 [DEBUG] yandextank.aggregator.tank_aggregator tank_aggregator.py:88	Stats timestamps: []
2026-05-13 18:22:09,786 [DEBUG] yandextank.core.tankcore tankcore.py:286	Polling <yandextank.plugins.Phantom.plugin.Plugin object at 0x718572318290>
2026-05-13 18:22:09,786 [DEBUG] yandextank.common.interfaces interfaces.py:101	Publishing status: Plugin/eta: 11
2026-05-13 18:22:09,786 [DEBUG] yandextank.core.tankcore tankcore.py:286	Polling <yandextank.plugins.Autostop.plugin.Plugin object at 0x718572318990>
2026-05-13 18:22:09,786 [DEBUG] yandextank.core.tankcore tankcore.py:286	Polling <yandextank.plugins.ShellExec.plugin.Plugin object at 0x718572318110>
2026-05-13 18:22:09,786 [DEBUG] yandextank.core.tankcore tankcore.py:286	Polling <yandextank.plugins.Console.plugin.Plugin object at 0x7185723185d0>
2026-05-13 18:22:09,787 [DEBUG] yandextank.plugins.Console.screen screen.py:389	Terminal size: 120x30
2026-05-13 18:22:09,787 [DEBUG] yandextank.plugins.Console.screen screen.py:401	Left/right panels width: 78/37
2026-05-13 18:22:09,787 [DEBUG] yandextank.plugins.Console.screen screen.py:406	There are 3 info widgets
2026-05-13 18:22:09,787 [DEBUG] yandextank.plugins.Console.screen screen.py:410	Rendering info widget #0: <yandextank.plugins.Phantom.widget.PhantomProgressBarWidget object at 0x7185722b9150>
2026-05-13 18:22:09,787 [DEBUG] yandextank.plugins.Console.screen screen.py:410	Rendering info widget #2: <yandextank.plugins.Phantom.widget.PhantomInfoWidget object at 0x7185722b9190>
2026-05-13 18:22:09,787 [DEBUG] yandextank.plugins.Console.screen screen.py:410	Rendering info widget #25: <yandextank.plugins.Autostop.plugin.AutostopWidget object at 0x7185722b9290>
2026-05-13 18:22:09,787 [DEBUG] yandextank.plugins.Console.screen screen.py:367	Rendering left blocks
2026-05-13 18:22:09,813 [DEBUG] yandextank.plugins.Console.screen screen.py:418	Composing final screen output
2026-05-13 18:22:09,814 [DEBUG] yandextank.plugins.Console.plugin plugin.py:73	Writing console view to STDOUT
2026-05-13 18:22:09,814 [DEBUG] yandextank.core.tankcore tankcore.py:286	Polling <yandextank.plugins.RCAssert.plugin.Plugin object at 0x7185723189d0>
2026-05-13 18:22:09,814 [DEBUG] yandextank.core.tankcore tankcore.py:286	Polling <yandextank.plugins.ResourceCheck.plugin.Plugin object at 0x718572318890>
2026-05-13 18:22:09,814 [DEBUG] yandextank.common.interfaces plugin.py:44	Checking tank resources...
2026-05-13 18:22:09,814 [DEBUG] yandextank.core.tankcore tankcore.py:286	Polling <yandextank.plugins.JsonReport.plugin.Plugin object at 0x71857263ba50>
2026-05-13 18:22:09,814 [DEBUG] yandextank.core.tankcore tankcore.py:292	Polling took 0.0280530452728
2026-05-13 18:22:09,814 [DEBUG] yandextank.core.tankcore tankcore.py:293	Tank status: {"core": {"stage": "shoot"}, "stepper": {"progress": 100, "loop_count": 349, "speed": "40 Krps"}, "Plugin": {"eta": 11}}
2026-05-13 18:22:10,085 [DEBUG] yandextank.plugins.Phantom.reader reader.py:62	Chunk decode time: 5.39ms
2026-05-13 18:22:10,095 [DEBUG] yandextank.aggregator.aggregator aggregator.py:157	Aggregation time: 5.13ms
2026-05-13 18:22:10,287 [DEBUG] yandextank.aggregator.tank_aggregator tank_aggregator.py:87	Data timestamps: [1778696527]
2026-05-13 18:22:10,287 [DEBUG] yandextank.aggregator.tank_aggregator tank_aggregator.py:88	Stats timestamps: [1778696528]
2026-05-13 18:22:10,287 [DEBUG] yandextank.plugins.Autostop.criterions criterions.py:95	HTTP codes matching mask 5xx: 0.0/0.1
2026-05-13 18:22:10,289 [DEBUG] yandextank.plugins.Phantom.plugin plugin.py:193	Processed ammo count: 715/
2026-05-13 18:22:10,289 [DEBUG] yandextank.core.tankcore tankcore.py:286	Polling <yandextank.plugins.Phantom.plugin.Plugin object at 0x718572318290>
2026-05-13 18:22:10,289 [DEBUG] yandextank.common.interfaces interfaces.py:101	Publishing status: Plugin/eta: 10
2026-05-13 18:22:10,289 [DEBUG] yandextank.core.tankcore tankcore.py:286	Polling <yandextank.plugins.Autostop.plugin.Plugin object at 0x718572318990>
2026-05-13 18:22:10,289 [DEBUG] yandextank.core.tankcore tankcore.py:286	Polling <yandextank.plugins.ShellExec.plugin.Plugin object at 0x718572318110>
2026-05-13 18:22:10,289 [DEBUG] yandextank.core.tankcore tankcore.py:286	Polling <yandextank.plugins.Console.plugin.Plugin object at 0x7185723185d0>
2026-05-13 18:22:10,289 [DEBUG] yandextank.plugins.Console.screen screen.py:389	Terminal size: 120x30
2026-05-13 18:22:10,289 [DEBUG] yandextank.plugins.Console.screen screen.py:401	Left/right panels width: 78/37
2026-05-13 18:22:10,289 [DEBUG] yandextank.plugins.Console.screen screen.py:406	There are 3 info widgets
2026-05-13 18:22:10,289 [DEBUG] yandextank.plugins.Console.screen screen.py:410	Rendering info widget #0: <yandextank.plugins.Phantom.widget.PhantomProgressBarWidget object at 0x7185722b9150>
2026-05-13 18:22:10,289 [DEBUG] yandextank.plugins.Console.screen screen.py:410	Rendering info widget #2: <yandextank.plugins.Phantom.widget.PhantomInfoWidget object at 0x7185722b9190>
2026-05-13 18:22:10,289 [DEBUG] yandextank.plugins.Console.screen screen.py:410	Rendering info widget #25: <yandextank.plugins.Autostop.plugin.AutostopWidget object at 0x7185722b9290>
2026-05-13 18:22:10,289 [DEBUG] yandextank.plugins.Console.screen screen.py:367	Rendering left blocks
2026-05-13 18:22:10,317 [DEBUG] yandextank.plugins.Console.screen screen.py:418	Composing final screen output
2026-05-13 18:22:10,317 [DEBUG] yandextank.core.tankcore tankcore.py:286	Polling <yandextank.plugins.RCAssert.plugin.Plugin object at 0x7185723189d0>
2026-05-13 18:22:10,318 [DEBUG] yandextank.plugins.Console.plugin plugin.py:73	Writing console view to STDOUT
2026-05-13 18:22:10,318 [DEBUG] yandextank.core.tankcore tankcore.py:286	Polling <yandextank.plugins.ResourceCheck.plugin.Plugin object at 0x718572318890>
2026-05-13 18:22:10,318 [DEBUG] yandextank.common.interfaces plugin.py:44	Checking tank resources...
2026-05-13 18:22:10,318 [DEBUG] netort.process process.py:23	Starting: sh -c "df --no-sync -m -P -l -x fuse -x tmpfs -x devtmpfs -x davfs -x nfs /var/loadtest/logs | tail -n 1 | awk '{print \$4}' "
2026-05-13 18:22:10,325 [DEBUG] netort.process process.py:46	Process output:
3022

2026-05-13 18:22:10,325 [DEBUG] netort.process process.py:48	Process exit code: 0
2026-05-13 18:22:10,326 [DEBUG] root plugin.py:58	Result: (0, '3022\n', '')
2026-05-13 18:22:10,326 [DEBUG] yandextank.common.interfaces plugin.py:64	Disk free space: 3022/2048
2026-05-13 18:22:10,326 [DEBUG] yandextank.common.interfaces plugin.py:75	Memory free: 1474/512
2026-05-13 18:22:10,326 [DEBUG] yandextank.core.tankcore tankcore.py:286	Polling <yandextank.plugins.JsonReport.plugin.Plugin object at 0x71857263ba50>
2026-05-13 18:22:10,326 [DEBUG] yandextank.core.tankcore tankcore.py:292	Polling took 0.039146900177
2026-05-13 18:22:10,326 [DEBUG] yandextank.core.tankcore tankcore.py:293	Tank status: {"core": {"stage": "shoot"}, "stepper": {"progress": 100, "loop_count": 349, "speed": "40 Krps"}, "Plugin": {"eta": 10}}
2026-05-13 18:22:10,787 [DEBUG] yandextank.aggregator.tank_aggregator tank_aggregator.py:87	Data timestamps: []
2026-05-13 18:22:10,788 [DEBUG] yandextank.aggregator.tank_aggregator tank_aggregator.py:88	Stats timestamps: []
2026-05-13 18:22:10,788 [DEBUG] yandextank.core.tankcore tankcore.py:286	Polling <yandextank.plugins.Phantom.plugin.Plugin object at 0x718572318290>
2026-05-13 18:22:10,788 [DEBUG] yandextank.common.interfaces interfaces.py:101	Publishing status: Plugin/eta: 10
2026-05-13 18:22:10,788 [DEBUG] yandextank.core.tankcore tankcore.py:286	Polling <yandextank.plugins.Autostop.plugin.Plugin object at 0x718572318990>
2026-05-13 18:22:10,788 [DEBUG] yandextank.core.tankcore tankcore.py:286	Polling <yandextank.plugins.ShellExec.plugin.Plugin object at 0x718572318110>
2026-05-13 18:22:10,788 [DEBUG] yandextank.core.tankcore tankcore.py:286	Polling <yandextank.plugins.Console.plugin.Plugin object at 0x7185723185d0>
2026-05-13 18:22:10,788 [DEBUG] yandextank.plugins.Console.screen screen.py:389	Terminal size: 120x30
2026-05-13 18:22:10,788 [DEBUG] yandextank.plugins.Console.screen screen.py:401	Left/right panels width: 78/37
2026-05-13 18:22:10,788 [DEBUG] yandextank.plugins.Console.screen screen.py:406	There are 3 info widgets
2026-05-13 18:22:10,788 [DEBUG] yandextank.plugins.Console.screen screen.py:410	Rendering info widget #0: <yandextank.plugins.Phantom.widget.PhantomProgressBarWidget object at 0x7185722b9150>
2026-05-13 18:22:10,788 [DEBUG] yandextank.plugins.Console.screen screen.py:410	Rendering info widget #2: <yandextank.plugins.Phantom.widget.PhantomInfoWidget object at 0x7185722b9190>
2026-05-13 18:22:10,788 [DEBUG] yandextank.plugins.Console.screen screen.py:410	Rendering info widget #25: <yandextank.plugins.Autostop.plugin.AutostopWidget object at 0x7185722b9290>
2026-05-13 18:22:10,788 [DEBUG] yandextank.plugins.Console.screen screen.py:367	Rendering left blocks
2026-05-13 18:22:10,817 [DEBUG] yandextank.plugins.Console.screen screen.py:418	Composing final screen output
2026-05-13 18:22:10,818 [DEBUG] yandextank.core.tankcore tankcore.py:286	Polling <yandextank.plugins.RCAssert.plugin.Plugin object at 0x7185723189d0>
2026-05-13 18:22:10,818 [DEBUG] yandextank.plugins.Console.plugin plugin.py:73	Writing console view to STDOUT
2026-05-13 18:22:10,818 [DEBUG] yandextank.core.tankcore tankcore.py:286	Polling <yandextank.plugins.ResourceCheck.plugin.Plugin object at 0x718572318890>
2026-05-13 18:22:10,818 [DEBUG] yandextank.common.interfaces plugin.py:44	Checking tank resources...
2026-05-13 18:22:10,818 [DEBUG] yandextank.core.tankcore tankcore.py:286	Polling <yandextank.plugins.JsonReport.plugin.Plugin object at 0x71857263ba50>
2026-05-13 18:22:10,818 [DEBUG] yandextank.core.tankcore tankcore.py:292	Polling took 0.0307772159576
2026-05-13 18:22:10,818 [DEBUG] yandextank.core.tankcore tankcore.py:293	Tank status: {"core": {"stage": "shoot"}, "stepper": {"progress": 100, "loop_count": 349, "speed": "40 Krps"}, "Plugin": {"eta": 10}}
2026-05-13 18:22:11,102 [DEBUG] yandextank.plugins.Phantom.reader reader.py:62	Chunk decode time: 5.91ms
2026-05-13 18:22:11,114 [DEBUG] yandextank.aggregator.aggregator aggregator.py:157	Aggregation time: 5.64ms
2026-05-13 18:22:11,288 [DEBUG] yandextank.aggregator.tank_aggregator tank_aggregator.py:87	Data timestamps: [1778696528]
2026-05-13 18:22:11,288 [DEBUG] yandextank.aggregator.tank_aggregator tank_aggregator.py:88	Stats timestamps: [1778696529]
2026-05-13 18:22:11,288 [DEBUG] yandextank.plugins.Autostop.criterions criterions.py:95	HTTP codes matching mask 5xx: 0.0/0.1
2026-05-13 18:22:11,290 [DEBUG] yandextank.plugins.Phantom.plugin plugin.py:193	Processed ammo count: 740/
2026-05-13 18:22:11,290 [DEBUG] yandextank.core.tankcore tankcore.py:286	Polling <yandextank.plugins.Phantom.plugin.Plugin object at 0x718572318290>
2026-05-13 18:22:11,290 [DEBUG] yandextank.common.interfaces interfaces.py:101	Publishing status: Plugin/eta: 9
2026-05-13 18:22:11,290 [DEBUG] yandextank.core.tankcore tankcore.py:286	Polling <yandextank.plugins.Autostop.plugin.Plugin object at 0x718572318990>
2026-05-13 18:22:11,290 [DEBUG] yandextank.core.tankcore tankcore.py:286	Polling <yandextank.plugins.ShellExec.plugin.Plugin object at 0x718572318110>
2026-05-13 18:22:11,290 [DEBUG] yandextank.core.tankcore tankcore.py:286	Polling <yandextank.plugins.Console.plugin.Plugin object at 0x7185723185d0>
2026-05-13 18:22:11,290 [DEBUG] yandextank.plugins.Console.screen screen.py:389	Terminal size: 120x30
2026-05-13 18:22:11,290 [DEBUG] yandextank.plugins.Console.screen screen.py:401	Left/right panels width: 78/37
2026-05-13 18:22:11,290 [DEBUG] yandextank.plugins.Console.screen screen.py:406	There are 3 info widgets
2026-05-13 18:22:11,290 [DEBUG] yandextank.plugins.Console.screen screen.py:410	Rendering info widget #0: <yandextank.plugins.Phantom.widget.PhantomProgressBarWidget object at 0x7185722b9150>
2026-05-13 18:22:11,290 [DEBUG] yandextank.plugins.Console.screen screen.py:410	Rendering info widget #2: <yandextank.plugins.Phantom.widget.PhantomInfoWidget object at 0x7185722b9190>
2026-05-13 18:22:11,290 [DEBUG] yandextank.plugins.Console.screen screen.py:410	Rendering info widget #25: <yandextank.plugins.Autostop.plugin.AutostopWidget object at 0x7185722b9290>
2026-05-13 18:22:11,290 [DEBUG] yandextank.plugins.Console.screen screen.py:367	Rendering left blocks
2026-05-13 18:22:11,318 [DEBUG] yandextank.plugins.Console.screen screen.py:418	Composing final screen output
2026-05-13 18:22:11,319 [DEBUG] yandextank.core.tankcore tankcore.py:286	Polling <yandextank.plugins.RCAssert.plugin.Plugin object at 0x7185723189d0>
2026-05-13 18:22:11,319 [DEBUG] yandextank.plugins.Console.plugin plugin.py:73	Writing console view to STDOUT
2026-05-13 18:22:11,319 [DEBUG] yandextank.core.tankcore tankcore.py:286	Polling <yandextank.plugins.ResourceCheck.plugin.Plugin object at 0x718572318890>
2026-05-13 18:22:11,319 [DEBUG] yandextank.common.interfaces plugin.py:44	Checking tank resources...
2026-05-13 18:22:11,319 [DEBUG] yandextank.core.tankcore tankcore.py:286	Polling <yandextank.plugins.JsonReport.plugin.Plugin object at 0x71857263ba50>
2026-05-13 18:22:11,319 [DEBUG] yandextank.core.tankcore tankcore.py:292	Polling took 0.0312600135803
2026-05-13 18:22:11,320 [DEBUG] yandextank.core.tankcore tankcore.py:293	Tank status: {"core": {"stage": "shoot"}, "stepper": {"progress": 100, "loop_count": 349, "speed": "40 Krps"}, "Plugin": {"eta": 9}}
2026-05-13 18:22:11,789 [DEBUG] yandextank.aggregator.tank_aggregator tank_aggregator.py:87	Data timestamps: []
2026-05-13 18:22:11,789 [DEBUG] yandextank.aggregator.tank_aggregator tank_aggregator.py:88	Stats timestamps: []
2026-05-13 18:22:11,789 [DEBUG] yandextank.core.tankcore tankcore.py:286	Polling <yandextank.plugins.Phantom.plugin.Plugin object at 0x718572318290>
2026-05-13 18:22:11,789 [DEBUG] yandextank.common.interfaces interfaces.py:101	Publishing status: Plugin/eta: 9
2026-05-13 18:22:11,789 [DEBUG] yandextank.core.tankcore tankcore.py:286	Polling <yandextank.plugins.Autostop.plugin.Plugin object at 0x718572318990>
2026-05-13 18:22:11,789 [DEBUG] yandextank.core.tankcore tankcore.py:286	Polling <yandextank.plugins.ShellExec.plugin.Plugin object at 0x718572318110>
2026-05-13 18:22:11,789 [DEBUG] yandextank.core.tankcore tankcore.py:286	Polling <yandextank.plugins.Console.plugin.Plugin object at 0x7185723185d0>
2026-05-13 18:22:11,789 [DEBUG] yandextank.plugins.Console.screen screen.py:389	Terminal size: 120x30
2026-05-13 18:22:11,789 [DEBUG] yandextank.plugins.Console.screen screen.py:401	Left/right panels width: 78/37
2026-05-13 18:22:11,789 [DEBUG] yandextank.plugins.Console.screen screen.py:406	There are 3 info widgets
2026-05-13 18:22:11,789 [DEBUG] yandextank.plugins.Console.screen screen.py:410	Rendering info widget #0: <yandextank.plugins.Phantom.widget.PhantomProgressBarWidget object at 0x7185722b9150>
2026-05-13 18:22:11,789 [DEBUG] yandextank.plugins.Console.screen screen.py:410	Rendering info widget #2: <yandextank.plugins.Phantom.widget.PhantomInfoWidget object at 0x7185722b9190>
2026-05-13 18:22:11,789 [DEBUG] yandextank.plugins.Console.screen screen.py:410	Rendering info widget #25: <yandextank.plugins.Autostop.plugin.AutostopWidget object at 0x7185722b9290>
2026-05-13 18:22:11,789 [DEBUG] yandextank.plugins.Console.screen screen.py:367	Rendering left blocks
2026-05-13 18:22:11,818 [DEBUG] yandextank.plugins.Console.screen screen.py:418	Composing final screen output
2026-05-13 18:22:11,818 [DEBUG] yandextank.core.tankcore tankcore.py:286	Polling <yandextank.plugins.RCAssert.plugin.Plugin object at 0x7185723189d0>
2026-05-13 18:22:11,818 [DEBUG] yandextank.plugins.Console.plugin plugin.py:73	Writing console view to STDOUT
2026-05-13 18:22:11,818 [DEBUG] yandextank.core.tankcore tankcore.py:286	Polling <yandextank.plugins.ResourceCheck.plugin.Plugin object at 0x718572318890>
2026-05-13 18:22:11,818 [DEBUG] yandextank.common.interfaces plugin.py:44	Checking tank resources...
2026-05-13 18:22:11,818 [DEBUG] yandextank.core.tankcore tankcore.py:286	Polling <yandextank.plugins.JsonReport.plugin.Plugin object at 0x71857263ba50>
2026-05-13 18:22:11,819 [DEBUG] yandextank.core.tankcore tankcore.py:292	Polling took 0.0299038887024
2026-05-13 18:22:11,819 [DEBUG] yandextank.core.tankcore tankcore.py:293	Tank status: {"core": {"stage": "shoot"}, "stepper": {"progress": 100, "loop_count": 349, "speed": "40 Krps"}, "Plugin": {"eta": 9}}
2026-05-13 18:22:12,120 [DEBUG] yandextank.plugins.Phantom.reader reader.py:62	Chunk decode time: 5.39ms
2026-05-13 18:22:12,131 [DEBUG] yandextank.aggregator.aggregator aggregator.py:157	Aggregation time: 5.23ms
2026-05-13 18:22:12,289 [DEBUG] yandextank.aggregator.tank_aggregator tank_aggregator.py:87	Data timestamps: [1778696529]
2026-05-13 18:22:12,289 [DEBUG] yandextank.aggregator.tank_aggregator tank_aggregator.py:88	Stats timestamps: [1778696530]
2026-05-13 18:22:12,290 [DEBUG] yandextank.plugins.Autostop.criterions criterions.py:95	HTTP codes matching mask 5xx: 0.0/0.1
2026-05-13 18:22:12,291 [DEBUG] yandextank.plugins.Phantom.plugin plugin.py:193	Processed ammo count: 766/
2026-05-13 18:22:12,291 [DEBUG] yandextank.core.tankcore tankcore.py:286	Polling <yandextank.plugins.Phantom.plugin.Plugin object at 0x718572318290>
2026-05-13 18:22:12,291 [DEBUG] yandextank.common.interfaces interfaces.py:101	Publishing status: Plugin/eta: 8
2026-05-13 18:22:12,291 [DEBUG] yandextank.core.tankcore tankcore.py:286	Polling <yandextank.plugins.Autostop.plugin.Plugin object at 0x718572318990>
2026-05-13 18:22:12,291 [DEBUG] yandextank.core.tankcore tankcore.py:286	Polling <yandextank.plugins.ShellExec.plugin.Plugin object at 0x718572318110>
2026-05-13 18:22:12,291 [DEBUG] yandextank.core.tankcore tankcore.py:286	Polling <yandextank.plugins.Console.plugin.Plugin object at 0x7185723185d0>
2026-05-13 18:22:12,291 [DEBUG] yandextank.plugins.Console.screen screen.py:389	Terminal size: 120x30
2026-05-13 18:22:12,291 [DEBUG] yandextank.plugins.Console.screen screen.py:401	Left/right panels width: 78/37
2026-05-13 18:22:12,291 [DEBUG] yandextank.plugins.Console.screen screen.py:406	There are 3 info widgets
2026-05-13 18:22:12,292 [DEBUG] yandextank.plugins.Console.screen screen.py:410	Rendering info widget #0: <yandextank.plugins.Phantom.widget.PhantomProgressBarWidget object at 0x7185722b9150>
2026-05-13 18:22:12,292 [DEBUG] yandextank.plugins.Console.screen screen.py:410	Rendering info widget #2: <yandextank.plugins.Phantom.widget.PhantomInfoWidget object at 0x7185722b9190>
2026-05-13 18:22:12,292 [DEBUG] yandextank.plugins.Console.screen screen.py:410	Rendering info widget #25: <yandextank.plugins.Autostop.plugin.AutostopWidget object at 0x7185722b9290>
2026-05-13 18:22:12,292 [DEBUG] yandextank.plugins.Console.screen screen.py:367	Rendering left blocks
2026-05-13 18:22:12,320 [DEBUG] yandextank.plugins.Console.screen screen.py:418	Composing final screen output
2026-05-13 18:22:12,320 [DEBUG] yandextank.core.tankcore tankcore.py:286	Polling <yandextank.plugins.RCAssert.plugin.Plugin object at 0x7185723189d0>
2026-05-13 18:22:12,320 [DEBUG] yandextank.core.tankcore tankcore.py:286	Polling <yandextank.plugins.ResourceCheck.plugin.Plugin object at 0x718572318890>
2026-05-13 18:22:12,320 [DEBUG] yandextank.plugins.Console.plugin plugin.py:73	Writing console view to STDOUT
2026-05-13 18:22:12,320 [DEBUG] yandextank.common.interfaces plugin.py:44	Checking tank resources...
2026-05-13 18:22:12,320 [DEBUG] yandextank.core.tankcore tankcore.py:286	Polling <yandextank.plugins.JsonReport.plugin.Plugin object at 0x71857263ba50>
2026-05-13 18:22:12,321 [DEBUG] yandextank.core.tankcore tankcore.py:292	Polling took 0.0312988758087
2026-05-13 18:22:12,321 [DEBUG] yandextank.core.tankcore tankcore.py:293	Tank status: {"core": {"stage": "shoot"}, "stepper": {"progress": 100, "loop_count": 349, "speed": "40 Krps"}, "Plugin": {"eta": 8}}
2026-05-13 18:22:12,790 [DEBUG] yandextank.aggregator.tank_aggregator tank_aggregator.py:87	Data timestamps: []
2026-05-13 18:22:12,790 [DEBUG] yandextank.aggregator.tank_aggregator tank_aggregator.py:88	Stats timestamps: []
2026-05-13 18:22:12,790 [DEBUG] yandextank.core.tankcore tankcore.py:286	Polling <yandextank.plugins.Phantom.plugin.Plugin object at 0x718572318290>
2026-05-13 18:22:12,790 [DEBUG] yandextank.common.interfaces interfaces.py:101	Publishing status: Plugin/eta: 8
2026-05-13 18:22:12,790 [DEBUG] yandextank.core.tankcore tankcore.py:286	Polling <yandextank.plugins.Autostop.plugin.Plugin object at 0x718572318990>
2026-05-13 18:22:12,790 [DEBUG] yandextank.core.tankcore tankcore.py:286	Polling <yandextank.plugins.ShellExec.plugin.Plugin object at 0x718572318110>
2026-05-13 18:22:12,790 [DEBUG] yandextank.core.tankcore tankcore.py:286	Polling <yandextank.plugins.Console.plugin.Plugin object at 0x7185723185d0>
2026-05-13 18:22:12,790 [DEBUG] yandextank.plugins.Console.screen screen.py:389	Terminal size: 120x30
2026-05-13 18:22:12,790 [DEBUG] yandextank.plugins.Console.screen screen.py:401	Left/right panels width: 78/37
2026-05-13 18:22:12,790 [DEBUG] yandextank.plugins.Console.screen screen.py:406	There are 3 info widgets
2026-05-13 18:22:12,790 [DEBUG] yandextank.plugins.Console.screen screen.py:410	Rendering info widget #0: <yandextank.plugins.Phantom.widget.PhantomProgressBarWidget object at 0x7185722b9150>
2026-05-13 18:22:12,791 [DEBUG] yandextank.plugins.Console.screen screen.py:410	Rendering info widget #2: <yandextank.plugins.Phantom.widget.PhantomInfoWidget object at 0x7185722b9190>
2026-05-13 18:22:12,791 [DEBUG] yandextank.plugins.Console.screen screen.py:410	Rendering info widget #25: <yandextank.plugins.Autostop.plugin.AutostopWidget object at 0x7185722b9290>
2026-05-13 18:22:12,791 [DEBUG] yandextank.plugins.Console.screen screen.py:367	Rendering left blocks
2026-05-13 18:22:12,819 [DEBUG] yandextank.plugins.Console.screen screen.py:418	Composing final screen output
2026-05-13 18:22:12,820 [DEBUG] yandextank.plugins.Console.plugin plugin.py:73	Writing console view to STDOUT
2026-05-13 18:22:12,820 [DEBUG] yandextank.core.tankcore tankcore.py:286	Polling <yandextank.plugins.RCAssert.plugin.Plugin object at 0x7185723189d0>
2026-05-13 18:22:12,820 [DEBUG] yandextank.core.tankcore tankcore.py:286	Polling <yandextank.plugins.ResourceCheck.plugin.Plugin object at 0x718572318890>
2026-05-13 18:22:12,820 [DEBUG] yandextank.common.interfaces plugin.py:44	Checking tank resources...
2026-05-13 18:22:12,820 [DEBUG] yandextank.core.tankcore tankcore.py:286	Polling <yandextank.plugins.JsonReport.plugin.Plugin object at 0x71857263ba50>
2026-05-13 18:22:12,820 [DEBUG] yandextank.core.tankcore tankcore.py:292	Polling took 0.0303881168365
2026-05-13 18:22:12,820 [DEBUG] yandextank.core.tankcore tankcore.py:293	Tank status: {"core": {"stage": "shoot"}, "stepper": {"progress": 100, "loop_count": 349, "speed": "40 Krps"}, "Plugin": {"eta": 8}}
2026-05-13 18:22:13,138 [DEBUG] yandextank.plugins.Phantom.reader reader.py:62	Chunk decode time: 5.34ms
2026-05-13 18:22:13,149 [DEBUG] yandextank.aggregator.aggregator aggregator.py:157	Aggregation time: 5.22ms
2026-05-13 18:22:13,291 [DEBUG] yandextank.aggregator.tank_aggregator tank_aggregator.py:87	Data timestamps: [1778696530]
2026-05-13 18:22:13,291 [DEBUG] yandextank.aggregator.tank_aggregator tank_aggregator.py:88	Stats timestamps: [1778696531]
2026-05-13 18:22:13,291 [DEBUG] yandextank.plugins.Autostop.criterions criterions.py:95	HTTP codes matching mask 5xx: 0.0/0.1
2026-05-13 18:22:13,292 [DEBUG] yandextank.plugins.Phantom.plugin plugin.py:193	Processed ammo count: 792/
2026-05-13 18:22:13,292 [DEBUG] yandextank.core.tankcore tankcore.py:286	Polling <yandextank.plugins.Phantom.plugin.Plugin object at 0x718572318290>
2026-05-13 18:22:13,292 [DEBUG] yandextank.common.interfaces interfaces.py:101	Publishing status: Plugin/eta: 7
2026-05-13 18:22:13,292 [DEBUG] yandextank.core.tankcore tankcore.py:286	Polling <yandextank.plugins.Autostop.plugin.Plugin object at 0x718572318990>
2026-05-13 18:22:13,292 [DEBUG] yandextank.core.tankcore tankcore.py:286	Polling <yandextank.plugins.ShellExec.plugin.Plugin object at 0x718572318110>
2026-05-13 18:22:13,293 [DEBUG] yandextank.core.tankcore tankcore.py:286	Polling <yandextank.plugins.Console.plugin.Plugin object at 0x7185723185d0>
2026-05-13 18:22:13,293 [DEBUG] yandextank.plugins.Console.screen screen.py:389	Terminal size: 120x30
2026-05-13 18:22:13,293 [DEBUG] yandextank.plugins.Console.screen screen.py:401	Left/right panels width: 78/37
2026-05-13 18:22:13,293 [DEBUG] yandextank.plugins.Console.screen screen.py:406	There are 3 info widgets
2026-05-13 18:22:13,293 [DEBUG] yandextank.plugins.Console.screen screen.py:410	Rendering info widget #0: <yandextank.plugins.Phantom.widget.PhantomProgressBarWidget object at 0x7185722b9150>
2026-05-13 18:22:13,293 [DEBUG] yandextank.plugins.Console.screen screen.py:410	Rendering info widget #2: <yandextank.plugins.Phantom.widget.PhantomInfoWidget object at 0x7185722b9190>
2026-05-13 18:22:13,293 [DEBUG] yandextank.plugins.Console.screen screen.py:410	Rendering info widget #25: <yandextank.plugins.Autostop.plugin.AutostopWidget object at 0x7185722b9290>
2026-05-13 18:22:13,293 [DEBUG] yandextank.plugins.Console.screen screen.py:367	Rendering left blocks
2026-05-13 18:22:13,321 [DEBUG] yandextank.plugins.Console.screen screen.py:418	Composing final screen output
2026-05-13 18:22:13,321 [DEBUG] yandextank.core.tankcore tankcore.py:286	Polling <yandextank.plugins.RCAssert.plugin.Plugin object at 0x7185723189d0>
2026-05-13 18:22:13,321 [DEBUG] yandextank.plugins.Console.plugin plugin.py:73	Writing console view to STDOUT
2026-05-13 18:22:13,321 [DEBUG] yandextank.core.tankcore tankcore.py:286	Polling <yandextank.plugins.ResourceCheck.plugin.Plugin object at 0x718572318890>
2026-05-13 18:22:13,322 [DEBUG] yandextank.common.interfaces plugin.py:44	Checking tank resources...
2026-05-13 18:22:13,322 [DEBUG] yandextank.core.tankcore tankcore.py:286	Polling <yandextank.plugins.JsonReport.plugin.Plugin object at 0x71857263ba50>
2026-05-13 18:22:13,322 [DEBUG] yandextank.core.tankcore tankcore.py:292	Polling took 0.031289100647
2026-05-13 18:22:13,322 [DEBUG] yandextank.core.tankcore tankcore.py:293	Tank status: {"core": {"stage": "shoot"}, "stepper": {"progress": 100, "loop_count": 349, "speed": "40 Krps"}, "Plugin": {"eta": 7}}
2026-05-13 18:22:13,791 [DEBUG] yandextank.aggregator.tank_aggregator tank_aggregator.py:87	Data timestamps: []
2026-05-13 18:22:13,791 [DEBUG] yandextank.aggregator.tank_aggregator tank_aggregator.py:88	Stats timestamps: []
2026-05-13 18:22:13,791 [DEBUG] yandextank.core.tankcore tankcore.py:286	Polling <yandextank.plugins.Phantom.plugin.Plugin object at 0x718572318290>
2026-05-13 18:22:13,791 [DEBUG] yandextank.common.interfaces interfaces.py:101	Publishing status: Plugin/eta: 7
2026-05-13 18:22:13,791 [DEBUG] yandextank.core.tankcore tankcore.py:286	Polling <yandextank.plugins.Autostop.plugin.Plugin object at 0x718572318990>
2026-05-13 18:22:13,791 [DEBUG] yandextank.core.tankcore tankcore.py:286	Polling <yandextank.plugins.ShellExec.plugin.Plugin object at 0x718572318110>
2026-05-13 18:22:13,791 [DEBUG] yandextank.core.tankcore tankcore.py:286	Polling <yandextank.plugins.Console.plugin.Plugin object at 0x7185723185d0>
2026-05-13 18:22:13,791 [DEBUG] yandextank.plugins.Console.screen screen.py:389	Terminal size: 120x30
2026-05-13 18:22:13,791 [DEBUG] yandextank.plugins.Console.screen screen.py:401	Left/right panels width: 78/37
2026-05-13 18:22:13,792 [DEBUG] yandextank.plugins.Console.screen screen.py:406	There are 3 info widgets
2026-05-13 18:22:13,792 [DEBUG] yandextank.plugins.Console.screen screen.py:410	Rendering info widget #0: <yandextank.plugins.Phantom.widget.PhantomProgressBarWidget object at 0x7185722b9150>
2026-05-13 18:22:13,792 [DEBUG] yandextank.plugins.Console.screen screen.py:410	Rendering info widget #2: <yandextank.plugins.Phantom.widget.PhantomInfoWidget object at 0x7185722b9190>
2026-05-13 18:22:13,792 [DEBUG] yandextank.plugins.Console.screen screen.py:410	Rendering info widget #25: <yandextank.plugins.Autostop.plugin.AutostopWidget object at 0x7185722b9290>
2026-05-13 18:22:13,792 [DEBUG] yandextank.plugins.Console.screen screen.py:367	Rendering left blocks
2026-05-13 18:22:13,820 [DEBUG] yandextank.plugins.Console.screen screen.py:418	Composing final screen output
2026-05-13 18:22:13,821 [DEBUG] yandextank.core.tankcore tankcore.py:286	Polling <yandextank.plugins.RCAssert.plugin.Plugin object at 0x7185723189d0>
2026-05-13 18:22:13,821 [DEBUG] yandextank.core.tankcore tankcore.py:286	Polling <yandextank.plugins.ResourceCheck.plugin.Plugin object at 0x718572318890>
2026-05-13 18:22:13,821 [DEBUG] yandextank.plugins.Console.plugin plugin.py:73	Writing console view to STDOUT
2026-05-13 18:22:13,821 [DEBUG] yandextank.common.interfaces plugin.py:44	Checking tank resources...
2026-05-13 18:22:13,821 [DEBUG] yandextank.core.tankcore tankcore.py:286	Polling <yandextank.plugins.JsonReport.plugin.Plugin object at 0x71857263ba50>
2026-05-13 18:22:13,821 [DEBUG] yandextank.core.tankcore tankcore.py:292	Polling took 0.0301790237427
2026-05-13 18:22:13,821 [DEBUG] yandextank.core.tankcore tankcore.py:293	Tank status: {"core": {"stage": "shoot"}, "stepper": {"progress": 100, "loop_count": 349, "speed": "40 Krps"}, "Plugin": {"eta": 7}}
2026-05-13 18:22:14,155 [DEBUG] yandextank.plugins.Phantom.reader reader.py:62	Chunk decode time: 5.49ms
2026-05-13 18:22:14,167 [DEBUG] yandextank.aggregator.aggregator aggregator.py:157	Aggregation time: 5.76ms
2026-05-13 18:22:14,291 [DEBUG] yandextank.aggregator.tank_aggregator tank_aggregator.py:87	Data timestamps: [1778696531]
2026-05-13 18:22:14,292 [DEBUG] yandextank.aggregator.tank_aggregator tank_aggregator.py:88	Stats timestamps: [1778696532]
2026-05-13 18:22:14,292 [DEBUG] yandextank.plugins.Autostop.criterions criterions.py:95	HTTP codes matching mask 5xx: 0.0/0.1
2026-05-13 18:22:14,293 [DEBUG] yandextank.plugins.Phantom.plugin plugin.py:193	Processed ammo count: 818/
2026-05-13 18:22:14,293 [DEBUG] yandextank.core.tankcore tankcore.py:286	Polling <yandextank.plugins.Phantom.plugin.Plugin object at 0x718572318290>
2026-05-13 18:22:14,293 [DEBUG] yandextank.common.interfaces interfaces.py:101	Publishing status: Plugin/eta: 6
2026-05-13 18:22:14,293 [DEBUG] yandextank.core.tankcore tankcore.py:286	Polling <yandextank.plugins.Autostop.plugin.Plugin object at 0x718572318990>
2026-05-13 18:22:14,294 [DEBUG] yandextank.core.tankcore tankcore.py:286	Polling <yandextank.plugins.ShellExec.plugin.Plugin object at 0x718572318110>
2026-05-13 18:22:14,294 [DEBUG] yandextank.core.tankcore tankcore.py:286	Polling <yandextank.plugins.Console.plugin.Plugin object at 0x7185723185d0>
2026-05-13 18:22:14,294 [DEBUG] yandextank.plugins.Console.screen screen.py:389	Terminal size: 120x30
2026-05-13 18:22:14,294 [DEBUG] yandextank.plugins.Console.screen screen.py:401	Left/right panels width: 78/37
2026-05-13 18:22:14,294 [DEBUG] yandextank.plugins.Console.screen screen.py:406	There are 3 info widgets
2026-05-13 18:22:14,294 [DEBUG] yandextank.plugins.Console.screen screen.py:410	Rendering info widget #0: <yandextank.plugins.Phantom.widget.PhantomProgressBarWidget object at 0x7185722b9150>
2026-05-13 18:22:14,294 [DEBUG] yandextank.plugins.Console.screen screen.py:410	Rendering info widget #2: <yandextank.plugins.Phantom.widget.PhantomInfoWidget object at 0x7185722b9190>
2026-05-13 18:22:14,294 [DEBUG] yandextank.plugins.Console.screen screen.py:410	Rendering info widget #25: <yandextank.plugins.Autostop.plugin.AutostopWidget object at 0x7185722b9290>
2026-05-13 18:22:14,294 [DEBUG] yandextank.plugins.Console.screen screen.py:367	Rendering left blocks
2026-05-13 18:22:14,323 [DEBUG] yandextank.plugins.Console.screen screen.py:418	Composing final screen output
2026-05-13 18:22:14,323 [DEBUG] yandextank.core.tankcore tankcore.py:286	Polling <yandextank.plugins.RCAssert.plugin.Plugin object at 0x7185723189d0>
2026-05-13 18:22:14,323 [DEBUG] yandextank.core.tankcore tankcore.py:286	Polling <yandextank.plugins.ResourceCheck.plugin.Plugin object at 0x718572318890>
2026-05-13 18:22:14,323 [DEBUG] yandextank.common.interfaces plugin.py:44	Checking tank resources...
2026-05-13 18:22:14,323 [DEBUG] yandextank.core.tankcore tankcore.py:286	Polling <yandextank.plugins.JsonReport.plugin.Plugin object at 0x71857263ba50>
2026-05-13 18:22:14,323 [DEBUG] yandextank.plugins.Console.plugin plugin.py:73	Writing console view to STDOUT
2026-05-13 18:22:14,324 [DEBUG] yandextank.core.tankcore tankcore.py:292	Polling took 0.0321040153503
2026-05-13 18:22:14,324 [DEBUG] yandextank.core.tankcore tankcore.py:293	Tank status: {"core": {"stage": "shoot"}, "stepper": {"progress": 100, "loop_count": 349, "speed": "40 Krps"}, "Plugin": {"eta": 6}}
2026-05-13 18:22:14,792 [DEBUG] yandextank.aggregator.tank_aggregator tank_aggregator.py:87	Data timestamps: []
2026-05-13 18:22:14,792 [DEBUG] yandextank.aggregator.tank_aggregator tank_aggregator.py:88	Stats timestamps: []
2026-05-13 18:22:14,792 [DEBUG] yandextank.core.tankcore tankcore.py:286	Polling <yandextank.plugins.Phantom.plugin.Plugin object at 0x718572318290>
2026-05-13 18:22:14,792 [DEBUG] yandextank.common.interfaces interfaces.py:101	Publishing status: Plugin/eta: 6
2026-05-13 18:22:14,792 [DEBUG] yandextank.core.tankcore tankcore.py:286	Polling <yandextank.plugins.Autostop.plugin.Plugin object at 0x718572318990>
2026-05-13 18:22:14,793 [DEBUG] yandextank.core.tankcore tankcore.py:286	Polling <yandextank.plugins.ShellExec.plugin.Plugin object at 0x718572318110>
2026-05-13 18:22:14,793 [DEBUG] yandextank.core.tankcore tankcore.py:286	Polling <yandextank.plugins.Console.plugin.Plugin object at 0x7185723185d0>
2026-05-13 18:22:14,793 [DEBUG] yandextank.plugins.Console.screen screen.py:389	Terminal size: 120x30
2026-05-13 18:22:14,793 [DEBUG] yandextank.plugins.Console.screen screen.py:401	Left/right panels width: 78/37
2026-05-13 18:22:14,793 [DEBUG] yandextank.plugins.Console.screen screen.py:406	There are 3 info widgets
2026-05-13 18:22:14,793 [DEBUG] yandextank.plugins.Console.screen screen.py:410	Rendering info widget #0: <yandextank.plugins.Phantom.widget.PhantomProgressBarWidget object at 0x7185722b9150>
2026-05-13 18:22:14,793 [DEBUG] yandextank.plugins.Console.screen screen.py:410	Rendering info widget #2: <yandextank.plugins.Phantom.widget.PhantomInfoWidget object at 0x7185722b9190>
2026-05-13 18:22:14,793 [DEBUG] yandextank.plugins.Console.screen screen.py:410	Rendering info widget #25: <yandextank.plugins.Autostop.plugin.AutostopWidget object at 0x7185722b9290>
2026-05-13 18:22:14,793 [DEBUG] yandextank.plugins.Console.screen screen.py:367	Rendering left blocks
2026-05-13 18:22:14,821 [DEBUG] yandextank.plugins.Console.screen screen.py:418	Composing final screen output
2026-05-13 18:22:14,821 [DEBUG] yandextank.core.tankcore tankcore.py:286	Polling <yandextank.plugins.RCAssert.plugin.Plugin object at 0x7185723189d0>
2026-05-13 18:22:14,821 [DEBUG] yandextank.plugins.Console.plugin plugin.py:73	Writing console view to STDOUT
2026-05-13 18:22:14,821 [DEBUG] yandextank.core.tankcore tankcore.py:286	Polling <yandextank.plugins.ResourceCheck.plugin.Plugin object at 0x718572318890>
2026-05-13 18:22:14,821 [DEBUG] yandextank.common.interfaces plugin.py:44	Checking tank resources...
2026-05-13 18:22:14,821 [DEBUG] yandextank.core.tankcore tankcore.py:286	Polling <yandextank.plugins.JsonReport.plugin.Plugin object at 0x71857263ba50>
2026-05-13 18:22:14,821 [DEBUG] yandextank.core.tankcore tankcore.py:292	Polling took 0.0292949676514
2026-05-13 18:22:14,822 [DEBUG] yandextank.core.tankcore tankcore.py:293	Tank status: {"core": {"stage": "shoot"}, "stepper": {"progress": 100, "loop_count": 349, "speed": "40 Krps"}, "Plugin": {"eta": 6}}
2026-05-13 18:22:15,173 [DEBUG] yandextank.plugins.Phantom.reader reader.py:62	Chunk decode time: 5.39ms
2026-05-13 18:22:15,185 [DEBUG] yandextank.aggregator.aggregator aggregator.py:157	Aggregation time: 5.65ms
2026-05-13 18:22:15,293 [DEBUG] yandextank.aggregator.tank_aggregator tank_aggregator.py:87	Data timestamps: [1778696532]
2026-05-13 18:22:15,293 [DEBUG] yandextank.aggregator.tank_aggregator tank_aggregator.py:88	Stats timestamps: [1778696533]
2026-05-13 18:22:15,293 [DEBUG] yandextank.plugins.Autostop.criterions criterions.py:95	HTTP codes matching mask 5xx: 0.0/0.1
2026-05-13 18:22:15,294 [DEBUG] yandextank.plugins.Phantom.plugin plugin.py:193	Processed ammo count: 845/
2026-05-13 18:22:15,295 [DEBUG] yandextank.core.tankcore tankcore.py:286	Polling <yandextank.plugins.Phantom.plugin.Plugin object at 0x718572318290>
2026-05-13 18:22:15,295 [DEBUG] yandextank.common.interfaces interfaces.py:101	Publishing status: Plugin/eta: 5
2026-05-13 18:22:15,295 [DEBUG] yandextank.core.tankcore tankcore.py:286	Polling <yandextank.plugins.Autostop.plugin.Plugin object at 0x718572318990>
2026-05-13 18:22:15,295 [DEBUG] yandextank.core.tankcore tankcore.py:286	Polling <yandextank.plugins.ShellExec.plugin.Plugin object at 0x718572318110>
2026-05-13 18:22:15,295 [DEBUG] yandextank.core.tankcore tankcore.py:286	Polling <yandextank.plugins.Console.plugin.Plugin object at 0x7185723185d0>
2026-05-13 18:22:15,295 [DEBUG] yandextank.plugins.Console.screen screen.py:389	Terminal size: 120x30
2026-05-13 18:22:15,295 [DEBUG] yandextank.plugins.Console.screen screen.py:401	Left/right panels width: 78/37
2026-05-13 18:22:15,295 [DEBUG] yandextank.plugins.Console.screen screen.py:406	There are 3 info widgets
2026-05-13 18:22:15,295 [DEBUG] yandextank.plugins.Console.screen screen.py:410	Rendering info widget #0: <yandextank.plugins.Phantom.widget.PhantomProgressBarWidget object at 0x7185722b9150>
2026-05-13 18:22:15,295 [DEBUG] yandextank.plugins.Console.screen screen.py:410	Rendering info widget #2: <yandextank.plugins.Phantom.widget.PhantomInfoWidget object at 0x7185722b9190>
2026-05-13 18:22:15,295 [DEBUG] yandextank.plugins.Console.screen screen.py:410	Rendering info widget #25: <yandextank.plugins.Autostop.plugin.AutostopWidget object at 0x7185722b9290>
2026-05-13 18:22:15,295 [DEBUG] yandextank.plugins.Console.screen screen.py:367	Rendering left blocks
2026-05-13 18:22:15,324 [DEBUG] yandextank.plugins.Console.screen screen.py:418	Composing final screen output
2026-05-13 18:22:15,324 [DEBUG] yandextank.core.tankcore tankcore.py:286	Polling <yandextank.plugins.RCAssert.plugin.Plugin object at 0x7185723189d0>
2026-05-13 18:22:15,324 [DEBUG] yandextank.plugins.Console.plugin plugin.py:73	Writing console view to STDOUT
2026-05-13 18:22:15,325 [DEBUG] yandextank.core.tankcore tankcore.py:286	Polling <yandextank.plugins.ResourceCheck.plugin.Plugin object at 0x718572318890>
2026-05-13 18:22:15,325 [DEBUG] yandextank.common.interfaces plugin.py:44	Checking tank resources...
2026-05-13 18:22:15,325 [DEBUG] yandextank.core.tankcore tankcore.py:286	Polling <yandextank.plugins.JsonReport.plugin.Plugin object at 0x71857263ba50>
2026-05-13 18:22:15,325 [DEBUG] yandextank.core.tankcore tankcore.py:292	Polling took 0.0323829650879
2026-05-13 18:22:15,325 [DEBUG] yandextank.core.tankcore tankcore.py:293	Tank status: {"core": {"stage": "shoot"}, "stepper": {"progress": 100, "loop_count": 349, "speed": "40 Krps"}, "Plugin": {"eta": 5}}
2026-05-13 18:22:15,793 [DEBUG] yandextank.aggregator.tank_aggregator tank_aggregator.py:87	Data timestamps: []
2026-05-13 18:22:15,794 [DEBUG] yandextank.aggregator.tank_aggregator tank_aggregator.py:88	Stats timestamps: []
2026-05-13 18:22:15,794 [DEBUG] yandextank.core.tankcore tankcore.py:286	Polling <yandextank.plugins.Phantom.plugin.Plugin object at 0x718572318290>
2026-05-13 18:22:15,794 [DEBUG] yandextank.common.interfaces interfaces.py:101	Publishing status: Plugin/eta: 5
2026-05-13 18:22:15,794 [DEBUG] yandextank.core.tankcore tankcore.py:286	Polling <yandextank.plugins.Autostop.plugin.Plugin object at 0x718572318990>
2026-05-13 18:22:15,794 [DEBUG] yandextank.core.tankcore tankcore.py:286	Polling <yandextank.plugins.ShellExec.plugin.Plugin object at 0x718572318110>
2026-05-13 18:22:15,794 [DEBUG] yandextank.core.tankcore tankcore.py:286	Polling <yandextank.plugins.Console.plugin.Plugin object at 0x7185723185d0>
2026-05-13 18:22:15,794 [DEBUG] yandextank.plugins.Console.screen screen.py:389	Terminal size: 120x30
2026-05-13 18:22:15,794 [DEBUG] yandextank.plugins.Console.screen screen.py:401	Left/right panels width: 78/37
2026-05-13 18:22:15,794 [DEBUG] yandextank.plugins.Console.screen screen.py:406	There are 3 info widgets
2026-05-13 18:22:15,794 [DEBUG] yandextank.plugins.Console.screen screen.py:410	Rendering info widget #0: <yandextank.plugins.Phantom.widget.PhantomProgressBarWidget object at 0x7185722b9150>
2026-05-13 18:22:15,794 [DEBUG] yandextank.plugins.Console.screen screen.py:410	Rendering info widget #2: <yandextank.plugins.Phantom.widget.PhantomInfoWidget object at 0x7185722b9190>
2026-05-13 18:22:15,794 [DEBUG] yandextank.plugins.Console.screen screen.py:410	Rendering info widget #25: <yandextank.plugins.Autostop.plugin.AutostopWidget object at 0x7185722b9290>
2026-05-13 18:22:15,794 [DEBUG] yandextank.plugins.Console.screen screen.py:367	Rendering left blocks
2026-05-13 18:22:15,824 [DEBUG] yandextank.plugins.Console.screen screen.py:418	Composing final screen output
2026-05-13 18:22:15,825 [DEBUG] yandextank.core.tankcore tankcore.py:286	Polling <yandextank.plugins.RCAssert.plugin.Plugin object at 0x7185723189d0>
2026-05-13 18:22:15,825 [DEBUG] yandextank.plugins.Console.plugin plugin.py:73	Writing console view to STDOUT
2026-05-13 18:22:15,825 [DEBUG] yandextank.core.tankcore tankcore.py:286	Polling <yandextank.plugins.ResourceCheck.plugin.Plugin object at 0x718572318890>
2026-05-13 18:22:15,825 [DEBUG] yandextank.common.interfaces plugin.py:44	Checking tank resources...
2026-05-13 18:22:15,825 [DEBUG] yandextank.core.tankcore tankcore.py:286	Polling <yandextank.plugins.JsonReport.plugin.Plugin object at 0x71857263ba50>
2026-05-13 18:22:15,825 [DEBUG] yandextank.core.tankcore tankcore.py:292	Polling took 0.0318720340729
2026-05-13 18:22:15,825 [DEBUG] yandextank.core.tankcore tankcore.py:293	Tank status: {"core": {"stage": "shoot"}, "stepper": {"progress": 100, "loop_count": 349, "speed": "40 Krps"}, "Plugin": {"eta": 5}}
2026-05-13 18:22:16,191 [DEBUG] yandextank.plugins.Phantom.reader reader.py:62	Chunk decode time: 5.53ms
2026-05-13 18:22:16,202 [DEBUG] yandextank.aggregator.aggregator aggregator.py:157	Aggregation time: 5.11ms
2026-05-13 18:22:16,294 [DEBUG] yandextank.aggregator.tank_aggregator tank_aggregator.py:87	Data timestamps: [1778696533]
2026-05-13 18:22:16,294 [DEBUG] yandextank.aggregator.tank_aggregator tank_aggregator.py:88	Stats timestamps: [1778696534]
2026-05-13 18:22:16,294 [DEBUG] yandextank.plugins.Autostop.criterions criterions.py:95	HTTP codes matching mask 5xx: 0.0/0.1
2026-05-13 18:22:16,296 [DEBUG] yandextank.plugins.Phantom.plugin plugin.py:193	Processed ammo count: 872/
2026-05-13 18:22:16,296 [DEBUG] yandextank.core.tankcore tankcore.py:286	Polling <yandextank.plugins.Phantom.plugin.Plugin object at 0x718572318290>
2026-05-13 18:22:16,296 [DEBUG] yandextank.common.interfaces interfaces.py:101	Publishing status: Plugin/eta: 4
2026-05-13 18:22:16,296 [DEBUG] yandextank.core.tankcore tankcore.py:286	Polling <yandextank.plugins.Autostop.plugin.Plugin object at 0x718572318990>
2026-05-13 18:22:16,296 [DEBUG] yandextank.core.tankcore tankcore.py:286	Polling <yandextank.plugins.ShellExec.plugin.Plugin object at 0x718572318110>
2026-05-13 18:22:16,296 [DEBUG] yandextank.core.tankcore tankcore.py:286	Polling <yandextank.plugins.Console.plugin.Plugin object at 0x7185723185d0>
2026-05-13 18:22:16,296 [DEBUG] yandextank.plugins.Console.screen screen.py:389	Terminal size: 120x30
2026-05-13 18:22:16,296 [DEBUG] yandextank.plugins.Console.screen screen.py:401	Left/right panels width: 78/37
2026-05-13 18:22:16,296 [DEBUG] yandextank.plugins.Console.screen screen.py:406	There are 3 info widgets
2026-05-13 18:22:16,296 [DEBUG] yandextank.plugins.Console.screen screen.py:410	Rendering info widget #0: <yandextank.plugins.Phantom.widget.PhantomProgressBarWidget object at 0x7185722b9150>
2026-05-13 18:22:16,296 [DEBUG] yandextank.plugins.Console.screen screen.py:410	Rendering info widget #2: <yandextank.plugins.Phantom.widget.PhantomInfoWidget object at 0x7185722b9190>
2026-05-13 18:22:16,296 [DEBUG] yandextank.plugins.Console.screen screen.py:410	Rendering info widget #25: <yandextank.plugins.Autostop.plugin.AutostopWidget object at 0x7185722b9290>
2026-05-13 18:22:16,296 [DEBUG] yandextank.plugins.Console.screen screen.py:367	Rendering left blocks
2026-05-13 18:22:16,327 [DEBUG] yandextank.plugins.Console.screen screen.py:418	Composing final screen output
2026-05-13 18:22:16,327 [DEBUG] yandextank.core.tankcore tankcore.py:286	Polling <yandextank.plugins.RCAssert.plugin.Plugin object at 0x7185723189d0>
2026-05-13 18:22:16,328 [DEBUG] yandextank.plugins.Console.plugin plugin.py:73	Writing console view to STDOUT
2026-05-13 18:22:16,328 [DEBUG] yandextank.core.tankcore tankcore.py:286	Polling <yandextank.plugins.ResourceCheck.plugin.Plugin object at 0x718572318890>
2026-05-13 18:22:16,328 [DEBUG] yandextank.common.interfaces plugin.py:44	Checking tank resources...
2026-05-13 18:22:16,328 [DEBUG] yandextank.core.tankcore tankcore.py:286	Polling <yandextank.plugins.JsonReport.plugin.Plugin object at 0x71857263ba50>
2026-05-13 18:22:16,328 [DEBUG] yandextank.core.tankcore tankcore.py:292	Polling took 0.0340671539307
2026-05-13 18:22:16,328 [DEBUG] yandextank.core.tankcore tankcore.py:293	Tank status: {"core": {"stage": "shoot"}, "stepper": {"progress": 100, "loop_count": 349, "speed": "40 Krps"}, "Plugin": {"eta": 4}}
2026-05-13 18:22:16,795 [DEBUG] yandextank.aggregator.tank_aggregator tank_aggregator.py:87	Data timestamps: []
2026-05-13 18:22:16,795 [DEBUG] yandextank.aggregator.tank_aggregator tank_aggregator.py:88	Stats timestamps: []
2026-05-13 18:22:16,795 [DEBUG] yandextank.core.tankcore tankcore.py:286	Polling <yandextank.plugins.Phantom.plugin.Plugin object at 0x718572318290>
2026-05-13 18:22:16,795 [DEBUG] yandextank.common.interfaces interfaces.py:101	Publishing status: Plugin/eta: 4
2026-05-13 18:22:16,795 [DEBUG] yandextank.core.tankcore tankcore.py:286	Polling <yandextank.plugins.Autostop.plugin.Plugin object at 0x718572318990>
2026-05-13 18:22:16,795 [DEBUG] yandextank.core.tankcore tankcore.py:286	Polling <yandextank.plugins.ShellExec.plugin.Plugin object at 0x718572318110>
2026-05-13 18:22:16,795 [DEBUG] yandextank.core.tankcore tankcore.py:286	Polling <yandextank.plugins.Console.plugin.Plugin object at 0x7185723185d0>
2026-05-13 18:22:16,795 [DEBUG] yandextank.plugins.Console.screen screen.py:389	Terminal size: 120x30
2026-05-13 18:22:16,795 [DEBUG] yandextank.plugins.Console.screen screen.py:401	Left/right panels width: 78/37
2026-05-13 18:22:16,795 [DEBUG] yandextank.plugins.Console.screen screen.py:406	There are 3 info widgets
2026-05-13 18:22:16,795 [DEBUG] yandextank.plugins.Console.screen screen.py:410	Rendering info widget #0: <yandextank.plugins.Phantom.widget.PhantomProgressBarWidget object at 0x7185722b9150>
2026-05-13 18:22:16,795 [DEBUG] yandextank.plugins.Console.screen screen.py:410	Rendering info widget #2: <yandextank.plugins.Phantom.widget.PhantomInfoWidget object at 0x7185722b9190>
2026-05-13 18:22:16,795 [DEBUG] yandextank.plugins.Console.screen screen.py:410	Rendering info widget #25: <yandextank.plugins.Autostop.plugin.AutostopWidget object at 0x7185722b9290>
2026-05-13 18:22:16,796 [DEBUG] yandextank.plugins.Console.screen screen.py:367	Rendering left blocks
2026-05-13 18:22:16,826 [DEBUG] yandextank.plugins.Console.screen screen.py:418	Composing final screen output
2026-05-13 18:22:16,826 [DEBUG] yandextank.core.tankcore tankcore.py:286	Polling <yandextank.plugins.RCAssert.plugin.Plugin object at 0x7185723189d0>
2026-05-13 18:22:16,826 [DEBUG] yandextank.core.tankcore tankcore.py:286	Polling <yandextank.plugins.ResourceCheck.plugin.Plugin object at 0x718572318890>
2026-05-13 18:22:16,827 [DEBUG] yandextank.common.interfaces plugin.py:44	Checking tank resources...
2026-05-13 18:22:16,827 [DEBUG] yandextank.plugins.Console.plugin plugin.py:73	Writing console view to STDOUT
2026-05-13 18:22:16,827 [DEBUG] yandextank.core.tankcore tankcore.py:286	Polling <yandextank.plugins.JsonReport.plugin.Plugin object at 0x71857263ba50>
2026-05-13 18:22:16,827 [DEBUG] yandextank.core.tankcore tankcore.py:292	Polling took 0.032105922699
2026-05-13 18:22:16,827 [DEBUG] yandextank.core.tankcore tankcore.py:293	Tank status: {"core": {"stage": "shoot"}, "stepper": {"progress": 100, "loop_count": 349, "speed": "40 Krps"}, "Plugin": {"eta": 4}}
2026-05-13 18:22:17,209 [DEBUG] yandextank.plugins.Phantom.reader reader.py:62	Chunk decode time: 5.36ms
2026-05-13 18:22:17,219 [DEBUG] yandextank.aggregator.aggregator aggregator.py:157	Aggregation time: 5.13ms
2026-05-13 18:22:17,295 [DEBUG] yandextank.aggregator.tank_aggregator tank_aggregator.py:87	Data timestamps: [1778696534]
2026-05-13 18:22:17,295 [DEBUG] yandextank.aggregator.tank_aggregator tank_aggregator.py:88	Stats timestamps: [1778696535]
2026-05-13 18:22:17,295 [DEBUG] yandextank.plugins.Autostop.criterions criterions.py:95	HTTP codes matching mask 5xx: 0.0/0.1
2026-05-13 18:22:17,297 [DEBUG] yandextank.plugins.Phantom.plugin plugin.py:193	Processed ammo count: 899/
2026-05-13 18:22:17,298 [DEBUG] yandextank.core.tankcore tankcore.py:286	Polling <yandextank.plugins.Phantom.plugin.Plugin object at 0x718572318290>
2026-05-13 18:22:17,298 [DEBUG] yandextank.common.interfaces interfaces.py:101	Publishing status: Plugin/eta: 3
2026-05-13 18:22:17,298 [DEBUG] yandextank.core.tankcore tankcore.py:286	Polling <yandextank.plugins.Autostop.plugin.Plugin object at 0x718572318990>
2026-05-13 18:22:17,298 [DEBUG] yandextank.core.tankcore tankcore.py:286	Polling <yandextank.plugins.ShellExec.plugin.Plugin object at 0x718572318110>
2026-05-13 18:22:17,298 [DEBUG] yandextank.core.tankcore tankcore.py:286	Polling <yandextank.plugins.Console.plugin.Plugin object at 0x7185723185d0>
2026-05-13 18:22:17,298 [DEBUG] yandextank.plugins.Console.screen screen.py:389	Terminal size: 120x30
2026-05-13 18:22:17,298 [DEBUG] yandextank.plugins.Console.screen screen.py:401	Left/right panels width: 78/37
2026-05-13 18:22:17,298 [DEBUG] yandextank.plugins.Console.screen screen.py:406	There are 3 info widgets
2026-05-13 18:22:17,298 [DEBUG] yandextank.plugins.Console.screen screen.py:410	Rendering info widget #0: <yandextank.plugins.Phantom.widget.PhantomProgressBarWidget object at 0x7185722b9150>
2026-05-13 18:22:17,298 [DEBUG] yandextank.plugins.Console.screen screen.py:410	Rendering info widget #2: <yandextank.plugins.Phantom.widget.PhantomInfoWidget object at 0x7185722b9190>
2026-05-13 18:22:17,298 [DEBUG] yandextank.plugins.Console.screen screen.py:410	Rendering info widget #25: <yandextank.plugins.Autostop.plugin.AutostopWidget object at 0x7185722b9290>
2026-05-13 18:22:17,298 [DEBUG] yandextank.plugins.Console.screen screen.py:367	Rendering left blocks
2026-05-13 18:22:17,329 [DEBUG] yandextank.plugins.Console.screen screen.py:418	Composing final screen output
2026-05-13 18:22:17,329 [DEBUG] yandextank.core.tankcore tankcore.py:286	Polling <yandextank.plugins.RCAssert.plugin.Plugin object at 0x7185723189d0>
2026-05-13 18:22:17,329 [DEBUG] yandextank.plugins.Console.plugin plugin.py:73	Writing console view to STDOUT
2026-05-13 18:22:17,329 [DEBUG] yandextank.core.tankcore tankcore.py:286	Polling <yandextank.plugins.ResourceCheck.plugin.Plugin object at 0x718572318890>
2026-05-13 18:22:17,330 [DEBUG] yandextank.common.interfaces plugin.py:44	Checking tank resources...
2026-05-13 18:22:17,330 [DEBUG] yandextank.core.tankcore tankcore.py:286	Polling <yandextank.plugins.JsonReport.plugin.Plugin object at 0x71857263ba50>
2026-05-13 18:22:17,330 [DEBUG] yandextank.core.tankcore tankcore.py:292	Polling took 0.0344731807709
2026-05-13 18:22:17,330 [DEBUG] yandextank.core.tankcore tankcore.py:293	Tank status: {"core": {"stage": "shoot"}, "stepper": {"progress": 100, "loop_count": 349, "speed": "40 Krps"}, "Plugin": {"eta": 3}}
2026-05-13 18:22:17,796 [DEBUG] yandextank.aggregator.tank_aggregator tank_aggregator.py:87	Data timestamps: []
2026-05-13 18:22:17,796 [DEBUG] yandextank.aggregator.tank_aggregator tank_aggregator.py:88	Stats timestamps: []
2026-05-13 18:22:17,796 [DEBUG] yandextank.core.tankcore tankcore.py:286	Polling <yandextank.plugins.Phantom.plugin.Plugin object at 0x718572318290>
2026-05-13 18:22:17,796 [DEBUG] yandextank.common.interfaces interfaces.py:101	Publishing status: Plugin/eta: 3
2026-05-13 18:22:17,796 [DEBUG] yandextank.core.tankcore tankcore.py:286	Polling <yandextank.plugins.Autostop.plugin.Plugin object at 0x718572318990>
2026-05-13 18:22:17,796 [DEBUG] yandextank.core.tankcore tankcore.py:286	Polling <yandextank.plugins.ShellExec.plugin.Plugin object at 0x718572318110>
2026-05-13 18:22:17,796 [DEBUG] yandextank.core.tankcore tankcore.py:286	Polling <yandextank.plugins.Console.plugin.Plugin object at 0x7185723185d0>
2026-05-13 18:22:17,796 [DEBUG] yandextank.plugins.Console.screen screen.py:389	Terminal size: 120x30
2026-05-13 18:22:17,796 [DEBUG] yandextank.plugins.Console.screen screen.py:401	Left/right panels width: 78/37
2026-05-13 18:22:17,796 [DEBUG] yandextank.plugins.Console.screen screen.py:406	There are 3 info widgets
2026-05-13 18:22:17,797 [DEBUG] yandextank.plugins.Console.screen screen.py:410	Rendering info widget #0: <yandextank.plugins.Phantom.widget.PhantomProgressBarWidget object at 0x7185722b9150>
2026-05-13 18:22:17,797 [DEBUG] yandextank.plugins.Console.screen screen.py:410	Rendering info widget #2: <yandextank.plugins.Phantom.widget.PhantomInfoWidget object at 0x7185722b9190>
2026-05-13 18:22:17,797 [DEBUG] yandextank.plugins.Console.screen screen.py:410	Rendering info widget #25: <yandextank.plugins.Autostop.plugin.AutostopWidget object at 0x7185722b9290>
2026-05-13 18:22:17,797 [DEBUG] yandextank.plugins.Console.screen screen.py:367	Rendering left blocks
2026-05-13 18:22:17,828 [DEBUG] yandextank.plugins.Console.screen screen.py:418	Composing final screen output
2026-05-13 18:22:17,828 [DEBUG] yandextank.core.tankcore tankcore.py:286	Polling <yandextank.plugins.RCAssert.plugin.Plugin object at 0x7185723189d0>
2026-05-13 18:22:17,828 [DEBUG] yandextank.core.tankcore tankcore.py:286	Polling <yandextank.plugins.ResourceCheck.plugin.Plugin object at 0x718572318890>
2026-05-13 18:22:17,828 [DEBUG] yandextank.plugins.Console.plugin plugin.py:73	Writing console view to STDOUT
2026-05-13 18:22:17,828 [DEBUG] yandextank.common.interfaces plugin.py:44	Checking tank resources...
2026-05-13 18:22:17,829 [DEBUG] yandextank.core.tankcore tankcore.py:286	Polling <yandextank.plugins.JsonReport.plugin.Plugin object at 0x71857263ba50>
2026-05-13 18:22:17,829 [DEBUG] yandextank.core.tankcore tankcore.py:292	Polling took 0.0327041149139
2026-05-13 18:22:17,829 [DEBUG] yandextank.core.tankcore tankcore.py:293	Tank status: {"core": {"stage": "shoot"}, "stepper": {"progress": 100, "loop_count": 349, "speed": "40 Krps"}, "Plugin": {"eta": 3}}
2026-05-13 18:22:18,226 [DEBUG] yandextank.plugins.Phantom.reader reader.py:62	Chunk decode time: 5.38ms
2026-05-13 18:22:18,237 [DEBUG] yandextank.aggregator.aggregator aggregator.py:157	Aggregation time: 5.17ms
2026-05-13 18:22:18,297 [DEBUG] yandextank.aggregator.tank_aggregator tank_aggregator.py:87	Data timestamps: [1778696535]
2026-05-13 18:22:18,297 [DEBUG] yandextank.aggregator.tank_aggregator tank_aggregator.py:88	Stats timestamps: [1778696536]
2026-05-13 18:22:18,297 [DEBUG] yandextank.plugins.Autostop.criterions criterions.py:95	HTTP codes matching mask 5xx: 0.0/0.1
2026-05-13 18:22:18,299 [DEBUG] yandextank.plugins.Phantom.plugin plugin.py:193	Processed ammo count: 928/
2026-05-13 18:22:18,299 [DEBUG] yandextank.core.tankcore tankcore.py:286	Polling <yandextank.plugins.Phantom.plugin.Plugin object at 0x718572318290>
2026-05-13 18:22:18,299 [DEBUG] yandextank.common.interfaces interfaces.py:101	Publishing status: Plugin/eta: 2
2026-05-13 18:22:18,299 [DEBUG] yandextank.core.tankcore tankcore.py:286	Polling <yandextank.plugins.Autostop.plugin.Plugin object at 0x718572318990>
2026-05-13 18:22:18,299 [DEBUG] yandextank.core.tankcore tankcore.py:286	Polling <yandextank.plugins.ShellExec.plugin.Plugin object at 0x718572318110>
2026-05-13 18:22:18,299 [DEBUG] yandextank.core.tankcore tankcore.py:286	Polling <yandextank.plugins.Console.plugin.Plugin object at 0x7185723185d0>
2026-05-13 18:22:18,299 [DEBUG] yandextank.plugins.Console.screen screen.py:389	Terminal size: 120x30
2026-05-13 18:22:18,299 [DEBUG] yandextank.plugins.Console.screen screen.py:401	Left/right panels width: 78/37
2026-05-13 18:22:18,299 [DEBUG] yandextank.plugins.Console.screen screen.py:406	There are 3 info widgets
2026-05-13 18:22:18,299 [DEBUG] yandextank.plugins.Console.screen screen.py:410	Rendering info widget #0: <yandextank.plugins.Phantom.widget.PhantomProgressBarWidget object at 0x7185722b9150>
2026-05-13 18:22:18,299 [DEBUG] yandextank.plugins.Console.screen screen.py:410	Rendering info widget #2: <yandextank.plugins.Phantom.widget.PhantomInfoWidget object at 0x7185722b9190>
2026-05-13 18:22:18,299 [DEBUG] yandextank.plugins.Console.screen screen.py:410	Rendering info widget #25: <yandextank.plugins.Autostop.plugin.AutostopWidget object at 0x7185722b9290>
2026-05-13 18:22:18,299 [DEBUG] yandextank.plugins.Console.screen screen.py:367	Rendering left blocks
2026-05-13 18:22:18,330 [DEBUG] yandextank.plugins.Console.screen screen.py:418	Composing final screen output
2026-05-13 18:22:18,330 [DEBUG] yandextank.core.tankcore tankcore.py:286	Polling <yandextank.plugins.RCAssert.plugin.Plugin object at 0x7185723189d0>
2026-05-13 18:22:18,330 [DEBUG] yandextank.core.tankcore tankcore.py:286	Polling <yandextank.plugins.ResourceCheck.plugin.Plugin object at 0x718572318890>
2026-05-13 18:22:18,331 [DEBUG] yandextank.common.interfaces plugin.py:44	Checking tank resources...
2026-05-13 18:22:18,331 [DEBUG] yandextank.core.tankcore tankcore.py:286	Polling <yandextank.plugins.JsonReport.plugin.Plugin object at 0x71857263ba50>
2026-05-13 18:22:18,331 [DEBUG] yandextank.core.tankcore tankcore.py:292	Polling took 0.0342049598694
2026-05-13 18:22:18,331 [DEBUG] yandextank.plugins.Console.plugin plugin.py:73	Writing console view to STDOUT
2026-05-13 18:22:18,331 [DEBUG] yandextank.core.tankcore tankcore.py:293	Tank status: {"core": {"stage": "shoot"}, "stepper": {"progress": 100, "loop_count": 349, "speed": "40 Krps"}, "Plugin": {"eta": 2}}
2026-05-13 18:22:18,798 [DEBUG] yandextank.aggregator.tank_aggregator tank_aggregator.py:87	Data timestamps: []
2026-05-13 18:22:18,798 [DEBUG] yandextank.aggregator.tank_aggregator tank_aggregator.py:88	Stats timestamps: []
2026-05-13 18:22:18,798 [DEBUG] yandextank.core.tankcore tankcore.py:286	Polling <yandextank.plugins.Phantom.plugin.Plugin object at 0x718572318290>
2026-05-13 18:22:18,798 [DEBUG] yandextank.common.interfaces interfaces.py:101	Publishing status: Plugin/eta: 2
2026-05-13 18:22:18,798 [DEBUG] yandextank.core.tankcore tankcore.py:286	Polling <yandextank.plugins.Autostop.plugin.Plugin object at 0x718572318990>
2026-05-13 18:22:18,798 [DEBUG] yandextank.core.tankcore tankcore.py:286	Polling <yandextank.plugins.ShellExec.plugin.Plugin object at 0x718572318110>
2026-05-13 18:22:18,798 [DEBUG] yandextank.core.tankcore tankcore.py:286	Polling <yandextank.plugins.Console.plugin.Plugin object at 0x7185723185d0>
2026-05-13 18:22:18,798 [DEBUG] yandextank.plugins.Console.screen screen.py:389	Terminal size: 120x30
2026-05-13 18:22:18,798 [DEBUG] yandextank.plugins.Console.screen screen.py:401	Left/right panels width: 78/37
2026-05-13 18:22:18,798 [DEBUG] yandextank.plugins.Console.screen screen.py:406	There are 3 info widgets
2026-05-13 18:22:18,798 [DEBUG] yandextank.plugins.Console.screen screen.py:410	Rendering info widget #0: <yandextank.plugins.Phantom.widget.PhantomProgressBarWidget object at 0x7185722b9150>
2026-05-13 18:22:18,798 [DEBUG] yandextank.plugins.Console.screen screen.py:410	Rendering info widget #2: <yandextank.plugins.Phantom.widget.PhantomInfoWidget object at 0x7185722b9190>
2026-05-13 18:22:18,798 [DEBUG] yandextank.plugins.Console.screen screen.py:410	Rendering info widget #25: <yandextank.plugins.Autostop.plugin.AutostopWidget object at 0x7185722b9290>
2026-05-13 18:22:18,798 [DEBUG] yandextank.plugins.Console.screen screen.py:367	Rendering left blocks
2026-05-13 18:22:18,829 [DEBUG] yandextank.plugins.Console.screen screen.py:418	Composing final screen output
2026-05-13 18:22:18,829 [DEBUG] yandextank.core.tankcore tankcore.py:286	Polling <yandextank.plugins.RCAssert.plugin.Plugin object at 0x7185723189d0>
2026-05-13 18:22:18,830 [DEBUG] yandextank.plugins.Console.plugin plugin.py:73	Writing console view to STDOUT
2026-05-13 18:22:18,830 [DEBUG] yandextank.core.tankcore tankcore.py:286	Polling <yandextank.plugins.ResourceCheck.plugin.Plugin object at 0x718572318890>
2026-05-13 18:22:18,830 [DEBUG] yandextank.common.interfaces plugin.py:44	Checking tank resources...
2026-05-13 18:22:18,830 [DEBUG] yandextank.core.tankcore tankcore.py:286	Polling <yandextank.plugins.JsonReport.plugin.Plugin object at 0x71857263ba50>
2026-05-13 18:22:18,830 [DEBUG] yandextank.core.tankcore tankcore.py:292	Polling took 0.0322840213776
2026-05-13 18:22:18,830 [DEBUG] yandextank.core.tankcore tankcore.py:293	Tank status: {"core": {"stage": "shoot"}, "stepper": {"progress": 100, "loop_count": 349, "speed": "40 Krps"}, "Plugin": {"eta": 2}}
2026-05-13 18:22:19,244 [DEBUG] yandextank.plugins.Phantom.reader reader.py:62	Chunk decode time: 5.41ms
2026-05-13 18:22:19,255 [DEBUG] yandextank.aggregator.aggregator aggregator.py:157	Aggregation time: 6.13ms
2026-05-13 18:22:19,298 [DEBUG] yandextank.aggregator.tank_aggregator tank_aggregator.py:87	Data timestamps: [1778696536]
2026-05-13 18:22:19,299 [DEBUG] yandextank.aggregator.tank_aggregator tank_aggregator.py:88	Stats timestamps: [1778696537]
2026-05-13 18:22:19,299 [DEBUG] yandextank.plugins.Autostop.criterions criterions.py:95	HTTP codes matching mask 5xx: 0.0/0.1
2026-05-13 18:22:19,300 [DEBUG] yandextank.plugins.Phantom.plugin plugin.py:193	Processed ammo count: 956/
2026-05-13 18:22:19,300 [DEBUG] yandextank.core.tankcore tankcore.py:286	Polling <yandextank.plugins.Phantom.plugin.Plugin object at 0x718572318290>
2026-05-13 18:22:19,300 [DEBUG] yandextank.common.interfaces interfaces.py:101	Publishing status: Plugin/eta: 1
2026-05-13 18:22:19,300 [DEBUG] yandextank.core.tankcore tankcore.py:286	Polling <yandextank.plugins.Autostop.plugin.Plugin object at 0x718572318990>
2026-05-13 18:22:19,300 [DEBUG] yandextank.core.tankcore tankcore.py:286	Polling <yandextank.plugins.ShellExec.plugin.Plugin object at 0x718572318110>
2026-05-13 18:22:19,301 [DEBUG] yandextank.core.tankcore tankcore.py:286	Polling <yandextank.plugins.Console.plugin.Plugin object at 0x7185723185d0>
2026-05-13 18:22:19,301 [DEBUG] yandextank.plugins.Console.screen screen.py:389	Terminal size: 120x30
2026-05-13 18:22:19,301 [DEBUG] yandextank.plugins.Console.screen screen.py:401	Left/right panels width: 78/37
2026-05-13 18:22:19,301 [DEBUG] yandextank.plugins.Console.screen screen.py:406	There are 3 info widgets
2026-05-13 18:22:19,301 [DEBUG] yandextank.plugins.Console.screen screen.py:410	Rendering info widget #0: <yandextank.plugins.Phantom.widget.PhantomProgressBarWidget object at 0x7185722b9150>
2026-05-13 18:22:19,301 [DEBUG] yandextank.plugins.Console.screen screen.py:410	Rendering info widget #2: <yandextank.plugins.Phantom.widget.PhantomInfoWidget object at 0x7185722b9190>
2026-05-13 18:22:19,301 [DEBUG] yandextank.plugins.Console.screen screen.py:410	Rendering info widget #25: <yandextank.plugins.Autostop.plugin.AutostopWidget object at 0x7185722b9290>
2026-05-13 18:22:19,301 [DEBUG] yandextank.plugins.Console.screen screen.py:367	Rendering left blocks
2026-05-13 18:22:19,332 [DEBUG] yandextank.plugins.Console.screen screen.py:418	Composing final screen output
2026-05-13 18:22:19,332 [DEBUG] yandextank.core.tankcore tankcore.py:286	Polling <yandextank.plugins.RCAssert.plugin.Plugin object at 0x7185723189d0>
2026-05-13 18:22:19,332 [DEBUG] yandextank.plugins.Console.plugin plugin.py:73	Writing console view to STDOUT
2026-05-13 18:22:19,332 [DEBUG] yandextank.core.tankcore tankcore.py:286	Polling <yandextank.plugins.ResourceCheck.plugin.Plugin object at 0x718572318890>
2026-05-13 18:22:19,332 [DEBUG] yandextank.common.interfaces plugin.py:44	Checking tank resources...
2026-05-13 18:22:19,332 [DEBUG] yandextank.core.tankcore tankcore.py:286	Polling <yandextank.plugins.JsonReport.plugin.Plugin object at 0x71857263ba50>
2026-05-13 18:22:19,332 [DEBUG] yandextank.core.tankcore tankcore.py:292	Polling took 0.0341060161591
2026-05-13 18:22:19,333 [DEBUG] yandextank.core.tankcore tankcore.py:293	Tank status: {"core": {"stage": "shoot"}, "stepper": {"progress": 100, "loop_count": 349, "speed": "40 Krps"}, "Plugin": {"eta": 1}}
2026-05-13 18:22:19,394 [WARNING] yandextank.core.tankcore tankcore.py:345	Interrupting
2026-05-13 18:22:19,799 [INFO] yandextank.core.tankcore tankcore.py:301	Finishing test...
2026-05-13 18:22:19,799 [INFO] yandextank.core.tankcore tankcore.py:303	Stopping load generator and aggregator
2026-05-13 18:22:19,799 [DEBUG] yandextank.plugins.Phantom.plugin plugin.py:176	Seems phantom finished OK
2026-05-13 18:22:19,800 [DEBUG] yandextank.aggregator.tank_aggregator tank_aggregator.py:123	Closing stats reader
2026-05-13 18:22:19,800 [DEBUG] yandextank.aggregator.tank_aggregator tank_aggregator.py:126	Waiting for gun drain to finish
2026-05-13 18:22:20,262 [DEBUG] yandextank.plugins.Phantom.reader reader.py:62	Chunk decode time: 5.58ms
2026-05-13 18:22:21,277 [DEBUG] yandextank.aggregator.aggregator aggregator.py:157	Aggregation time: 4.89ms
2026-05-13 18:22:21,285 [DEBUG] yandextank.aggregator.aggregator aggregator.py:157	Aggregation time: 5.74ms
2026-05-13 18:22:21,291 [DEBUG] yandextank.aggregator.aggregator aggregator.py:157	Aggregation time: 4.46ms
2026-05-13 18:22:21,291 [DEBUG] yandextank.aggregator.tank_aggregator tank_aggregator.py:128	Waiting for stats drain to finish
2026-05-13 18:22:21,291 [DEBUG] yandextank.aggregator.tank_aggregator tank_aggregator.py:130	Collecting remaining data
2026-05-13 18:22:21,291 [DEBUG] yandextank.aggregator.tank_aggregator tank_aggregator.py:87	Data timestamps: [1778696537, 1778696538, 1778696539]
2026-05-13 18:22:21,291 [DEBUG] yandextank.aggregator.tank_aggregator tank_aggregator.py:88	Stats timestamps: [1778696538]
2026-05-13 18:22:21,291 [DEBUG] yandextank.plugins.Autostop.criterions criterions.py:95	HTTP codes matching mask 5xx: 0.0/0.1
2026-05-13 18:22:21,293 [DEBUG] yandextank.plugins.Phantom.plugin plugin.py:193	Processed ammo count: 985/
2026-05-13 18:22:21,293 [DEBUG] yandextank.plugins.Autostop.criterions criterions.py:95	HTTP codes matching mask 5xx: 0.0/0.1
2026-05-13 18:22:21,294 [DEBUG] yandextank.plugins.Phantom.plugin plugin.py:193	Processed ammo count: 1014/
2026-05-13 18:22:21,294 [INFO] yandextank.aggregator.tank_aggregator tank_aggregator.py:108	Timestamps without stats:
2026-05-13 18:22:21,294 [INFO] yandextank.aggregator.tank_aggregator tank_aggregator.py:110	1778696539
2026-05-13 18:22:21,294 [DEBUG] yandextank.plugins.Autostop.criterions criterions.py:95	HTTP codes matching mask 5xx: 0.0/0.1
2026-05-13 18:22:21,295 [DEBUG] yandextank.plugins.Phantom.plugin plugin.py:193	Processed ammo count: 1026/
2026-05-13 18:22:21,295 [DEBUG] yandextank.core.tankcore tankcore.py:305	RC after: 1
2026-05-13 18:22:21,295 [INFO] yandextank.core.tankcore tankcore.py:307	Stopping monitoring
2026-05-13 18:22:21,296 [DEBUG] yandextank.core.tankcore tankcore.py:315	Finalize <yandextank.plugins.Autostop.plugin.Plugin object at 0x718572318990>
2026-05-13 18:22:21,296 [DEBUG] yandextank.core.tankcore tankcore.py:317	RC before: 1
2026-05-13 18:22:21,296 [DEBUG] yandextank.core.tankcore tankcore.py:319	RC after: 1
2026-05-13 18:22:21,296 [DEBUG] yandextank.core.tankcore tankcore.py:315	Finalize <yandextank.plugins.ShellExec.plugin.Plugin object at 0x718572318110>
2026-05-13 18:22:21,296 [DEBUG] yandextank.core.tankcore tankcore.py:317	RC before: 1
2026-05-13 18:22:21,296 [DEBUG] yandextank.core.tankcore tankcore.py:319	RC after: 1
2026-05-13 18:22:21,296 [DEBUG] yandextank.core.tankcore tankcore.py:315	Finalize <yandextank.plugins.Console.plugin.Plugin object at 0x7185723185d0>
2026-05-13 18:22:21,296 [DEBUG] yandextank.core.tankcore tankcore.py:317	RC before: 1
2026-05-13 18:22:21,296 [DEBUG] yandextank.core.tankcore tankcore.py:319	RC after: 1
2026-05-13 18:22:21,296 [DEBUG] yandextank.core.tankcore tankcore.py:315	Finalize <yandextank.plugins.RCAssert.plugin.Plugin object at 0x7185723189d0>
2026-05-13 18:22:21,296 [DEBUG] yandextank.core.tankcore tankcore.py:317	RC before: 1
2026-05-13 18:22:21,296 [DEBUG] yandextank.core.tankcore tankcore.py:319	RC after: 1
2026-05-13 18:22:21,296 [DEBUG] yandextank.core.tankcore tankcore.py:315	Finalize <yandextank.plugins.ResourceCheck.plugin.Plugin object at 0x718572318890>
2026-05-13 18:22:21,296 [DEBUG] yandextank.core.tankcore tankcore.py:317	RC before: 1
2026-05-13 18:22:21,296 [DEBUG] yandextank.core.tankcore tankcore.py:319	RC after: 1
2026-05-13 18:22:21,296 [DEBUG] yandextank.core.tankcore tankcore.py:315	Finalize <yandextank.plugins.JsonReport.plugin.Plugin object at 0x71857263ba50>
2026-05-13 18:22:21,296 [DEBUG] yandextank.core.tankcore tankcore.py:317	RC before: 1
2026-05-13 18:22:21,296 [DEBUG] yandextank.core.tankcore tankcore.py:319	RC after: 1
2026-05-13 18:22:21,296 [INFO] yandextank.core.tankcore tankcore.py:330	Post-processing test...
2026-05-13 18:22:21,296 [DEBUG] yandextank.core.tankcore tankcore.py:333	Post-process <yandextank.plugins.Phantom.plugin.Plugin object at 0x718572318290>
2026-05-13 18:22:21,296 [DEBUG] yandextank.core.tankcore tankcore.py:335	RC before: 1
2026-05-13 18:22:21,296 [DEBUG] yandextank.core.tankcore tankcore.py:337	RC after: 1
2026-05-13 18:22:21,296 [DEBUG] yandextank.core.tankcore tankcore.py:333	Post-process <yandextank.plugins.Autostop.plugin.Plugin object at 0x718572318990>
2026-05-13 18:22:21,297 [DEBUG] yandextank.core.tankcore tankcore.py:335	RC before: 1
2026-05-13 18:22:21,297 [DEBUG] yandextank.core.tankcore tankcore.py:337	RC after: 1
2026-05-13 18:22:21,297 [DEBUG] yandextank.core.tankcore tankcore.py:333	Post-process <yandextank.plugins.ShellExec.plugin.Plugin object at 0x718572318110>
2026-05-13 18:22:21,297 [DEBUG] yandextank.core.tankcore tankcore.py:335	RC before: 1
2026-05-13 18:22:21,297 [DEBUG] yandextank.core.tankcore tankcore.py:337	RC after: 1
2026-05-13 18:22:21,297 [DEBUG] yandextank.core.tankcore tankcore.py:333	Post-process <yandextank.plugins.Console.plugin.Plugin object at 0x7185723185d0>
2026-05-13 18:22:21,297 [DEBUG] yandextank.core.tankcore tankcore.py:335	RC before: 1
2026-05-13 18:22:21,297 [DEBUG] yandextank.core.tankcore tankcore.py:337	RC after: 1
2026-05-13 18:22:21,297 [DEBUG] yandextank.core.tankcore tankcore.py:333	Post-process <yandextank.plugins.RCAssert.plugin.Plugin object at 0x7185723189d0>
2026-05-13 18:22:21,297 [DEBUG] yandextank.core.tankcore tankcore.py:335	RC before: 1
2026-05-13 18:22:21,297 [DEBUG] yandextank.core.tankcore tankcore.py:337	RC after: 1
2026-05-13 18:22:21,297 [DEBUG] yandextank.core.tankcore tankcore.py:333	Post-process <yandextank.plugins.ResourceCheck.plugin.Plugin object at 0x718572318890>
2026-05-13 18:22:21,297 [DEBUG] yandextank.core.tankcore tankcore.py:335	RC before: 1
2026-05-13 18:22:21,297 [DEBUG] yandextank.core.tankcore tankcore.py:337	RC after: 1
2026-05-13 18:22:21,297 [DEBUG] yandextank.core.tankcore tankcore.py:333	Post-process <yandextank.plugins.JsonReport.plugin.Plugin object at 0x71857263ba50>
2026-05-13 18:22:21,297 [DEBUG] yandextank.core.tankcore tankcore.py:335	RC before: 1
2026-05-13 18:22:21,297 [DEBUG] yandextank.core.tankcore tankcore.py:337	RC after: 1
2026-05-13 18:22:21,297 [INFO] root consoleworker.py:269	Trying to clean up
2026-05-13 18:22:21,297 [INFO] yandextank.core.tankcore tankcore.py:526	Cleaning up plugin plugin_phantom
2026-05-13 18:22:21,297 [INFO] yandextank.core.tankcore tankcore.py:526	Cleaning up plugin plugin_autostop
2026-05-13 18:22:21,297 [INFO] yandextank.core.tankcore tankcore.py:526	Cleaning up plugin plugin_shellexec
2026-05-13 18:22:21,297 [INFO] yandextank.core.tankcore tankcore.py:526	Cleaning up plugin plugin_console
2026-05-13 18:22:21,297 [INFO] yandextank.core.tankcore tankcore.py:526	Cleaning up plugin plugin_rcassert
2026-05-13 18:22:21,298 [INFO] yandextank.core.tankcore tankcore.py:526	Cleaning up plugin plugin_rcheck
2026-05-13 18:22:21,298 [INFO] yandextank.core.tankcore tankcore.py:526	Cleaning up plugin plugin_json_report
2026-05-13 18:22:21,298 [INFO] yandextank.core.tankcore tankcore.py:561	Releasing lock: /var/lock/lunapark_UDGAuP.lock
2026-05-13 18:22:21,298 [WARNING] root consoleworker.py:408	Job number is not available yet
2026-05-13 18:22:21,298 [WARNING] root consoleworker.py:415	Job number is not available yet
2026-05-13 18:22:21,299 [DEBUG] yandextank.core.tankcore tankcore.py:367	Collecting artifacts
2026-05-13 18:22:21,299 [INFO] yandextank.core.tankcore tankcore.py:368	Artifacts dir: /var/loadtest/logs/2026-05-13_18-21-20.124560
2026-05-13 18:22:21,299 [DEBUG] yandextank.core.tankcore tankcore.py:422	Collecting file: /var/loadtest/logs/2026-05-13_18-21-20.124560/phantom_76OP0K.conf to /var/loadtest/logs/2026-05-13_18-21-20.124560/phantom_76OP0K.conf
2026-05-13 18:22:21,299 [WARNING] yandextank.core.tankcore tankcore.py:429	File already exists: /var/loadtest/logs/2026-05-13_18-21-20.124560/phantom_76OP0K.conf
2026-05-13 18:22:21,299 [DEBUG] yandextank.core.tankcore tankcore.py:422	Collecting file: /var/loadtest/logs/2026-05-13_18-21-20.124560/answ_XIuTDY.log to /var/loadtest/logs/2026-05-13_18-21-20.124560/answ_XIuTDY.log
2026-05-13 18:22:21,299 [WARNING] yandextank.core.tankcore tankcore.py:429	File already exists: /var/loadtest/logs/2026-05-13_18-21-20.124560/answ_XIuTDY.log
2026-05-13 18:22:21,300 [DEBUG] yandextank.core.tankcore tankcore.py:422	Collecting file: /var/loadtest/logs/2026-05-13_18-21-20.124560/phantom_ei4vWv.log to /var/loadtest/logs/2026-05-13_18-21-20.124560/phantom_ei4vWv.log
2026-05-13 18:22:21,300 [WARNING] yandextank.core.tankcore tankcore.py:429	File already exists: /var/loadtest/logs/2026-05-13_18-21-20.124560/phantom_ei4vWv.log
2026-05-13 18:22:21,300 [DEBUG] yandextank.core.tankcore tankcore.py:422	Collecting file: /var/loadtest/logs/2026-05-13_18-21-20.124560/phantom_stat_tNj_To.log to /var/loadtest/logs/2026-05-13_18-21-20.124560/phantom_stat_tNj_To.log
2026-05-13 18:22:21,300 [WARNING] yandextank.core.tankcore tankcore.py:429	File already exists: /var/loadtest/logs/2026-05-13_18-21-20.124560/phantom_stat_tNj_To.log
2026-05-13 18:22:21,300 [DEBUG] yandextank.core.tankcore tankcore.py:422	Collecting file: validation_error.yaml to /var/loadtest/logs/2026-05-13_18-21-20.124560/validation_error.yaml
2026-05-13 18:22:21,300 [WARNING] yandextank.core.tankcore tankcore.py:424	File not found to collect: validation_error.yaml
2026-05-13 18:22:21,300 [DEBUG] yandextank.core.tankcore tankcore.py:422	Collecting file: /var/loadtest/logs/2026-05-13_18-21-20.124560/phout_3GH00Z.log to /var/loadtest/logs/2026-05-13_18-21-20.124560/phout_3GH00Z.log
2026-05-13 18:22:21,300 [WARNING] yandextank.core.tankcore tankcore.py:429	File already exists: /var/loadtest/logs/2026-05-13_18-21-20.124560/phout_3GH00Z.log
2026-05-13 18:22:21,300 [DEBUG] yandextank.core.tankcore tankcore.py:422	Collecting file: /var/loadtest/logs/2026-05-13_18-21-20.124560/phantom_stdout_stderr_lC30QI.log to /var/loadtest/logs/2026-05-13_18-21-20.124560/phantom_stdout_stderr_lC30QI.log
2026-05-13 18:22:21,300 [WARNING] yandextank.core.tankcore tankcore.py:429	File already exists: /var/loadtest/logs/2026-05-13_18-21-20.124560/phantom_stdout_stderr_lC30QI.log
